<?xml version="1.0" encoding="UTF-8"?>
<osm version="0.6" generator="Overpass API 0.7.62.11 87bfad18">
<note>The data included in this document is from www.openstreetmap.org. The data is made available under ODbL.</note>
<meta osm_base="2026-08-14T16:54:51Z"/>

  <bounds minlat="33.9176483" minlon="-6.8897800" maxlat="33.9218407" maxlon="-6.8855100"/>

  <node id="26576664" lat="33.9205399" lon="-6.8855386" version="4" timestamp="2019-08-21T10:54:03Z" changeset="73574723" uid="9535062" user="IleDeLaTortue"/>
  <node id="26576665" lat="33.9199105" lon="-6.8862196" version="3" timestamp="2013-04-03T22:26:58Z" changeset="15601681" uid="578772" user="alain2003"/>
  <node id="322701973" lat="33.9228807" lon="-6.8871000" version="5" timestamp="2019-11-08T23:31:31Z" changeset="76833295" uid="10147140" user="HenryFjord"/>
  <node id="1450908896" lat="33.8628114" lon="-6.8571590" version="1" timestamp="2011-10-01T16:42:52Z" changeset="9443940" uid="196617" user="demetrio_m">
    <tag k="power" v="tower"/>
  </node>
  <node id="1450908901" lat="33.8632920" lon="-6.8593051" version="1" timestamp="2011-10-01T16:42:52Z" changeset="9443940" uid="196617" user="demetrio_m">
    <tag k="power" v="tower"/>
  </node>
  <node id="1450918509" lat="33.8645117" lon="-6.8578237" version="1" timestamp="2011-10-01T17:01:10Z" changeset="9444080" uid="196617" user="demetrio_m">
    <tag k="power" v="tower"/>
  </node>
  <node id="1450918511" lat="33.8653715" lon="-6.8598678" version="1" timestamp="2011-10-01T17:01:10Z" changeset="9444080" uid="196617" user="demetrio_m">
    <tag k="power" v="tower"/>
  </node>
  <node id="1450918518" lat="33.8659209" lon="-6.8602350" version="1" timestamp="2011-10-01T17:01:10Z" changeset="9444080" uid="196617" user="demetrio_m">
    <tag k="power" v="tower"/>
  </node>
  <node id="1450918520" lat="33.8673085" lon="-6.8631823" version="1" timestamp="2011-10-01T17:01:10Z" changeset="9444080" uid="196617" user="demetrio_m">
    <tag k="power" v="tower"/>
  </node>
  <node id="1450918522" lat="33.8675541" lon="-6.8630251" version="1" timestamp="2011-10-01T17:01:10Z" changeset="9444080" uid="196617" user="demetrio_m">
    <tag k="power" v="tower"/>
  </node>
  <node id="1450920848" lat="33.8701884" lon="-6.8681490" version="1" timestamp="2011-10-01T17:04:50Z" changeset="9444123" uid="196617" user="demetrio_m">
    <tag k="power" v="tower"/>
  </node>
  <node id="1450920849" lat="33.8703082" lon="-6.8677539" version="1" timestamp="2011-10-01T17:04:50Z" changeset="9444123" uid="196617" user="demetrio_m">
    <tag k="power" v="tower"/>
  </node>
  <node id="1450920850" lat="33.8729864" lon="-6.8730084" version="1" timestamp="2011-10-01T17:04:50Z" changeset="9444123" uid="196617" user="demetrio_m">
    <tag k="power" v="tower"/>
  </node>
  <node id="1450920851" lat="33.8731993" lon="-6.8727398" version="1" timestamp="2011-10-01T17:04:50Z" changeset="9444123" uid="196617" user="demetrio_m">
    <tag k="power" v="tower"/>
  </node>
  <node id="1450924050" lat="33.8758834" lon="-6.8744352" version="1" timestamp="2011-10-01T17:07:23Z" changeset="9444142" uid="196617" user="demetrio_m">
    <tag k="power" v="tower"/>
  </node>
  <node id="1450924052" lat="33.8759513" lon="-6.8740951" version="1" timestamp="2011-10-01T17:07:23Z" changeset="9444142" uid="196617" user="demetrio_m">
    <tag k="power" v="tower"/>
  </node>
  <node id="1450924419" lat="33.8790869" lon="-6.8756318" version="1" timestamp="2011-10-01T17:07:48Z" changeset="9444148" uid="196617" user="demetrio_m">
    <tag k="power" v="tower"/>
  </node>
  <node id="1450924420" lat="33.8793630" lon="-6.8761155" version="1" timestamp="2011-10-01T17:07:48Z" changeset="9444148" uid="196617" user="demetrio_m">
    <tag k="power" v="tower"/>
  </node>
  <node id="1450924421" lat="33.8827954" lon="-6.8777970" version="1" timestamp="2011-10-01T17:07:48Z" changeset="9444148" uid="196617" user="demetrio_m">
    <tag k="power" v="tower"/>
  </node>
  <node id="1450924422" lat="33.8829627" lon="-6.8775136" version="1" timestamp="2011-10-01T17:07:49Z" changeset="9444148" uid="196617" user="demetrio_m">
    <tag k="power" v="tower"/>
  </node>
  <node id="1450924526" lat="33.8871292" lon="-6.8799211" version="1" timestamp="2011-10-01T17:08:34Z" changeset="9444154" uid="196617" user="demetrio_m">
    <tag k="power" v="tower"/>
  </node>
  <node id="1450924527" lat="33.8872505" lon="-6.8796206" version="1" timestamp="2011-10-01T17:08:34Z" changeset="9444154" uid="196617" user="demetrio_m">
    <tag k="power" v="tower"/>
  </node>
  <node id="1450924528" lat="33.8905766" lon="-6.8815704" version="1" timestamp="2011-10-01T17:08:34Z" changeset="9444154" uid="196617" user="demetrio_m">
    <tag k="power" v="tower"/>
  </node>
  <node id="1450924529" lat="33.8907083" lon="-6.8813007" version="1" timestamp="2011-10-01T17:08:34Z" changeset="9444154" uid="196617" user="demetrio_m">
    <tag k="power" v="tower"/>
  </node>
  <node id="1450924530" lat="33.8937576" lon="-6.8827626" version="1" timestamp="2011-10-01T17:08:34Z" changeset="9444154" uid="196617" user="demetrio_m">
    <tag k="power" v="tower"/>
  </node>
  <node id="1450924531" lat="33.8939957" lon="-6.8825245" version="1" timestamp="2011-10-01T17:08:34Z" changeset="9444154" uid="196617" user="demetrio_m">
    <tag k="power" v="tower"/>
  </node>
  <node id="1450924532" lat="33.8980082" lon="-6.8843503" version="1" timestamp="2011-10-01T17:08:34Z" changeset="9444154" uid="196617" user="demetrio_m">
    <tag k="power" v="tower"/>
  </node>
  <node id="1450924533" lat="33.8982294" lon="-6.8840839" version="1" timestamp="2011-10-01T17:08:34Z" changeset="9444154" uid="196617" user="demetrio_m">
    <tag k="power" v="tower"/>
  </node>
  <node id="1450925502" lat="33.9024666" lon="-6.8856427" version="1" timestamp="2011-10-01T17:10:23Z" changeset="9444162" uid="196617" user="demetrio_m">
    <tag k="power" v="tower"/>
  </node>
  <node id="1450925503" lat="33.9024777" lon="-6.8859511" version="1" timestamp="2011-10-01T17:10:23Z" changeset="9444162" uid="196617" user="demetrio_m">
    <tag k="power" v="tower"/>
  </node>
  <node id="1450925504" lat="33.9061772" lon="-6.8873454" version="1" timestamp="2011-10-01T17:10:23Z" changeset="9444162" uid="196617" user="demetrio_m">
    <tag k="power" v="tower"/>
  </node>
  <node id="1450925505" lat="33.9062207" lon="-6.8870050" version="1" timestamp="2011-10-01T17:10:23Z" changeset="9444162" uid="196617" user="demetrio_m">
    <tag k="power" v="tower"/>
  </node>
  <node id="1450925506" lat="33.9101431" lon="-6.8867247" version="1" timestamp="2011-10-01T17:10:23Z" changeset="9444162" uid="196617" user="demetrio_m">
    <tag k="power" v="tower"/>
  </node>
  <node id="1450925507" lat="33.9104157" lon="-6.8870359" version="1" timestamp="2011-10-01T17:10:23Z" changeset="9444162" uid="196617" user="demetrio_m">
    <tag k="power" v="tower"/>
  </node>
  <node id="1450925508" lat="33.9147265" lon="-6.8863376" version="1" timestamp="2011-10-01T17:10:23Z" changeset="9444162" uid="196617" user="demetrio_m">
    <tag k="power" v="tower"/>
  </node>
  <node id="1450925509" lat="33.9148065" lon="-6.8866882" version="1" timestamp="2011-10-01T17:10:23Z" changeset="9444162" uid="196617" user="demetrio_m">
    <tag k="power" v="tower"/>
  </node>
  <node id="1450925510" lat="33.9188572" lon="-6.8863304" version="1" timestamp="2011-10-01T17:10:23Z" changeset="9444162" uid="196617" user="demetrio_m">
    <tag k="power" v="tower"/>
  </node>
  <node id="1450925511" lat="33.9189470" lon="-6.8860002" version="1" timestamp="2011-10-01T17:10:23Z" changeset="9444162" uid="196617" user="demetrio_m">
    <tag k="power" v="tower"/>
  </node>
  <node id="1450925569" lat="33.9221297" lon="-6.8857588" version="1" timestamp="2011-10-01T17:10:55Z" changeset="9444169" uid="196617" user="demetrio_m">
    <tag k="power" v="tower"/>
  </node>
  <node id="1450925570" lat="33.9222079" lon="-6.8860591" version="1" timestamp="2011-10-01T17:10:55Z" changeset="9444169" uid="196617" user="demetrio_m">
    <tag k="power" v="tower"/>
  </node>
  <node id="1450925571" lat="33.9257842" lon="-6.8833070" version="1" timestamp="2011-10-01T17:10:55Z" changeset="9444169" uid="196617" user="demetrio_m">
    <tag k="power" v="tower"/>
  </node>
  <node id="1450925572" lat="33.9258184" lon="-6.8836661" version="1" timestamp="2011-10-01T17:10:55Z" changeset="9444169" uid="196617" user="demetrio_m">
    <tag k="power" v="tower"/>
  </node>
  <node id="1450926364" lat="33.9286645" lon="-6.8842158" version="1" timestamp="2011-10-01T17:11:50Z" changeset="9444177" uid="196617" user="demetrio_m">
    <tag k="power" v="tower"/>
  </node>
  <node id="1450926367" lat="33.9286725" lon="-6.8838951" version="1" timestamp="2011-10-01T17:11:50Z" changeset="9444177" uid="196617" user="demetrio_m">
    <tag k="power" v="tower"/>
  </node>
  <node id="1450926369" lat="33.9314066" lon="-6.8847619" version="1" timestamp="2011-10-01T17:11:50Z" changeset="9444177" uid="196617" user="demetrio_m">
    <tag k="power" v="tower"/>
  </node>
  <node id="1450926371" lat="33.9315194" lon="-6.8844665" version="1" timestamp="2011-10-01T17:11:50Z" changeset="9444177" uid="196617" user="demetrio_m">
    <tag k="power" v="tower"/>
  </node>
  <node id="1450926373" lat="33.9330338" lon="-6.8867349" version="1" timestamp="2011-10-01T17:11:50Z" changeset="9444177" uid="196617" user="demetrio_m">
    <tag k="power" v="tower"/>
  </node>
  <node id="1450926375" lat="33.9331786" lon="-6.8866059" version="1" timestamp="2011-10-01T17:11:50Z" changeset="9444177" uid="196617" user="demetrio_m">
    <tag k="power" v="tower"/>
  </node>
  <node id="1450927267" lat="33.9335516" lon="-6.8874566" version="1" timestamp="2011-10-01T17:12:26Z" changeset="9444181" uid="196617" user="demetrio_m"/>
  <node id="1450927270" lat="33.9336668" lon="-6.8873194" version="1" timestamp="2011-10-01T17:12:26Z" changeset="9444181" uid="196617" user="demetrio_m"/>
  <node id="1607983521" lat="33.9174919" lon="-6.8864100" version="2" timestamp="2013-04-03T22:26:59Z" changeset="15601681" uid="578772" user="alain2003"/>
  <node id="1607983653" lat="33.9220073" lon="-6.8892768" version="6" timestamp="2023-10-11T11:25:12Z" changeset="142432379" uid="15567285" user="Aya Samir"/>
  <node id="1607983685" lat="33.9139592" lon="-6.8867332" version="3" timestamp="2019-08-20T12:29:15Z" changeset="73537310" uid="9447012" user="Popolopen"/>
  <node id="1607983729" lat="33.9230187" lon="-6.8862645" version="3" timestamp="2019-08-21T10:54:03Z" changeset="73574723" uid="9535062" user="IleDeLaTortue"/>
  <node id="1607983768" lat="33.9226948" lon="-6.8860607" version="3" timestamp="2019-08-21T10:54:03Z" changeset="73574723" uid="9535062" user="IleDeLaTortue"/>
  <node id="1607983811" lat="33.9214785" lon="-6.8880080" version="2" timestamp="2019-08-21T10:24:41Z" changeset="73573501" uid="9535062" user="IleDeLaTortue"/>
  <node id="1607983829" lat="33.9210823" lon="-6.8869673" version="3" timestamp="2019-08-21T10:24:41Z" changeset="73573501" uid="9535062" user="IleDeLaTortue"/>
  <node id="1607984031" lat="33.9161538" lon="-6.8865342" version="2" timestamp="2013-04-03T22:26:59Z" changeset="15601681" uid="578772" user="alain2003"/>
  <node id="1607984045" lat="33.9151289" lon="-6.8866597" version="1" timestamp="2012-01-27T23:06:37Z" changeset="10517306" uid="578772" user="alain2003"/>
  <node id="1607984215" lat="33.9186814" lon="-6.8863183" version="2" timestamp="2013-04-03T22:26:59Z" changeset="15601681" uid="578772" user="alain2003"/>
  <node id="1607984221" lat="33.9200072" lon="-6.8899836" version="4" timestamp="2023-10-11T11:25:12Z" changeset="142432379" uid="15567285" user="Aya Samir"/>
  <node id="1607984235" lat="33.9207896" lon="-6.8895824" version="4" timestamp="2023-10-11T11:25:12Z" changeset="142432379" uid="15567285" user="Aya Samir"/>
  <node id="1607984319" lat="33.9146264" lon="-6.8866843" version="4" timestamp="2019-08-21T10:24:41Z" changeset="73573501" uid="9535062" user="IleDeLaTortue"/>
  <node id="1607984433" lat="33.9151929" lon="-6.8866307" version="4" timestamp="2019-08-21T10:24:41Z" changeset="73573501" uid="9535062" user="IleDeLaTortue"/>
  <node id="2247303489" lat="33.9212437" lon="-6.8900129" version="2" timestamp="2019-08-21T10:21:32Z" changeset="73573359" uid="9535062" user="IleDeLaTortue"/>
  <node id="2247303490" lat="33.9214062" lon="-6.8869190" version="2" timestamp="2019-08-21T10:54:03Z" changeset="73574723" uid="9535062" user="IleDeLaTortue"/>
  <node id="2247303492" lat="33.9197643" lon="-6.8862313" version="1" timestamp="2013-04-03T22:26:45Z" changeset="15601681" uid="578772" user="alain2003"/>
  <node id="2247303497" lat="33.9196634" lon="-6.8888877" version="4" timestamp="2019-08-21T11:08:23Z" changeset="73575248" uid="9535062" user="IleDeLaTortue"/>
  <node id="2247303506" lat="33.9172317" lon="-6.8864342" version="1" timestamp="2013-04-03T22:26:45Z" changeset="15601681" uid="578772" user="alain2003"/>
  <node id="2247303509" lat="33.9201218" lon="-6.8912278" version="3" timestamp="2019-11-08T16:58:50Z" changeset="76823075" uid="10147140" user="HenryFjord"/>
  <node id="2247303518" lat="33.9224233" lon="-6.8860245" version="2" timestamp="2019-08-21T10:54:03Z" changeset="73574723" uid="9535062" user="IleDeLaTortue"/>
  <node id="2247303530" lat="33.9210287" lon="-6.8895140" version="6" timestamp="2023-10-11T11:25:12Z" changeset="142432379" uid="15567285" user="Aya Samir"/>
  <node id="2247303535" lat="33.9175593" lon="-6.8900812" version="2" timestamp="2018-04-30T18:25:01Z" changeset="58563493" uid="5027347" user="zwaygp"/>
  <node id="2247303546" lat="33.9259825" lon="-6.8885813" version="2" timestamp="2019-08-28T13:47:16Z" changeset="73843196" uid="8559155" user="CR_cooks"/>
  <node id="2247303555" lat="33.9177377" lon="-6.8938344" version="5" timestamp="2019-11-08T16:58:50Z" changeset="76823075" uid="10147140" user="HenryFjord"/>
  <node id="2247303571" lat="33.9214318" lon="-6.8878900" version="2" timestamp="2019-08-21T10:24:41Z" changeset="73573501" uid="9535062" user="IleDeLaTortue"/>
  <node id="2247303580" lat="33.9178495" lon="-6.8885578" version="4" timestamp="2022-04-19T05:06:00Z" changeset="119886334" uid="15008581" user="Potter_Gang"/>
  <node id="2247303581" lat="33.9207674" lon="-6.8861532" version="2" timestamp="2019-08-21T10:24:41Z" changeset="73573501" uid="9535062" user="IleDeLaTortue"/>
  <node id="2247303605" lat="33.9165885" lon="-6.8901806" version="3" timestamp="2022-04-19T05:17:44Z" changeset="119886660" uid="15008581" user="Potter_Gang"/>
  <node id="2247303608" lat="33.9200926" lon="-6.8899315" version="3" timestamp="2023-10-11T11:25:12Z" changeset="142432379" uid="15567285" user="Aya Samir"/>
  <node id="2247303609" lat="33.9187033" lon="-6.8894479" version="2" timestamp="2018-04-30T18:25:01Z" changeset="58563493" uid="5027347" user="zwaygp"/>
  <node id="2247303640" lat="33.9201598" lon="-6.8872771" version="3" timestamp="2019-08-21T10:54:03Z" changeset="73574723" uid="9535062" user="IleDeLaTortue"/>
  <node id="2247303685" lat="33.9141656" lon="-6.8867265" version="2" timestamp="2019-08-20T12:29:15Z" changeset="73537310" uid="9447012" user="Popolopen"/>
  <node id="2247303687" lat="33.9227516" lon="-6.8886463" version="2" timestamp="2019-08-21T10:54:03Z" changeset="73574723" uid="9535062" user="IleDeLaTortue"/>
  <node id="2247303692" lat="33.9250831" lon="-6.8885131" version="3" timestamp="2019-08-28T13:47:16Z" changeset="73843196" uid="8559155" user="CR_cooks"/>
  <node id="2247303694" lat="33.9183057" lon="-6.8896683" version="3" timestamp="2019-08-21T11:08:23Z" changeset="73575248" uid="9535062" user="IleDeLaTortue"/>
  <node id="2247303696" lat="33.9228017" lon="-6.8879396" version="2" timestamp="2019-08-21T10:54:03Z" changeset="73574723" uid="9535062" user="IleDeLaTortue"/>
  <node id="2247303714" lat="33.9173045" lon="-6.8870685" version="3" timestamp="2022-04-19T05:06:00Z" changeset="119886334" uid="15008581" user="Potter_Gang"/>
  <node id="2247303730" lat="33.9192149" lon="-6.8877424" version="4" timestamp="2019-08-21T11:08:23Z" changeset="73575248" uid="9535062" user="IleDeLaTortue"/>
  <node id="2247303735" lat="33.9205904" lon="-6.8882963" version="4" timestamp="2022-04-20T12:01:48Z" changeset="119950885" uid="14728702" user="Tinetto"/>
  <node id="2247303746" lat="33.9268934" lon="-6.8886684" version="3" timestamp="2019-11-08T23:31:31Z" changeset="76833295" uid="10147140" user="HenryFjord"/>
  <node id="2247303748" lat="33.9216388" lon="-6.8878216" version="2" timestamp="2019-08-21T10:54:03Z" changeset="73574723" uid="9535062" user="IleDeLaTortue"/>
  <node id="2247303759" lat="33.9196401" lon="-6.8888220" version="3" timestamp="2019-08-21T11:08:23Z" changeset="73575248" uid="9535062" user="IleDeLaTortue"/>
  <node id="2247303764" lat="33.9237880" lon="-6.8884204" version="2" timestamp="2019-08-28T13:47:16Z" changeset="73843196" uid="8559155" user="CR_cooks"/>
  <node id="2247303769" lat="33.9174421" lon="-6.8887791" version="5" timestamp="2022-04-19T05:06:00Z" changeset="119886334" uid="15008581" user="Potter_Gang"/>
  <node id="2247303770" lat="33.9246957" lon="-6.8884814" version="3" timestamp="2019-08-28T13:47:16Z" changeset="73843196" uid="8559155" user="CR_cooks"/>
  <node id="2247303796" lat="33.9148067" lon="-6.8866628" version="3" timestamp="2019-08-21T10:24:41Z" changeset="73573501" uid="9535062" user="IleDeLaTortue"/>
  <node id="2247303823" lat="33.9213027" lon="-6.8849583" version="2" timestamp="2019-08-23T14:01:25Z" changeset="73669364" uid="9535062" user="IleDeLaTortue"/>
  <node id="2247303825" lat="33.9253567" lon="-6.8885404" version="2" timestamp="2019-08-28T13:47:16Z" changeset="73843196" uid="8559155" user="CR_cooks"/>
  <node id="2247303827" lat="33.9164121" lon="-6.8907378" version="5" timestamp="2019-08-21T17:20:14Z" changeset="73590621" uid="9535062" user="IleDeLaTortue"/>
  <node id="2247303845" lat="33.9175626" lon="-6.8877688" version="1" timestamp="2013-04-03T22:26:51Z" changeset="15601681" uid="578772" user="alain2003"/>
  <node id="2247303851" lat="33.9218291" lon="-6.8888770" version="2" timestamp="2019-08-21T10:24:41Z" changeset="73573501" uid="9535062" user="IleDeLaTortue"/>
  <node id="2247303856" lat="33.9150983" lon="-6.8914573" version="2" timestamp="2019-08-21T10:21:32Z" changeset="73573359" uid="9535062" user="IleDeLaTortue"/>
  <node id="2247303862" lat="33.9223354" lon="-6.8870008" version="2" timestamp="2019-08-21T10:54:03Z" changeset="73574723" uid="9535062" user="IleDeLaTortue"/>
  <node id="2247303869" lat="33.9181659" lon="-6.8893162" version="1" timestamp="2013-04-03T22:26:52Z" changeset="15601681" uid="578772" user="alain2003"/>
  <node id="2247303880" lat="33.9174257" lon="-6.8897152" version="1" timestamp="2013-04-03T22:26:52Z" changeset="15601681" uid="578772" user="alain2003"/>
  <node id="2247303881" lat="33.9190946" lon="-6.8904865" version="4" timestamp="2023-10-11T11:25:12Z" changeset="142432379" uid="15567285" user="Aya Samir"/>
  <node id="2968237633" lat="33.9190012" lon="-6.8924216" version="3" timestamp="2019-11-08T16:58:50Z" changeset="76823075" uid="10147140" user="HenryFjord"/>
  <node id="3458018514" lat="33.9165756" lon="-6.8906417" version="3" timestamp="2019-08-21T17:20:14Z" changeset="73590621" uid="9535062" user="IleDeLaTortue"/>
  <node id="4398585368" lat="33.9244412" lon="-6.8884671" version="2" timestamp="2019-08-28T13:47:16Z" changeset="73843196" uid="8559155" user="CR_cooks"/>
  <node id="5588977775" lat="33.9190010" lon="-6.8862926" version="1" timestamp="2018-04-30T18:24:57Z" changeset="58563493" uid="5027347" user="zwaygp"/>
  <node id="5588977776" lat="33.9194684" lon="-6.8875651" version="2" timestamp="2019-08-21T10:54:03Z" changeset="73574723" uid="9535062" user="IleDeLaTortue"/>
  <node id="5588977777" lat="33.9199584" lon="-6.8886477" version="3" timestamp="2022-04-20T12:01:48Z" changeset="119950885" uid="14728702" user="Tinetto"/>
  <node id="5588977778" lat="33.9203033" lon="-6.8894953" version="2" timestamp="2022-04-20T12:01:48Z" changeset="119950885" uid="14728702" user="Tinetto"/>
  <node id="5588977779" lat="33.9158462" lon="-6.8865623" version="2" timestamp="2019-08-21T11:08:23Z" changeset="73575248" uid="9535062" user="IleDeLaTortue"/>
  <node id="6726571647" lat="33.9143053" lon="-6.8867158" version="1" timestamp="2019-08-20T12:29:15Z" changeset="73537310" uid="9447012" user="Popolopen"/>
  <node id="6726571650" lat="33.9135262" lon="-6.8867581" version="1" timestamp="2019-08-20T12:29:15Z" changeset="73537310" uid="9447012" user="Popolopen"/>
  <node id="6731448150" lat="33.9216380" lon="-6.8895838" version="3" timestamp="2022-10-08T00:16:00Z" changeset="127177314" uid="578772" user="alain2003"/>
  <node id="6731448151" lat="33.9214662" lon="-6.8897660" version="2" timestamp="2019-11-08T16:58:50Z" changeset="76823075" uid="10147140" user="HenryFjord"/>
  <node id="6731448158" lat="33.9204595" lon="-6.8897314" version="3" timestamp="2023-10-11T11:25:12Z" changeset="142432379" uid="15567285" user="Aya Samir"/>
  <node id="6731448159" lat="33.9203260" lon="-6.8897999" version="3" timestamp="2023-10-11T11:25:12Z" changeset="142432379" uid="15567285" user="Aya Samir"/>
  <node id="6731652957" lat="33.9207134" lon="-6.8849972" version="2" timestamp="2019-08-23T14:01:25Z" changeset="73669364" uid="9535062" user="IleDeLaTortue"/>
  <node id="6731652958" lat="33.9206789" lon="-6.8850039" version="2" timestamp="2019-08-23T14:01:25Z" changeset="73669364" uid="9535062" user="IleDeLaTortue"/>
  <node id="6731652959" lat="33.9206377" lon="-6.8850240" version="2" timestamp="2019-08-23T14:01:25Z" changeset="73669364" uid="9535062" user="IleDeLaTortue"/>
  <node id="6731652960" lat="33.9206160" lon="-6.8850562" version="2" timestamp="2019-08-23T14:01:25Z" changeset="73669364" uid="9535062" user="IleDeLaTortue"/>
  <node id="6731652961" lat="33.9205916" lon="-6.8851233" version="1" timestamp="2019-08-21T10:54:03Z" changeset="73574723" uid="9535062" user="IleDeLaTortue"/>
  <node id="6731652962" lat="33.9205604" lon="-6.8852265" version="1" timestamp="2019-08-21T10:54:03Z" changeset="73574723" uid="9535062" user="IleDeLaTortue"/>
  <node id="6731652963" lat="33.9205315" lon="-6.8853647" version="1" timestamp="2019-08-21T10:54:03Z" changeset="73574723" uid="9535062" user="IleDeLaTortue"/>
  <node id="6731652964" lat="33.9205259" lon="-6.8854491" version="1" timestamp="2019-08-21T10:54:03Z" changeset="73574723" uid="9535062" user="IleDeLaTortue"/>
  <node id="6731652965" lat="33.9199984" lon="-6.8873414" version="1" timestamp="2019-08-21T10:54:03Z" changeset="73574723" uid="9535062" user="IleDeLaTortue"/>
  <node id="6731652966" lat="33.9209443" lon="-6.8870129" version="1" timestamp="2019-08-21T10:54:03Z" changeset="73574723" uid="9535062" user="IleDeLaTortue"/>
  <node id="6731652967" lat="33.9207218" lon="-6.8870853" version="1" timestamp="2019-08-21T10:54:03Z" changeset="73574723" uid="9535062" user="IleDeLaTortue"/>
  <node id="6731652968" lat="33.9198493" lon="-6.8874045" version="1" timestamp="2019-08-21T10:54:03Z" changeset="73574723" uid="9535062" user="IleDeLaTortue"/>
  <node id="6731652969" lat="33.9196801" lon="-6.8874849" version="1" timestamp="2019-08-21T10:54:03Z" changeset="73574723" uid="9535062" user="IleDeLaTortue"/>
  <node id="6731652970" lat="33.9195800" lon="-6.8875279" version="1" timestamp="2019-08-21T10:54:03Z" changeset="73574723" uid="9535062" user="IleDeLaTortue"/>
  <node id="6731652971" lat="33.9191315" lon="-6.8878081" version="1" timestamp="2019-08-21T10:54:03Z" changeset="73574723" uid="9535062" user="IleDeLaTortue"/>
  <node id="6731652972" lat="33.9190614" lon="-6.8878524" version="1" timestamp="2019-08-21T10:54:03Z" changeset="73574723" uid="9535062" user="IleDeLaTortue"/>
  <node id="6731652973" lat="33.9193952" lon="-6.8875989" version="1" timestamp="2019-08-21T10:54:03Z" changeset="73574723" uid="9535062" user="IleDeLaTortue"/>
  <node id="6731652974" lat="33.9193351" lon="-6.8876378" version="1" timestamp="2019-08-21T10:54:03Z" changeset="73574723" uid="9535062" user="IleDeLaTortue"/>
  <node id="6731652975" lat="33.9192572" lon="-6.8876955" version="1" timestamp="2019-08-21T10:54:03Z" changeset="73574723" uid="9535062" user="IleDeLaTortue"/>
  <node id="6731652976" lat="33.9189512" lon="-6.8879181" version="1" timestamp="2019-08-21T10:54:03Z" changeset="73574723" uid="9535062" user="IleDeLaTortue"/>
  <node id="6731652977" lat="33.9196122" lon="-6.8878886" version="1" timestamp="2019-08-21T10:54:03Z" changeset="73574723" uid="9535062" user="IleDeLaTortue"/>
  <node id="6731652978" lat="33.9197269" lon="-6.8881729" version="1" timestamp="2019-08-21T10:54:03Z" changeset="73574723" uid="9535062" user="IleDeLaTortue"/>
  <node id="6731652979" lat="33.9220717" lon="-6.8869686" version="1" timestamp="2019-08-21T10:54:03Z" changeset="73574723" uid="9535062" user="IleDeLaTortue"/>
  <node id="6731652980" lat="33.9217167" lon="-6.8869190" version="1" timestamp="2019-08-21T10:54:03Z" changeset="73574723" uid="9535062" user="IleDeLaTortue"/>
  <node id="6731652981" lat="33.9215798" lon="-6.8869109" version="1" timestamp="2019-08-21T10:54:03Z" changeset="73574723" uid="9535062" user="IleDeLaTortue"/>
  <node id="6731652982" lat="33.9214874" lon="-6.8869150" version="1" timestamp="2019-08-21T10:54:03Z" changeset="73574723" uid="9535062" user="IleDeLaTortue"/>
  <node id="6731659692" lat="33.9223599" lon="-6.8878685" version="1" timestamp="2019-08-21T10:54:03Z" changeset="73574723" uid="9535062" user="IleDeLaTortue"/>
  <node id="6731659693" lat="33.9220127" lon="-6.8878122" version="1" timestamp="2019-08-21T10:54:03Z" changeset="73574723" uid="9535062" user="IleDeLaTortue"/>
  <node id="6731659694" lat="33.9218491" lon="-6.8878055" version="1" timestamp="2019-08-21T10:54:03Z" changeset="73574723" uid="9535062" user="IleDeLaTortue"/>
  <node id="6731659695" lat="33.9217445" lon="-6.8878055" version="1" timestamp="2019-08-21T10:54:03Z" changeset="73574723" uid="9535062" user="IleDeLaTortue"/>
  <node id="6731659696" lat="33.9235339" lon="-6.8884519" version="1" timestamp="2019-08-21T10:54:03Z" changeset="73574723" uid="9535062" user="IleDeLaTortue"/>
  <node id="6731659697" lat="33.9232301" lon="-6.8885176" version="1" timestamp="2019-08-21T10:54:03Z" changeset="73574723" uid="9535062" user="IleDeLaTortue"/>
  <node id="6731659698" lat="33.9230131" lon="-6.8885672" version="1" timestamp="2019-08-21T10:54:03Z" changeset="73574723" uid="9535062" user="IleDeLaTortue"/>
  <node id="6731659699" lat="33.9225869" lon="-6.8860245" version="1" timestamp="2019-08-21T10:54:03Z" changeset="73574723" uid="9535062" user="IleDeLaTortue"/>
  <node id="6731659700" lat="33.9226537" lon="-6.8860392" version="1" timestamp="2019-08-21T10:54:03Z" changeset="73574723" uid="9535062" user="IleDeLaTortue"/>
  <node id="6731680220" lat="33.9185038" lon="-6.8895750" version="1" timestamp="2019-08-21T11:08:23Z" changeset="73575248" uid="9535062" user="IleDeLaTortue"/>
  <node id="6731680221" lat="33.9185277" lon="-6.8895596" version="1" timestamp="2019-08-21T11:08:23Z" changeset="73575248" uid="9535062" user="IleDeLaTortue"/>
  <node id="6731680222" lat="33.9184626" lon="-6.8895972" version="1" timestamp="2019-08-21T11:08:23Z" changeset="73575248" uid="9535062" user="IleDeLaTortue"/>
  <node id="6731680223" lat="33.9183903" lon="-6.8896280" version="1" timestamp="2019-08-21T11:08:23Z" changeset="73575248" uid="9535062" user="IleDeLaTortue"/>
  <node id="6731680224" lat="33.9179618" lon="-6.8898600" version="1" timestamp="2019-08-21T11:08:23Z" changeset="73575248" uid="9535062" user="IleDeLaTortue"/>
  <node id="6731680225" lat="33.9178227" lon="-6.8899405" version="2" timestamp="2022-05-02T04:47:03Z" changeset="120442573" uid="14550744" user="Galle_Tan"/>
  <node id="6731680227" lat="33.9167232" lon="-6.8900974" version="1" timestamp="2019-08-21T11:08:23Z" changeset="73575248" uid="9535062" user="IleDeLaTortue"/>
  <node id="6731680228" lat="33.9166853" lon="-6.8901229" version="2" timestamp="2022-04-19T05:17:44Z" changeset="119886660" uid="15008581" user="Potter_Gang"/>
  <node id="6731680229" lat="33.9166464" lon="-6.8901471" version="2" timestamp="2022-04-19T05:17:44Z" changeset="119886660" uid="15008581" user="Potter_Gang"/>
  <node id="6731680230" lat="33.9172574" lon="-6.8867581" version="1" timestamp="2019-08-21T11:08:23Z" changeset="73575248" uid="9535062" user="IleDeLaTortue"/>
  <node id="6731680231" lat="33.9172496" lon="-6.8866642" version="1" timestamp="2019-08-21T11:08:23Z" changeset="73575248" uid="9535062" user="IleDeLaTortue"/>
  <node id="6731680232" lat="33.9172651" lon="-6.8868546" version="2" timestamp="2022-04-19T05:06:00Z" changeset="119886334" uid="15008581" user="Potter_Gang"/>
  <node id="6731680233" lat="33.9172863" lon="-6.8869713" version="1" timestamp="2019-08-21T11:08:23Z" changeset="73575248" uid="9535062" user="IleDeLaTortue"/>
  <node id="6731680234" lat="33.9187731" lon="-6.8865623" version="1" timestamp="2019-08-21T11:08:23Z" changeset="73575248" uid="9535062" user="IleDeLaTortue"/>
  <node id="6731680235" lat="33.9189122" lon="-6.8869284" version="1" timestamp="2019-08-21T11:08:23Z" changeset="73575248" uid="9535062" user="IleDeLaTortue"/>
  <node id="6731680236" lat="33.9193986" lon="-6.8881729" version="1" timestamp="2019-08-21T11:08:23Z" changeset="73575248" uid="9535062" user="IleDeLaTortue"/>
  <node id="6731680237" lat="33.9194720" lon="-6.8883768" version="1" timestamp="2019-08-21T11:08:23Z" changeset="73575248" uid="9535062" user="IleDeLaTortue"/>
  <node id="6731680238" lat="33.9195299" lon="-6.8885243" version="1" timestamp="2019-08-21T11:08:23Z" changeset="73575248" uid="9535062" user="IleDeLaTortue"/>
  <node id="6731680239" lat="33.9195900" lon="-6.8886772" version="1" timestamp="2019-08-21T11:08:23Z" changeset="73575248" uid="9535062" user="IleDeLaTortue"/>
  <node id="6731680243" lat="33.9175222" lon="-6.8891010" version="2" timestamp="2022-04-19T05:06:00Z" changeset="119886334" uid="15008581" user="Potter_Gang"/>
  <node id="6731680245" lat="33.9173208" lon="-6.8885216" version="2" timestamp="2022-04-19T05:06:00Z" changeset="119886334" uid="15008581" user="Potter_Gang"/>
  <node id="6731680261" lat="33.9153454" lon="-6.8913312" version="1" timestamp="2019-08-21T11:08:23Z" changeset="73575248" uid="9535062" user="IleDeLaTortue"/>
  <node id="6731680262" lat="33.9152396" lon="-6.8913849" version="1" timestamp="2019-08-21T11:08:23Z" changeset="73575248" uid="9535062" user="IleDeLaTortue"/>
  <node id="6731680263" lat="33.9155780" lon="-6.8912025" version="1" timestamp="2019-08-21T11:08:23Z" changeset="73575248" uid="9535062" user="IleDeLaTortue"/>
  <node id="6731680264" lat="33.9156848" lon="-6.8911381" version="1" timestamp="2019-08-21T11:08:23Z" changeset="73575248" uid="9535062" user="IleDeLaTortue"/>
  <node id="6731680265" lat="33.9154578" lon="-6.8912722" version="1" timestamp="2019-08-21T11:08:23Z" changeset="73575248" uid="9535062" user="IleDeLaTortue"/>
  <node id="6731680266" lat="33.9158718" lon="-6.8910281" version="1" timestamp="2019-08-21T11:08:23Z" changeset="73575248" uid="9535062" user="IleDeLaTortue"/>
  <node id="6731726322" lat="33.9190102" lon="-6.8844219" version="2" timestamp="2019-08-23T14:01:25Z" changeset="73669364" uid="9535062" user="IleDeLaTortue"/>
  <node id="6731726323" lat="33.9191448" lon="-6.8847799" version="3" timestamp="2019-08-23T14:08:35Z" changeset="73669748" uid="9535062" user="IleDeLaTortue"/>
  <node id="6731726324" lat="33.9192595" lon="-6.8850911" version="2" timestamp="2019-08-23T14:01:25Z" changeset="73669364" uid="9535062" user="IleDeLaTortue"/>
  <node id="6731726325" lat="33.9193719" lon="-6.8853901" version="1" timestamp="2019-08-21T11:31:11Z" changeset="73576123" uid="9535062" user="IleDeLaTortue"/>
  <node id="6731726326" lat="33.9195176" lon="-6.8857718" version="1" timestamp="2019-08-21T11:31:11Z" changeset="73576123" uid="9535062" user="IleDeLaTortue"/>
  <node id="6731733613" lat="33.9218893" lon="-6.8860660" version="1" timestamp="2019-08-21T11:25:13Z" changeset="73575902" uid="9535062" user="IleDeLaTortue"/>
  <node id="6731733614" lat="33.9218758" lon="-6.8862458" version="1" timestamp="2019-08-21T11:25:13Z" changeset="73575902" uid="9535062" user="IleDeLaTortue"/>
  <node id="6731733615" lat="33.9218691" lon="-6.8864107" version="1" timestamp="2019-08-21T11:25:13Z" changeset="73575902" uid="9535062" user="IleDeLaTortue"/>
  <node id="6731733616" lat="33.9218558" lon="-6.8865944" version="1" timestamp="2019-08-21T11:25:13Z" changeset="73575902" uid="9535062" user="IleDeLaTortue"/>
  <node id="6731733617" lat="33.9218413" lon="-6.8867943" version="1" timestamp="2019-08-21T11:25:13Z" changeset="73575902" uid="9535062" user="IleDeLaTortue"/>
  <node id="6731733618" lat="33.9218314" lon="-6.8869350" version="1" timestamp="2019-08-21T11:25:13Z" changeset="73575902" uid="9535062" user="IleDeLaTortue"/>
  <node id="6731733619" lat="33.9227164" lon="-6.8860743" version="1" timestamp="2019-08-21T11:25:13Z" changeset="73575902" uid="9535062" user="IleDeLaTortue"/>
  <node id="6731733626" lat="33.9225952" lon="-6.8870452" version="1" timestamp="2019-08-21T11:25:13Z" changeset="73575902" uid="9535062" user="IleDeLaTortue"/>
  <node id="6731733627" lat="33.9214262" lon="-6.8862377" version="1" timestamp="2019-08-21T11:25:13Z" changeset="73575902" uid="9535062" user="IleDeLaTortue"/>
  <node id="6731733628" lat="33.9214385" lon="-6.8861010" version="1" timestamp="2019-08-21T11:25:13Z" changeset="73575902" uid="9535062" user="IleDeLaTortue"/>
  <node id="6731733629" lat="33.9214140" lon="-6.8863416" version="1" timestamp="2019-08-21T11:25:13Z" changeset="73575902" uid="9535062" user="IleDeLaTortue"/>
  <node id="6731733630" lat="33.9213995" lon="-6.8864489" version="1" timestamp="2019-08-21T11:25:13Z" changeset="73575902" uid="9535062" user="IleDeLaTortue"/>
  <node id="6731733631" lat="33.9213834" lon="-6.8865877" version="1" timestamp="2019-08-21T11:25:13Z" changeset="73575902" uid="9535062" user="IleDeLaTortue"/>
  <node id="6731733632" lat="33.9213761" lon="-6.8866870" version="1" timestamp="2019-08-21T11:25:13Z" changeset="73575902" uid="9535062" user="IleDeLaTortue"/>
  <node id="6731733633" lat="33.9213669" lon="-6.8869249" version="1" timestamp="2019-08-21T11:25:13Z" changeset="73575902" uid="9535062" user="IleDeLaTortue"/>
  <node id="6731733634" lat="33.9216538" lon="-6.8860843" version="1" timestamp="2019-08-21T11:25:13Z" changeset="73575902" uid="9535062" user="IleDeLaTortue"/>
  <node id="6731733635" lat="33.9216376" lon="-6.8863235" version="1" timestamp="2019-08-21T11:25:13Z" changeset="73575902" uid="9535062" user="IleDeLaTortue"/>
  <node id="6731733636" lat="33.9216254" lon="-6.8864737" version="1" timestamp="2019-08-21T11:25:13Z" changeset="73575902" uid="9535062" user="IleDeLaTortue"/>
  <node id="6731733637" lat="33.9216030" lon="-6.8869123" version="1" timestamp="2019-08-21T11:25:13Z" changeset="73575902" uid="9535062" user="IleDeLaTortue"/>
  <node id="6731733638" lat="33.9221223" lon="-6.8860479" version="1" timestamp="2019-08-21T11:25:13Z" changeset="73575902" uid="9535062" user="IleDeLaTortue"/>
  <node id="6731733644" lat="33.9159503" lon="-6.8909826" version="1" timestamp="2019-08-21T11:25:13Z" changeset="73575902" uid="9535062" user="IleDeLaTortue"/>
  <node id="6731733645" lat="33.9172675" lon="-6.8902427" version="1" timestamp="2019-08-21T11:25:13Z" changeset="73575902" uid="9535062" user="IleDeLaTortue"/>
  <node id="6731733647" lat="33.9178750" lon="-6.8871041" version="1" timestamp="2019-08-21T11:25:13Z" changeset="73575902" uid="9535062" user="IleDeLaTortue"/>
  <node id="6731733648" lat="33.9177448" lon="-6.8871698" version="1" timestamp="2019-08-21T11:25:13Z" changeset="73575902" uid="9535062" user="IleDeLaTortue"/>
  <node id="6731733649" lat="33.9176346" lon="-6.8872100" version="1" timestamp="2019-08-21T11:25:13Z" changeset="73575902" uid="9535062" user="IleDeLaTortue"/>
  <node id="6731733650" lat="33.9175200" lon="-6.8872462" version="1" timestamp="2019-08-21T11:25:13Z" changeset="73575902" uid="9535062" user="IleDeLaTortue"/>
  <node id="6731733651" lat="33.9180038" lon="-6.8870356" version="1" timestamp="2019-08-21T11:25:13Z" changeset="73575902" uid="9535062" user="IleDeLaTortue"/>
  <node id="6731733652" lat="33.9173871" lon="-6.8872894" version="1" timestamp="2019-08-21T11:25:13Z" changeset="73575902" uid="9535062" user="IleDeLaTortue"/>
  <node id="6731733653" lat="33.9178332" lon="-6.8863837" version="1" timestamp="2019-08-21T11:25:13Z" changeset="73575902" uid="9535062" user="IleDeLaTortue"/>
  <node id="6731733654" lat="33.9178405" lon="-6.8864751" version="1" timestamp="2019-08-21T11:25:13Z" changeset="73575902" uid="9535062" user="IleDeLaTortue"/>
  <node id="6731733655" lat="33.9178528" lon="-6.8865716" version="1" timestamp="2019-08-21T11:25:13Z" changeset="73575902" uid="9535062" user="IleDeLaTortue"/>
  <node id="6731733656" lat="33.9178683" lon="-6.8866400" version="1" timestamp="2019-08-21T11:25:13Z" changeset="73575902" uid="9535062" user="IleDeLaTortue"/>
  <node id="6731733657" lat="33.9178984" lon="-6.8867446" version="1" timestamp="2019-08-21T11:25:13Z" changeset="73575902" uid="9535062" user="IleDeLaTortue"/>
  <node id="6731733658" lat="33.9179474" lon="-6.8868855" version="1" timestamp="2019-08-21T11:25:13Z" changeset="73575902" uid="9535062" user="IleDeLaTortue"/>
  <node id="6731733659" lat="33.9180230" lon="-6.8870866" version="1" timestamp="2019-08-21T11:25:13Z" changeset="73575902" uid="9535062" user="IleDeLaTortue"/>
  <node id="6731733660" lat="33.9181110" lon="-6.8873025" version="1" timestamp="2019-08-21T11:25:13Z" changeset="73575902" uid="9535062" user="IleDeLaTortue"/>
  <node id="6731733661" lat="33.9184840" lon="-6.8881738" version="1" timestamp="2019-08-21T11:25:13Z" changeset="73575902" uid="9535062" user="IleDeLaTortue"/>
  <node id="6731733662" lat="33.9212037" lon="-6.8879926" version="1" timestamp="2019-08-21T11:25:13Z" changeset="73575902" uid="9535062" user="IleDeLaTortue"/>
  <node id="6731733663" lat="33.9212626" lon="-6.8881515" version="1" timestamp="2019-08-21T11:25:13Z" changeset="73575902" uid="9535062" user="IleDeLaTortue"/>
  <node id="6731733664" lat="33.9215931" lon="-6.8890165" version="1" timestamp="2019-08-21T11:25:13Z" changeset="73575902" uid="9535062" user="IleDeLaTortue"/>
  <node id="6731733665" lat="33.9216121" lon="-6.8890366" version="1" timestamp="2019-08-21T11:25:13Z" changeset="73575902" uid="9535062" user="IleDeLaTortue"/>
  <node id="6731733666" lat="33.9216310" lon="-6.8890433" version="1" timestamp="2019-08-21T11:25:13Z" changeset="73575902" uid="9535062" user="IleDeLaTortue"/>
  <node id="6731733667" lat="33.9216666" lon="-6.8890487" version="1" timestamp="2019-08-21T11:25:13Z" changeset="73575902" uid="9535062" user="IleDeLaTortue"/>
  <node id="6731733668" lat="33.9217244" lon="-6.8890366" version="1" timestamp="2019-08-21T11:25:13Z" changeset="73575902" uid="9535062" user="IleDeLaTortue"/>
  <node id="6731733669" lat="33.9218796" lon="-6.8889927" version="1" timestamp="2019-08-21T11:25:13Z" changeset="73575902" uid="9535062" user="IleDeLaTortue"/>
  <node id="6731733670" lat="33.9190469" lon="-6.8883996" version="2" timestamp="2022-04-18T06:36:49Z" changeset="119840777" uid="15008581" user="Potter_Gang"/>
  <node id="6731733671" lat="33.9193430" lon="-6.8890743" version="1" timestamp="2019-08-21T11:25:13Z" changeset="73575902" uid="9535062" user="IleDeLaTortue"/>
  <node id="6731733672" lat="33.9186357" lon="-6.8888830" version="1" timestamp="2019-08-21T11:25:13Z" changeset="73575902" uid="9535062" user="IleDeLaTortue"/>
  <node id="6731733673" lat="33.9187069" lon="-6.8890574" version="1" timestamp="2019-08-21T11:25:13Z" changeset="73575902" uid="9535062" user="IleDeLaTortue"/>
  <node id="6731733674" lat="33.9185428" lon="-6.8886423" version="2" timestamp="2022-04-18T06:39:04Z" changeset="119840853" uid="15008581" user="Potter_Gang"/>
  <node id="6731733675" lat="33.9188382" lon="-6.8893692" version="1" timestamp="2019-08-21T11:25:13Z" changeset="73575902" uid="9535062" user="IleDeLaTortue"/>
  <node id="6731733676" lat="33.9187809" lon="-6.8885229" version="2" timestamp="2022-04-18T06:39:04Z" changeset="119840853" uid="15008581" user="Potter_Gang"/>
  <node id="6731733677" lat="33.9190801" lon="-6.8892281" version="1" timestamp="2019-08-21T11:25:13Z" changeset="73575902" uid="9535062" user="IleDeLaTortue"/>
  <node id="6731733678" lat="33.9183218" lon="-6.8887664" version="1" timestamp="2019-08-21T11:25:13Z" changeset="73575902" uid="9535062" user="IleDeLaTortue"/>
  <node id="6731733679" lat="33.9186188" lon="-6.8895016" version="1" timestamp="2019-08-21T11:25:13Z" changeset="73575902" uid="9535062" user="IleDeLaTortue"/>
  <node id="6731733680" lat="33.9203178" lon="-6.8857187" version="1" timestamp="2019-08-21T11:25:13Z" changeset="73575902" uid="9535062" user="IleDeLaTortue"/>
  <node id="6731733681" lat="33.9196245" lon="-6.8857630" version="1" timestamp="2019-08-21T11:25:13Z" changeset="73575902" uid="9535062" user="IleDeLaTortue"/>
  <node id="6731733682" lat="33.9190569" lon="-6.8858099" version="1" timestamp="2019-08-21T11:25:13Z" changeset="73575902" uid="9535062" user="IleDeLaTortue"/>
  <node id="6731733683" lat="33.9206016" lon="-6.8857093" version="1" timestamp="2019-08-21T11:25:13Z" changeset="73575902" uid="9535062" user="IleDeLaTortue"/>
  <node id="6731733684" lat="33.9184960" lon="-6.8858716" version="1" timestamp="2019-08-21T11:25:13Z" changeset="73575902" uid="9535062" user="IleDeLaTortue"/>
  <node id="6731735085" lat="33.9203979" lon="-6.8851876" version="1" timestamp="2019-08-21T11:25:13Z" changeset="73575902" uid="9535062" user="IleDeLaTortue"/>
  <node id="6731735086" lat="33.9201075" lon="-6.8844339" version="2" timestamp="2019-08-23T14:01:25Z" changeset="73669364" uid="9535062" user="IleDeLaTortue"/>
  <node id="6731735087" lat="33.9199806" lon="-6.8840544" version="2" timestamp="2019-08-23T14:01:25Z" changeset="73669364" uid="9535062" user="IleDeLaTortue"/>
  <node id="6731735088" lat="33.9199595" lon="-6.8840262" version="2" timestamp="2019-08-23T14:01:25Z" changeset="73669364" uid="9535062" user="IleDeLaTortue"/>
  <node id="6731735089" lat="33.9198782" lon="-6.8840088" version="2" timestamp="2019-08-23T14:01:25Z" changeset="73669364" uid="9535062" user="IleDeLaTortue"/>
  <node id="6731735090" lat="33.9196044" lon="-6.8841469" version="2" timestamp="2019-08-23T14:01:25Z" changeset="73669364" uid="9535062" user="IleDeLaTortue"/>
  <node id="6731735091" lat="33.9193151" lon="-6.8842797" version="2" timestamp="2019-08-23T14:01:25Z" changeset="73669364" uid="9535062" user="IleDeLaTortue"/>
  <node id="6731735092" lat="33.9184649" lon="-6.8846767" version="2" timestamp="2019-08-23T14:01:25Z" changeset="73669364" uid="9535062" user="IleDeLaTortue"/>
  <node id="6731735093" lat="33.9181900" lon="-6.8847974" version="2" timestamp="2019-08-23T14:01:25Z" changeset="73669364" uid="9535062" user="IleDeLaTortue"/>
  <node id="6731735094" lat="33.9181210" lon="-6.8848336" version="1" timestamp="2019-08-21T11:25:13Z" changeset="73575902" uid="9535062" user="IleDeLaTortue"/>
  <node id="6731735095" lat="33.9180987" lon="-6.8848839" version="2" timestamp="2019-08-23T14:01:25Z" changeset="73669364" uid="9535062" user="IleDeLaTortue"/>
  <node id="6731735096" lat="33.9180987" lon="-6.8849087" version="1" timestamp="2019-08-21T11:25:13Z" changeset="73575902" uid="9535062" user="IleDeLaTortue"/>
  <node id="6731735097" lat="33.9181121" lon="-6.8849489" version="1" timestamp="2019-08-21T11:25:13Z" changeset="73575902" uid="9535062" user="IleDeLaTortue"/>
  <node id="6731735098" lat="33.9181488" lon="-6.8850414" version="1" timestamp="2019-08-21T11:25:13Z" changeset="73575902" uid="9535062" user="IleDeLaTortue"/>
  <node id="6732501762" lat="33.9187497" lon="-6.8926997" version="2" timestamp="2019-11-08T16:58:50Z" changeset="76823075" uid="10147140" user="HenryFjord"/>
  <node id="6732525041" lat="33.9184236" lon="-6.8931068" version="3" timestamp="2022-04-22T08:44:30Z" changeset="120037381" uid="14728752" user="Schnee_berg"/>
  <node id="6732526602" lat="33.9197424" lon="-6.8916239" version="2" timestamp="2019-11-08T16:58:50Z" changeset="76823075" uid="10147140" user="HenryFjord"/>
  <node id="6732526611" lat="33.9198885" lon="-6.8900533" version="4" timestamp="2023-10-11T11:25:12Z" changeset="142432379" uid="15567285" user="Aya Samir"/>
  <node id="6732526616" lat="33.9204750" lon="-6.8908408" version="2" timestamp="2019-11-08T16:58:50Z" changeset="76823075" uid="10147140" user="HenryFjord"/>
  <node id="6732526621" lat="33.9207995" lon="-6.8904860" version="2" timestamp="2019-11-08T16:58:50Z" changeset="76823075" uid="10147140" user="HenryFjord"/>
  <node id="6732526631" lat="33.9191582" lon="-6.8922539" version="2" timestamp="2019-11-08T16:58:50Z" changeset="76823075" uid="10147140" user="HenryFjord"/>
  <node id="6732526634" lat="33.9163181" lon="-6.8907834" version="2" timestamp="2019-08-21T17:20:14Z" changeset="73590621" uid="9535062" user="IleDeLaTortue"/>
  <node id="6738868772" lat="33.9206561" lon="-6.8850133" version="1" timestamp="2019-08-23T14:01:25Z" changeset="73669364" uid="9535062" user="IleDeLaTortue"/>
  <node id="6738868773" lat="33.9181059" lon="-6.8848550" version="1" timestamp="2019-08-23T14:01:25Z" changeset="73669364" uid="9535062" user="IleDeLaTortue"/>
  <node id="6738868774" lat="33.9202989" lon="-6.8849462" version="1" timestamp="2019-08-23T14:01:25Z" changeset="73669364" uid="9535062" user="IleDeLaTortue"/>
  <node id="6738868775" lat="33.9199310" lon="-6.8839911" version="2" timestamp="2019-10-28T23:22:38Z" changeset="76318541" uid="10147121" user="StackofPaper"/>
  <node id="6738897847" lat="33.9202178" lon="-6.8847293" version="1" timestamp="2019-08-23T14:08:35Z" changeset="73669748" uid="9535062" user="IleDeLaTortue"/>
  <node id="6738897867" lat="33.9193172" lon="-6.8852445" version="1" timestamp="2019-08-23T14:08:35Z" changeset="73669748" uid="9535062" user="IleDeLaTortue"/>
  <node id="6738897868" lat="33.9200651" lon="-6.8843073" version="1" timestamp="2019-08-23T14:08:35Z" changeset="73669748" uid="9535062" user="IleDeLaTortue"/>
  <node id="6738897871" lat="33.9182030" lon="-6.8851711" version="1" timestamp="2019-08-23T14:08:35Z" changeset="73669748" uid="9535062" user="IleDeLaTortue"/>
  <node id="6738952055" lat="33.9183017" lon="-6.8854070" version="1" timestamp="2019-08-23T14:32:41Z" changeset="73671073" uid="9535062" user="IleDeLaTortue"/>
  <node id="6753418763" lat="33.9236541" lon="-6.8884358" version="1" timestamp="2019-08-28T13:47:16Z" changeset="73843196" uid="8559155" user="CR_cooks"/>
  <node id="6753418764" lat="33.9241816" lon="-6.8884519" version="1" timestamp="2019-08-28T13:47:16Z" changeset="73843196" uid="8559155" user="CR_cooks"/>
  <node id="6753418765" lat="33.9239590" lon="-6.8884304" version="1" timestamp="2019-08-28T13:47:16Z" changeset="73843196" uid="8559155" user="CR_cooks"/>
  <node id="6958206716" lat="33.9167229" lon="-6.8905568" version="1" timestamp="2019-11-08T16:58:50Z" changeset="76823075" uid="10147140" user="HenryFjord"/>
  <node id="6958206743" lat="33.9181167" lon="-6.8933994" version="1" timestamp="2019-11-08T16:58:50Z" changeset="76823075" uid="10147140" user="HenryFjord"/>
  <node id="6958206777" lat="33.9196018" lon="-6.8917782" version="1" timestamp="2019-11-08T16:58:50Z" changeset="76823075" uid="10147140" user="HenryFjord"/>
  <node id="6958209301" lat="33.9214270" lon="-6.8898095" version="1" timestamp="2019-11-08T16:58:50Z" changeset="76823075" uid="10147140" user="HenryFjord"/>
  <node id="6958209311" lat="33.9222128" lon="-6.8900687" version="2" timestamp="2022-04-18T06:18:08Z" changeset="119840108" uid="13409046" user="Green_Panther"/>
  <node id="6958209312" lat="33.9220569" lon="-6.8898358" version="1" timestamp="2019-11-08T16:58:50Z" changeset="76823075" uid="10147140" user="HenryFjord"/>
  <node id="6958209313" lat="33.9219111" lon="-6.8896465" version="1" timestamp="2019-11-08T16:58:50Z" changeset="76823075" uid="10147140" user="HenryFjord"/>
  <node id="6958209314" lat="33.9217477" lon="-6.8894688" version="2" timestamp="2022-10-08T00:16:00Z" changeset="127177314" uid="578772" user="alain2003"/>
  <node id="6958209316" lat="33.9210738" lon="-6.8901938" version="1" timestamp="2019-11-08T16:58:50Z" changeset="76823075" uid="10147140" user="HenryFjord"/>
  <node id="6958209321" lat="33.9204892" lon="-6.8908253" version="1" timestamp="2019-11-08T16:58:50Z" changeset="76823075" uid="10147140" user="HenryFjord"/>
  <node id="6958209323" lat="33.9207749" lon="-6.8905129" version="1" timestamp="2019-11-08T16:58:50Z" changeset="76823075" uid="10147140" user="HenryFjord"/>
  <node id="6958209389" lat="33.9157809" lon="-6.8910816" version="1" timestamp="2019-11-08T16:58:50Z" changeset="76823075" uid="10147140" user="HenryFjord"/>
  <node id="6958304791" lat="33.9195171" lon="-6.8918690" version="1" timestamp="2019-11-08T17:41:51Z" changeset="76824598" uid="10147140" user="HenryFjord"/>
  <node id="6958304792" lat="33.9193413" lon="-6.8920576" version="1" timestamp="2019-11-08T17:41:51Z" changeset="76824598" uid="10147140" user="HenryFjord"/>
  <node id="8331275675" lat="33.9131262" lon="-6.8867594" version="1" timestamp="2021-01-17T17:27:03Z" changeset="97645597" uid="578772" user="alain2003"/>
  <node id="8977071022" lat="33.9206577" lon="-6.8861466" version="2" timestamp="2022-10-13T16:16:39Z" changeset="127478958" uid="578772" user="alain2003">
    <tag k="bus" v="yes"/>
    <tag k="highway" v="bus_stop"/>
    <tag k="network" v="ALSA Citybus RST"/>
    <tag k="operator" v="ALSA"/>
    <tag k="public_transport" v="platform"/>
  </node>
  <node id="9158342019" lat="33.9192774" lon="-6.8874284" version="2" timestamp="2025-06-22T00:57:58Z" changeset="167934898" uid="21853634" user="ilias_">
    <tag k="addr:city" v="Témara تمارة"/>
    <tag k="addr:postcode" v="12000"/>
    <tag k="amenity" v="pharmacy"/>
    <tag k="dispensing" v="yes"/>
    <tag k="healthcare" v="pharmacy"/>
    <tag k="name" v="Pharmacie Al Ghait صيدلية الغيث"/>
  </node>
  <node id="9158690007" lat="33.9216662" lon="-6.8897352" version="2" timestamp="2025-06-22T00:57:58Z" changeset="167934898" uid="21853634" user="ilias_">
    <tag k="addr:city" v="Témara تمارة"/>
    <tag k="addr:postcode" v="12006"/>
    <tag k="amenity" v="pharmacy"/>
    <tag k="dispensing" v="yes"/>
    <tag k="healthcare" v="pharmacy"/>
    <tag k="name" v="Pharmacie l'Espoir صيدلية الأمل"/>
  </node>
  <node id="9673507560" lat="33.9185774" lon="-6.8869701" version="1" timestamp="2022-04-18T06:00:25Z" changeset="119839580" uid="15008581" user="Potter_Gang"/>
  <node id="9673507561" lat="33.9180770" lon="-6.8872191" version="1" timestamp="2022-04-18T06:00:25Z" changeset="119839580" uid="15008581" user="Potter_Gang"/>
  <node id="9673507562" lat="33.9183299" lon="-6.8878137" version="1" timestamp="2022-04-18T06:00:25Z" changeset="119839580" uid="15008581" user="Potter_Gang"/>
  <node id="9673507563" lat="33.9188136" lon="-6.8875693" version="1" timestamp="2022-04-18T06:00:25Z" changeset="119839580" uid="15008581" user="Potter_Gang"/>
  <node id="9673507564" lat="33.9183836" lon="-6.8867058" version="1" timestamp="2022-04-18T06:00:25Z" changeset="119839580" uid="15008581" user="Potter_Gang"/>
  <node id="9673507565" lat="33.9184415" lon="-6.8867058" version="1" timestamp="2022-04-18T06:00:25Z" changeset="119839580" uid="15008581" user="Potter_Gang"/>
  <node id="9673507566" lat="33.9184860" lon="-6.8867406" version="1" timestamp="2022-04-18T06:00:25Z" changeset="119839580" uid="15008581" user="Potter_Gang"/>
  <node id="9673507567" lat="33.9185194" lon="-6.8868104" version="1" timestamp="2022-04-18T06:00:25Z" changeset="119839580" uid="15008581" user="Potter_Gang"/>
  <node id="9673507568" lat="33.9185461" lon="-6.8868908" version="1" timestamp="2022-04-18T06:00:25Z" changeset="119839580" uid="15008581" user="Potter_Gang"/>
  <node id="9673550979" lat="33.9188668" lon="-6.8879723" version="1" timestamp="2022-04-18T06:36:49Z" changeset="119840777" uid="15008581" user="Potter_Gang"/>
  <node id="9673554586" lat="33.9186444" lon="-6.8885914" version="1" timestamp="2022-04-18T06:39:04Z" changeset="119840853" uid="15008581" user="Potter_Gang"/>
  <node id="9673554587" lat="33.9180145" lon="-6.8889546" version="1" timestamp="2022-04-18T06:39:04Z" changeset="119840853" uid="15008581" user="Potter_Gang"/>
  <node id="9673554588" lat="33.9190390" lon="-6.8883768" version="1" timestamp="2022-04-18T06:39:04Z" changeset="119840853" uid="15008581" user="Potter_Gang"/>
  <node id="9673554589" lat="33.9190527" lon="-6.8884128" version="1" timestamp="2022-04-18T06:39:04Z" changeset="119840853" uid="15008581" user="Potter_Gang"/>
  <node id="9673554590" lat="33.9194230" lon="-6.8882407" version="1" timestamp="2022-04-18T06:39:04Z" changeset="119840853" uid="15008581" user="Potter_Gang"/>
  <node id="9674098095" lat="33.9220015" lon="-6.8883540" version="1" timestamp="2022-04-18T11:34:26Z" changeset="119853764" uid="15458852" user="Crick_RN"/>
  <node id="9674098097" lat="33.9225380" lon="-6.8878972" version="1" timestamp="2022-04-18T11:34:26Z" changeset="119853764" uid="15458852" user="Crick_RN"/>
  <node id="9676190107" lat="33.9179858" lon="-6.8888860" version="1" timestamp="2022-04-19T05:06:00Z" changeset="119886334" uid="15008581" user="Potter_Gang"/>
  <node id="9676190108" lat="33.9176801" lon="-6.8871934" version="1" timestamp="2022-04-19T05:06:00Z" changeset="119886334" uid="15008581" user="Potter_Gang"/>
  <node id="9676190109" lat="33.9179997" lon="-6.8880496" version="1" timestamp="2022-04-19T05:06:00Z" changeset="119886334" uid="15008581" user="Potter_Gang"/>
  <node id="9676190110" lat="33.9183431" lon="-6.8878445" version="1" timestamp="2022-04-19T05:06:00Z" changeset="119886334" uid="15008581" user="Potter_Gang"/>
  <node id="9676190111" lat="33.9177232" lon="-6.8882148" version="1" timestamp="2022-04-19T05:06:00Z" changeset="119886334" uid="15008581" user="Potter_Gang"/>
  <node id="9676190113" lat="33.9175143" lon="-6.8884088" version="1" timestamp="2022-04-19T05:06:00Z" changeset="119886334" uid="15008581" user="Potter_Gang"/>
  <node id="9676190115" lat="33.9177447" lon="-6.8882745" version="1" timestamp="2022-04-19T05:06:00Z" changeset="119886334" uid="15008581" user="Potter_Gang"/>
  <node id="9676193107" lat="33.9220284" lon="-6.8878147" version="1" timestamp="2022-04-19T05:37:26Z" changeset="119887245" uid="15008597" user="Bell_Jan"/>
  <node id="9676193109" lat="33.9222586" lon="-6.8873575" version="1" timestamp="2022-04-19T05:37:26Z" changeset="119887245" uid="15008597" user="Bell_Jan"/>
  <node id="9676193111" lat="33.9220721" lon="-6.8873459" version="2" timestamp="2022-04-22T05:13:44Z" changeset="120028554" uid="15008597" user="Bell_Jan"/>
  <node id="9676193112" lat="33.9221384" lon="-6.8873508" version="1" timestamp="2022-04-19T05:37:26Z" changeset="119887245" uid="15008597" user="Bell_Jan"/>
  <node id="9676193113" lat="33.9221818" lon="-6.8873575" version="1" timestamp="2022-04-19T05:37:26Z" changeset="119887245" uid="15008597" user="Bell_Jan"/>
  <node id="9676193114" lat="33.9223310" lon="-6.8873656" version="1" timestamp="2022-04-19T05:37:26Z" changeset="119887245" uid="15008597" user="Bell_Jan"/>
  <node id="9676193115" lat="33.9224344" lon="-6.8873763" version="1" timestamp="2022-04-19T05:37:26Z" changeset="119887245" uid="15008597" user="Bell_Jan"/>
  <node id="9676193116" lat="33.9225958" lon="-6.8873991" version="1" timestamp="2022-04-19T05:37:26Z" changeset="119887245" uid="15008597" user="Bell_Jan"/>
  <node id="9676211025" lat="33.9174921" lon="-6.8875761" version="1" timestamp="2022-04-19T05:06:00Z" changeset="119886334" uid="15008581" user="Potter_Gang"/>
  <node id="9676211029" lat="33.9164112" lon="-6.8865103" version="1" timestamp="2022-04-19T05:06:00Z" changeset="119886334" uid="15008581" user="Potter_Gang"/>
  <node id="9676211034" lat="33.9174162" lon="-6.8873690" version="1" timestamp="2022-04-19T05:06:00Z" changeset="119886334" uid="15008581" user="Potter_Gang"/>
  <node id="9676218758" lat="33.9171982" lon="-6.8898390" version="1" timestamp="2022-04-19T05:17:44Z" changeset="119886660" uid="15008581" user="Potter_Gang"/>
  <node id="9676218759" lat="33.9173313" lon="-6.8902074" version="1" timestamp="2022-04-19T05:17:44Z" changeset="119886660" uid="15008581" user="Potter_Gang"/>
  <node id="9676218760" lat="33.9171294" lon="-6.8898764" version="1" timestamp="2022-04-19T05:17:44Z" changeset="119886660" uid="15008581" user="Potter_Gang"/>
  <node id="9676218762" lat="33.9168525" lon="-6.8900270" version="1" timestamp="2022-04-19T05:17:44Z" changeset="119886660" uid="15008581" user="Potter_Gang"/>
  <node id="9676234103" lat="33.9208649" lon="-6.8870387" version="1" timestamp="2022-04-19T05:40:58Z" changeset="119887365" uid="15008597" user="Bell_Jan"/>
  <node id="9676234104" lat="33.9209288" lon="-6.8872140" version="1" timestamp="2022-04-19T05:40:58Z" changeset="119887365" uid="15008597" user="Bell_Jan"/>
  <node id="9676234105" lat="33.9209933" lon="-6.8873817" version="1" timestamp="2022-04-19T05:40:58Z" changeset="119887365" uid="15008597" user="Bell_Jan"/>
  <node id="9676234106" lat="33.9210634" lon="-6.8875547" version="1" timestamp="2022-04-19T05:40:58Z" changeset="119887365" uid="15008597" user="Bell_Jan"/>
  <node id="9676234107" lat="33.9211335" lon="-6.8877679" version="1" timestamp="2022-04-19T05:40:58Z" changeset="119887365" uid="15008597" user="Bell_Jan"/>
  <node id="9676254217" lat="33.9228496" lon="-6.8874307" version="1" timestamp="2022-04-19T05:37:26Z" changeset="119887245" uid="15008597" user="Bell_Jan"/>
  <node id="9676254218" lat="33.9221001" lon="-6.8869721" version="1" timestamp="2022-04-19T05:37:26Z" changeset="119887245" uid="15008597" user="Bell_Jan"/>
  <node id="9676332285" lat="33.9193926" lon="-6.8873586" version="1" timestamp="2022-04-19T06:42:30Z" changeset="119889646" uid="14728791" user="Rtanj"/>
  <node id="9676332286" lat="33.9197079" lon="-6.8871993" version="1" timestamp="2022-04-19T06:42:30Z" changeset="119889646" uid="14728791" user="Rtanj"/>
  <node id="9676332287" lat="33.9200538" lon="-6.8869967" version="1" timestamp="2022-04-19T06:42:30Z" changeset="119889646" uid="14728791" user="Rtanj"/>
  <node id="9676332288" lat="33.9193088" lon="-6.8871305" version="1" timestamp="2022-04-19T06:42:30Z" changeset="119889646" uid="14728791" user="Rtanj"/>
  <node id="9676332289" lat="33.9196367" lon="-6.8869498" version="1" timestamp="2022-04-19T06:42:30Z" changeset="119889646" uid="14728791" user="Rtanj"/>
  <node id="9676332290" lat="33.9199593" lon="-6.8867470" version="1" timestamp="2022-04-19T06:42:30Z" changeset="119889646" uid="14728791" user="Rtanj"/>
  <node id="9676332291" lat="33.9192124" lon="-6.8868680" version="1" timestamp="2022-04-19T06:42:30Z" changeset="119889646" uid="14728791" user="Rtanj"/>
  <node id="9676332292" lat="33.9195388" lon="-6.8867004" version="1" timestamp="2022-04-19T06:42:30Z" changeset="119889646" uid="14728791" user="Rtanj"/>
  <node id="9676332293" lat="33.9198713" lon="-6.8865141" version="1" timestamp="2022-04-19T06:42:30Z" changeset="119889646" uid="14728791" user="Rtanj"/>
  <node id="9676518910" lat="33.9190390" lon="-6.8872693" version="1" timestamp="2022-04-19T08:33:31Z" changeset="119894329" uid="15204708" user="Moto_JB"/>
  <node id="9679931005" lat="33.9202823" lon="-6.8888171" version="2" timestamp="2022-04-20T12:10:39Z" changeset="119951364" uid="14728702" user="Tinetto"/>
  <node id="9679931006" lat="33.9205070" lon="-6.8893944" version="1" timestamp="2022-04-20T12:01:48Z" changeset="119950885" uid="14728702" user="Tinetto"/>
  <node id="9679931007" lat="33.9200823" lon="-6.8889357" version="2" timestamp="2022-04-20T12:10:39Z" changeset="119951364" uid="14728702" user="Tinetto"/>
  <node id="9679931008" lat="33.9203601" lon="-6.8887630" version="2" timestamp="2022-04-20T12:10:39Z" changeset="119951364" uid="14728702" user="Tinetto"/>
  <node id="9679931011" lat="33.9204602" lon="-6.8886986" version="2" timestamp="2022-04-20T12:10:39Z" changeset="119951364" uid="14728702" user="Tinetto"/>
  <node id="9679931012" lat="33.9207091" lon="-6.8893007" version="1" timestamp="2022-04-20T12:01:48Z" changeset="119950885" uid="14728702" user="Tinetto"/>
  <node id="9679931013" lat="33.9199931" lon="-6.8896465" version="1" timestamp="2022-04-20T12:01:48Z" changeset="119950885" uid="14728702" user="Tinetto"/>
  <node id="9679931014" lat="33.9209336" lon="-6.8891967" version="1" timestamp="2022-04-20T12:01:48Z" changeset="119950885" uid="14728702" user="Tinetto"/>
  <node id="9679995053" lat="33.9205270" lon="-6.8886396" version="1" timestamp="2022-04-20T12:10:39Z" changeset="119951364" uid="14728702" user="Tinetto"/>
  <node id="9679995054" lat="33.9206854" lon="-6.8885456" version="1" timestamp="2022-04-20T12:10:39Z" changeset="119951364" uid="14728702" user="Tinetto"/>
  <node id="9682290877" lat="33.9208453" lon="-6.8876311" version="1" timestamp="2022-04-21T10:03:17Z" changeset="119992728" uid="14728791" user="Rtanj"/>
  <node id="9682290878" lat="33.9207830" lon="-6.8874525" version="1" timestamp="2022-04-21T10:03:17Z" changeset="119992728" uid="14728791" user="Rtanj"/>
  <node id="9682290879" lat="33.9209055" lon="-6.8877846" version="1" timestamp="2022-04-21T10:03:17Z" changeset="119992728" uid="14728791" user="Rtanj"/>
  <node id="9682290880" lat="33.9205873" lon="-6.8875671" version="1" timestamp="2022-04-21T10:03:17Z" changeset="119992728" uid="14728791" user="Rtanj"/>
  <node id="9682290881" lat="33.9206461" lon="-6.8877277" version="1" timestamp="2022-04-21T10:03:17Z" changeset="119992728" uid="14728791" user="Rtanj"/>
  <node id="9682290882" lat="33.9207051" lon="-6.8878995" version="1" timestamp="2022-04-21T10:03:17Z" changeset="119992728" uid="14728791" user="Rtanj"/>
  <node id="9682290883" lat="33.9209772" lon="-6.8873399" version="1" timestamp="2022-04-21T10:03:17Z" changeset="119992728" uid="14728791" user="Rtanj"/>
  <node id="9682290884" lat="33.9206761" lon="-6.8875144" version="1" timestamp="2022-04-21T10:03:17Z" changeset="119992728" uid="14728791" user="Rtanj"/>
  <node id="9682290885" lat="33.9203434" lon="-6.8877116" version="1" timestamp="2022-04-21T10:03:17Z" changeset="119992728" uid="14728791" user="Rtanj"/>
  <node id="9682290886" lat="33.9211023" lon="-6.8876730" version="1" timestamp="2022-04-21T10:03:17Z" changeset="119992728" uid="14728791" user="Rtanj"/>
  <node id="9682290887" lat="33.9207885" lon="-6.8878524" version="1" timestamp="2022-04-21T10:03:17Z" changeset="119992728" uid="14728791" user="Rtanj"/>
  <node id="9682290888" lat="33.9204787" lon="-6.8880318" version="1" timestamp="2022-04-21T10:03:17Z" changeset="119992728" uid="14728791" user="Rtanj"/>
  <node id="9684411296" lat="33.9182245" lon="-6.8875674" version="1" timestamp="2022-04-22T04:57:48Z" changeset="120028113" uid="15008597" user="Bell_Jan"/>
  <node id="9684411297" lat="33.9182857" lon="-6.8875292" version="1" timestamp="2022-04-22T04:57:48Z" changeset="120028113" uid="15008597" user="Bell_Jan"/>
  <node id="9684411298" lat="33.9183725" lon="-6.8874742" version="1" timestamp="2022-04-22T04:57:48Z" changeset="120028113" uid="15008597" user="Bell_Jan"/>
  <node id="9684411299" lat="33.9184749" lon="-6.8874139" version="1" timestamp="2022-04-22T04:57:48Z" changeset="120028113" uid="15008597" user="Bell_Jan"/>
  <node id="9684411300" lat="33.9185650" lon="-6.8873629" version="1" timestamp="2022-04-22T04:57:48Z" changeset="120028113" uid="15008597" user="Bell_Jan"/>
  <node id="9684411301" lat="33.9186284" lon="-6.8873267" version="1" timestamp="2022-04-22T04:57:48Z" changeset="120028113" uid="15008597" user="Bell_Jan"/>
  <node id="9684411302" lat="33.9186967" lon="-6.8872728" version="1" timestamp="2022-04-22T04:57:48Z" changeset="120028113" uid="15008597" user="Bell_Jan"/>
  <node id="9684412160" lat="33.9199305" lon="-6.8879047" version="2" timestamp="2022-04-22T05:03:15Z" changeset="120028257" uid="15008597" user="Bell_Jan"/>
  <node id="9684412161" lat="33.9199550" lon="-6.8879771" version="1" timestamp="2022-04-22T05:01:46Z" changeset="120028227" uid="15008597" user="Bell_Jan"/>
  <node id="9684412162" lat="33.9200006" lon="-6.8881179" version="1" timestamp="2022-04-22T05:01:46Z" changeset="120028227" uid="15008597" user="Bell_Jan"/>
  <node id="9684412163" lat="33.9201064" lon="-6.8877117" version="1" timestamp="2022-04-22T05:01:46Z" changeset="120028227" uid="15008597" user="Bell_Jan"/>
  <node id="9684412164" lat="33.9201208" lon="-6.8877465" version="1" timestamp="2022-04-22T05:01:46Z" changeset="120028227" uid="15008597" user="Bell_Jan"/>
  <node id="9684412165" lat="33.9201542" lon="-6.8878457" version="1" timestamp="2022-04-22T05:01:46Z" changeset="120028227" uid="15008597" user="Bell_Jan"/>
  <node id="9684412166" lat="33.9202076" lon="-6.8879865" version="1" timestamp="2022-04-22T05:01:46Z" changeset="120028227" uid="15008597" user="Bell_Jan"/>
  <node id="9684412167" lat="33.9198397" lon="-6.8884043" version="1" timestamp="2022-04-22T05:01:46Z" changeset="120028227" uid="15008597" user="Bell_Jan"/>
  <node id="9684412168" lat="33.9198827" lon="-6.8883728" version="1" timestamp="2022-04-22T05:01:46Z" changeset="120028227" uid="15008597" user="Bell_Jan"/>
  <node id="9684412169" lat="33.9199505" lon="-6.8883272" version="1" timestamp="2022-04-22T05:01:46Z" changeset="120028227" uid="15008597" user="Bell_Jan"/>
  <node id="9684412170" lat="33.9200485" lon="-6.8882735" version="1" timestamp="2022-04-22T05:01:46Z" changeset="120028227" uid="15008597" user="Bell_Jan"/>
  <node id="9684412171" lat="33.9201787" lon="-6.8882038" version="1" timestamp="2022-04-22T05:01:46Z" changeset="120028227" uid="15008597" user="Bell_Jan"/>
  <node id="9684412172" lat="33.9202722" lon="-6.8881448" version="1" timestamp="2022-04-22T05:01:46Z" changeset="120028227" uid="15008597" user="Bell_Jan"/>
  <node id="9684412173" lat="33.9203634" lon="-6.8880858" version="1" timestamp="2022-04-22T05:01:46Z" changeset="120028227" uid="15008597" user="Bell_Jan"/>
  <node id="9684412174" lat="33.9196551" lon="-6.8879949" version="1" timestamp="2022-04-22T05:01:46Z" changeset="120028227" uid="15008597" user="Bell_Jan"/>
  <node id="9684412175" lat="33.9197068" lon="-6.8879597" version="1" timestamp="2022-04-22T05:01:46Z" changeset="120028227" uid="15008597" user="Bell_Jan"/>
  <node id="9684412176" lat="33.9197881" lon="-6.8879074" version="1" timestamp="2022-04-22T05:01:46Z" changeset="120028227" uid="15008597" user="Bell_Jan"/>
  <node id="9684412177" lat="33.9199038" lon="-6.8878336" version="1" timestamp="2022-04-22T05:01:46Z" changeset="120028227" uid="15008597" user="Bell_Jan"/>
  <node id="9684412178" lat="33.9200351" lon="-6.8877505" version="2" timestamp="2022-04-22T05:03:15Z" changeset="120028257" uid="15008597" user="Bell_Jan"/>
  <node id="9684412179" lat="33.9201720" lon="-6.8876673" version="1" timestamp="2022-04-22T05:01:46Z" changeset="120028227" uid="15008597" user="Bell_Jan"/>
  <node id="9684412180" lat="33.9202928" lon="-6.8875919" version="1" timestamp="2022-04-22T05:01:46Z" changeset="120028227" uid="15008597" user="Bell_Jan"/>
  <node id="9684423787" lat="33.9211970" lon="-6.8891278" version="1" timestamp="2022-04-22T05:06:53Z" changeset="120028360" uid="15008597" user="Bell_Jan"/>
  <node id="9684423788" lat="33.9209594" lon="-6.8884920" version="1" timestamp="2022-04-22T05:06:53Z" changeset="120028360" uid="15008597" user="Bell_Jan"/>
  <node id="9684423789" lat="33.9209788" lon="-6.8885525" version="1" timestamp="2022-04-22T05:06:53Z" changeset="120028360" uid="15008597" user="Bell_Jan"/>
  <node id="9684423790" lat="33.9210289" lon="-6.8886825" version="1" timestamp="2022-04-22T05:06:53Z" changeset="120028360" uid="15008597" user="Bell_Jan"/>
  <node id="9684423791" lat="33.9210623" lon="-6.8887711" version="1" timestamp="2022-04-22T05:06:53Z" changeset="120028360" uid="15008597" user="Bell_Jan"/>
  <node id="9684423792" lat="33.9210979" lon="-6.8888676" version="1" timestamp="2022-04-22T05:06:53Z" changeset="120028360" uid="15008597" user="Bell_Jan"/>
  <node id="9684423793" lat="33.9211396" lon="-6.8889635" version="1" timestamp="2022-04-22T05:06:53Z" changeset="120028360" uid="15008597" user="Bell_Jan"/>
  <node id="9684423794" lat="33.9211613" lon="-6.8890218" version="1" timestamp="2022-04-22T05:06:53Z" changeset="120028360" uid="15008597" user="Bell_Jan"/>
  <node id="9684423795" lat="33.9212156" lon="-6.8891892" version="1" timestamp="2022-04-22T05:06:53Z" changeset="120028360" uid="15008597" user="Bell_Jan"/>
  <node id="9684423796" lat="33.9211491" lon="-6.8883935" version="1" timestamp="2022-04-22T05:06:53Z" changeset="120028360" uid="15008597" user="Bell_Jan"/>
  <node id="9684423797" lat="33.9211658" lon="-6.8884613" version="1" timestamp="2022-04-22T05:06:53Z" changeset="120028360" uid="15008597" user="Bell_Jan"/>
  <node id="9684423798" lat="33.9211992" lon="-6.8885766" version="1" timestamp="2022-04-22T05:06:53Z" changeset="120028360" uid="15008597" user="Bell_Jan"/>
  <node id="9684423799" lat="33.9212548" lon="-6.8887268" version="1" timestamp="2022-04-22T05:06:53Z" changeset="120028360" uid="15008597" user="Bell_Jan"/>
  <node id="9684423800" lat="33.9213049" lon="-6.8888529" version="1" timestamp="2022-04-22T05:06:53Z" changeset="120028360" uid="15008597" user="Bell_Jan"/>
  <node id="9684423801" lat="33.9213483" lon="-6.8889494" version="1" timestamp="2022-04-22T05:06:53Z" changeset="120028360" uid="15008597" user="Bell_Jan"/>
  <node id="9684423802" lat="33.9213839" lon="-6.8890715" version="1" timestamp="2022-04-22T05:06:53Z" changeset="120028360" uid="15008597" user="Bell_Jan"/>
  <node id="9684423803" lat="33.9209602" lon="-6.8892664" version="1" timestamp="2022-04-22T05:06:53Z" changeset="120028360" uid="15008597" user="Bell_Jan"/>
  <node id="9684423804" lat="33.9210100" lon="-6.8892498" version="1" timestamp="2022-04-22T05:06:53Z" changeset="120028360" uid="15008597" user="Bell_Jan"/>
  <node id="9684423805" lat="33.9211202" lon="-6.8892163" version="1" timestamp="2022-04-22T05:06:53Z" changeset="120028360" uid="15008597" user="Bell_Jan"/>
  <node id="9684423806" lat="33.9212760" lon="-6.8891720" version="1" timestamp="2022-04-22T05:06:53Z" changeset="120028360" uid="15008597" user="Bell_Jan"/>
  <node id="9684423807" lat="33.9213984" lon="-6.8891492" version="1" timestamp="2022-04-22T05:06:53Z" changeset="120028360" uid="15008597" user="Bell_Jan"/>
  <node id="9684423808" lat="33.9214674" lon="-6.8891399" version="1" timestamp="2022-04-22T05:06:53Z" changeset="120028360" uid="15008597" user="Bell_Jan"/>
  <node id="9684423809" lat="33.9215241" lon="-6.8891211" version="1" timestamp="2022-04-22T05:06:53Z" changeset="120028360" uid="15008597" user="Bell_Jan"/>
  <node id="9684423810" lat="33.9215609" lon="-6.8890916" version="1" timestamp="2022-04-22T05:06:53Z" changeset="120028360" uid="15008597" user="Bell_Jan"/>
  <node id="9684423811" lat="33.9207167" lon="-6.8886278" version="1" timestamp="2022-04-22T05:06:53Z" changeset="120028360" uid="15008597" user="Bell_Jan"/>
  <node id="9684423812" lat="33.9207552" lon="-6.8886061" version="1" timestamp="2022-04-22T05:06:53Z" changeset="120028360" uid="15008597" user="Bell_Jan"/>
  <node id="9684423813" lat="33.9208141" lon="-6.8885712" version="1" timestamp="2022-04-22T05:06:53Z" changeset="120028360" uid="15008597" user="Bell_Jan"/>
  <node id="9684423814" lat="33.9208954" lon="-6.8885256" version="1" timestamp="2022-04-22T05:06:53Z" changeset="120028360" uid="15008597" user="Bell_Jan"/>
  <node id="9684423815" lat="33.9209822" lon="-6.8884800" version="1" timestamp="2022-04-22T05:06:53Z" changeset="120028360" uid="15008597" user="Bell_Jan"/>
  <node id="9684423816" lat="33.9210968" lon="-6.8884197" version="1" timestamp="2022-04-22T05:06:53Z" changeset="120028360" uid="15008597" user="Bell_Jan"/>
  <node id="9684430920" lat="33.9212443" lon="-6.8861161" version="1" timestamp="2022-04-22T05:05:40Z" changeset="120028333" uid="15458791" user="BR_pebble"/>
  <node id="9684430921" lat="33.9211841" lon="-6.8869521" version="1" timestamp="2022-04-22T05:05:40Z" changeset="120028333" uid="15458791" user="BR_pebble"/>
  <node id="9684444677" lat="33.9200721" lon="-6.8862071" version="1" timestamp="2022-04-22T05:18:41Z" changeset="120028665" uid="15008597" user="Bell_Jan"/>
  <node id="9684444678" lat="33.9200897" lon="-6.8862645" version="1" timestamp="2022-04-22T05:18:41Z" changeset="120028665" uid="15008597" user="Bell_Jan"/>
  <node id="9684444679" lat="33.9201275" lon="-6.8863799" version="1" timestamp="2022-04-22T05:18:41Z" changeset="120028665" uid="15008597" user="Bell_Jan"/>
  <node id="9684444680" lat="33.9201587" lon="-6.8864791" version="1" timestamp="2022-04-22T05:18:41Z" changeset="120028665" uid="15008597" user="Bell_Jan"/>
  <node id="9684444681" lat="33.9202199" lon="-6.8866280" version="1" timestamp="2022-04-22T05:18:41Z" changeset="120028665" uid="15008597" user="Bell_Jan"/>
  <node id="9684444682" lat="33.9202811" lon="-6.8867849" version="1" timestamp="2022-04-22T05:18:41Z" changeset="120028665" uid="15008597" user="Bell_Jan"/>
  <node id="9684444683" lat="33.9203356" lon="-6.8869203" version="1" timestamp="2022-04-22T05:18:41Z" changeset="120028665" uid="15008597" user="Bell_Jan"/>
  <node id="9684444684" lat="33.9203857" lon="-6.8870612" version="1" timestamp="2022-04-22T05:18:41Z" changeset="120028665" uid="15008597" user="Bell_Jan"/>
  <node id="9684444685" lat="33.9204198" lon="-6.8871884" version="1" timestamp="2022-04-22T05:18:41Z" changeset="120028665" uid="15008597" user="Bell_Jan"/>
  <node id="9684444686" lat="33.9205393" lon="-6.8861709" version="1" timestamp="2022-04-22T05:18:41Z" changeset="120028665" uid="15008597" user="Bell_Jan"/>
  <node id="9684444687" lat="33.9205660" lon="-6.8862578" version="1" timestamp="2022-04-22T05:18:41Z" changeset="120028665" uid="15008597" user="Bell_Jan"/>
  <node id="9684444688" lat="33.9206038" lon="-6.8863772" version="1" timestamp="2022-04-22T05:18:41Z" changeset="120028665" uid="15008597" user="Bell_Jan"/>
  <node id="9684444689" lat="33.9206394" lon="-6.8865059" version="1" timestamp="2022-04-22T05:18:41Z" changeset="120028665" uid="15008597" user="Bell_Jan"/>
  <node id="9684444690" lat="33.9207051" lon="-6.8866494" version="1" timestamp="2022-04-22T05:18:41Z" changeset="120028665" uid="15008597" user="Bell_Jan"/>
  <node id="9684444691" lat="33.9207752" lon="-6.8868211" version="1" timestamp="2022-04-22T05:18:41Z" changeset="120028665" uid="15008597" user="Bell_Jan"/>
  <node id="9684444692" lat="33.9208186" lon="-6.8869472" version="1" timestamp="2022-04-22T05:18:41Z" changeset="120028665" uid="15008597" user="Bell_Jan"/>
  <node id="9684444693" lat="33.9203103" lon="-6.8861886" version="1" timestamp="2022-04-22T05:18:41Z" changeset="120028665" uid="15008597" user="Bell_Jan"/>
  <node id="9684444694" lat="33.9203367" lon="-6.8862887" version="1" timestamp="2022-04-22T05:18:41Z" changeset="120028665" uid="15008597" user="Bell_Jan"/>
  <node id="9684444695" lat="33.9203612" lon="-6.8863718" version="1" timestamp="2022-04-22T05:18:41Z" changeset="120028665" uid="15008597" user="Bell_Jan"/>
  <node id="9684444696" lat="33.9203835" lon="-6.8864563" version="1" timestamp="2022-04-22T05:18:41Z" changeset="120028665" uid="15008597" user="Bell_Jan"/>
  <node id="9684444697" lat="33.9204213" lon="-6.8865421" version="1" timestamp="2022-04-22T05:18:41Z" changeset="120028665" uid="15008597" user="Bell_Jan"/>
  <node id="9684444698" lat="33.9204658" lon="-6.8866588" version="1" timestamp="2022-04-22T05:18:41Z" changeset="120028665" uid="15008597" user="Bell_Jan"/>
  <node id="9684444699" lat="33.9205348" lon="-6.8868184" version="1" timestamp="2022-04-22T05:18:41Z" changeset="120028665" uid="15008597" user="Bell_Jan"/>
  <node id="9684444700" lat="33.9205949" lon="-6.8869941" version="1" timestamp="2022-04-22T05:18:41Z" changeset="120028665" uid="15008597" user="Bell_Jan"/>
  <node id="9684444701" lat="33.9206388" lon="-6.8871136" version="1" timestamp="2022-04-22T05:18:41Z" changeset="120028665" uid="15008597" user="Bell_Jan"/>
  <node id="9684451117" lat="33.9212148" lon="-6.8883607" version="1" timestamp="2022-04-22T05:06:53Z" changeset="120028360" uid="15008597" user="Bell_Jan"/>
  <node id="9684451118" lat="33.9213205" lon="-6.8883030" version="1" timestamp="2022-04-22T05:06:53Z" changeset="120028360" uid="15008597" user="Bell_Jan"/>
  <node id="9684451489" lat="33.9219481" lon="-6.8883406" version="1" timestamp="2022-04-22T05:22:03Z" changeset="120028749" uid="15008597" user="Bell_Jan"/>
  <node id="9684451490" lat="33.9219114" lon="-6.8883017" version="1" timestamp="2022-04-22T05:22:03Z" changeset="120028749" uid="15008597" user="Bell_Jan"/>
  <node id="9684451491" lat="33.9218636" lon="-6.8881890" version="1" timestamp="2022-04-22T05:22:03Z" changeset="120028749" uid="15008597" user="Bell_Jan"/>
  <node id="9684451492" lat="33.9218313" lon="-6.8880630" version="1" timestamp="2022-04-22T05:22:03Z" changeset="120028749" uid="15008597" user="Bell_Jan"/>
  <node id="9684451493" lat="33.9217923" lon="-6.8879624" version="1" timestamp="2022-04-22T05:22:03Z" changeset="120028749" uid="15008597" user="Bell_Jan"/>
  <node id="9684457017" lat="33.9215920" lon="-6.8873160" version="1" timestamp="2022-04-22T05:13:44Z" changeset="120028554" uid="15008597" user="Bell_Jan"/>
  <node id="9684457018" lat="33.9215809" lon="-6.8873274" version="1" timestamp="2022-04-22T05:13:44Z" changeset="120028554" uid="15008597" user="Bell_Jan"/>
  <node id="9684457019" lat="33.9215725" lon="-6.8873481" version="1" timestamp="2022-04-22T05:13:44Z" changeset="120028554" uid="15008597" user="Bell_Jan"/>
  <node id="9684457020" lat="33.9215837" lon="-6.8874118" version="1" timestamp="2022-04-22T05:13:44Z" changeset="120028554" uid="15008597" user="Bell_Jan"/>
  <node id="9684457021" lat="33.9216154" lon="-6.8875822" version="1" timestamp="2022-04-22T05:13:44Z" changeset="120028554" uid="15008597" user="Bell_Jan"/>
  <node id="9684457022" lat="33.9216304" lon="-6.8876304" version="1" timestamp="2022-04-22T05:13:44Z" changeset="120028554" uid="15008597" user="Bell_Jan"/>
  <node id="9684457023" lat="33.9217315" lon="-6.8878075" version="1" timestamp="2022-04-22T05:13:44Z" changeset="120028554" uid="15008597" user="Bell_Jan"/>
  <node id="9684457024" lat="33.9216855" lon="-6.8877263" version="1" timestamp="2022-04-22T05:13:44Z" changeset="120028554" uid="15008597" user="Bell_Jan"/>
  <node id="9684457025" lat="33.9216521" lon="-6.8876734" version="1" timestamp="2022-04-22T05:13:44Z" changeset="120028554" uid="15008597" user="Bell_Jan"/>
  <node id="9684457026" lat="33.9216121" lon="-6.8875520" version="1" timestamp="2022-04-22T05:13:44Z" changeset="120028554" uid="15008597" user="Bell_Jan"/>
  <node id="9684457027" lat="33.9216043" lon="-6.8875037" version="1" timestamp="2022-04-22T05:13:44Z" changeset="120028554" uid="15008597" user="Bell_Jan"/>
  <node id="9684457028" lat="33.9215781" lon="-6.8873756" version="1" timestamp="2022-04-22T05:13:44Z" changeset="120028554" uid="15008597" user="Bell_Jan"/>
  <node id="9684457029" lat="33.9216198" lon="-6.8873180" version="1" timestamp="2022-04-22T05:13:44Z" changeset="120028554" uid="15008597" user="Bell_Jan"/>
  <node id="9684457030" lat="33.9216816" lon="-6.8873220" version="1" timestamp="2022-04-22T05:13:44Z" changeset="120028554" uid="15008597" user="Bell_Jan"/>
  <node id="9684457031" lat="33.9218279" lon="-6.8873267" version="1" timestamp="2022-04-22T05:13:44Z" changeset="120028554" uid="15008597" user="Bell_Jan"/>
  <node id="9684457032" lat="33.9219381" lon="-6.8873414" version="1" timestamp="2022-04-22T05:13:44Z" changeset="120028554" uid="15008597" user="Bell_Jan"/>
  <node id="9684457033" lat="33.9220216" lon="-6.8873455" version="1" timestamp="2022-04-22T05:13:44Z" changeset="120028554" uid="15008597" user="Bell_Jan"/>
  <node id="9696563521" lat="33.9155823" lon="-6.8865895" version="1" timestamp="2022-04-27T03:19:21Z" changeset="120236892" uid="14728801" user="Grintovec"/>
  <node id="9699753664" lat="33.9212170" lon="-6.8851648" version="1" timestamp="2022-04-28T06:33:31Z" changeset="120288342" uid="15458838" user="Art_NS"/>
  <node id="9699753665" lat="33.9213372" lon="-6.8854022" version="1" timestamp="2022-04-28T06:33:31Z" changeset="120288342" uid="15458838" user="Art_NS"/>
  <node id="9699753666" lat="33.9214418" lon="-6.8859507" version="1" timestamp="2022-04-28T06:33:31Z" changeset="120288342" uid="15458838" user="Art_NS"/>
  <node id="9699753667" lat="33.9213806" lon="-6.8855430" version="1" timestamp="2022-04-28T06:33:31Z" changeset="120288342" uid="15458838" user="Art_NS"/>
  <node id="9699753668" lat="33.9212359" lon="-6.8852198" version="1" timestamp="2022-04-28T06:33:31Z" changeset="120288342" uid="15458838" user="Art_NS"/>
  <node id="9699753669" lat="33.9211602" lon="-6.8849677" version="1" timestamp="2022-04-28T06:33:31Z" changeset="120288342" uid="15458838" user="Art_NS"/>
  <node id="9699794762" lat="33.9206342" lon="-6.8906636" version="1" timestamp="2022-04-28T07:21:09Z" changeset="120290301" uid="15458805" user="Fashluk"/>
  <node id="9699805195" lat="33.9209908" lon="-6.8902822" version="1" timestamp="2022-04-28T07:27:00Z" changeset="120290524" uid="15458805" user="Fashluk"/>
  <node id="9699853008" lat="33.9188524" lon="-6.8898300" version="1" timestamp="2022-04-28T07:37:23Z" changeset="120290954" uid="15458805" user="Fashluk"/>
  <node id="9699853009" lat="33.9195400" lon="-6.8894523" version="1" timestamp="2022-04-28T07:37:23Z" changeset="120290954" uid="15458805" user="Fashluk"/>
  <node id="9699853010" lat="33.9193901" lon="-6.8890469" version="1" timestamp="2022-04-28T07:37:23Z" changeset="120290954" uid="15458805" user="Fashluk"/>
  <node id="9699853011" lat="33.9196234" lon="-6.8896776" version="1" timestamp="2022-04-28T07:37:23Z" changeset="120290954" uid="15458805" user="Fashluk"/>
  <node id="9699853012" lat="33.9196412" lon="-6.8897192" version="1" timestamp="2022-04-28T07:37:23Z" changeset="120290954" uid="15458805" user="Fashluk"/>
  <node id="9699853013" lat="33.9196484" lon="-6.8897413" version="1" timestamp="2022-04-28T07:37:23Z" changeset="120290954" uid="15458805" user="Fashluk"/>
  <node id="9699853014" lat="33.9196473" lon="-6.8897608" version="1" timestamp="2022-04-28T07:37:23Z" changeset="120290954" uid="15458805" user="Fashluk"/>
  <node id="9699853015" lat="33.9196323" lon="-6.8897769" version="1" timestamp="2022-04-28T07:37:23Z" changeset="120290954" uid="15458805" user="Fashluk"/>
  <node id="9699853016" lat="33.9196133" lon="-6.8897916" version="1" timestamp="2022-04-28T07:37:23Z" changeset="120290954" uid="15458805" user="Fashluk"/>
  <node id="9699855317" lat="33.9195872" lon="-6.8898044" version="1" timestamp="2022-04-28T07:37:23Z" changeset="120290954" uid="15458805" user="Fashluk"/>
  <node id="9699855318" lat="33.9189841" lon="-6.8901674" version="1" timestamp="2022-04-28T07:37:23Z" changeset="120290954" uid="15458805" user="Fashluk"/>
  <node id="9708610299" lat="33.9182132" lon="-6.8933073" version="1" timestamp="2022-05-02T07:37:19Z" changeset="120447771" uid="15458852" user="Crick_RN"/>
  <node id="9708688027" lat="33.9199119" lon="-6.8914470" version="1" timestamp="2022-05-02T08:05:50Z" changeset="120448868" uid="15458852" user="Crick_RN"/>
  <node id="9717554845" lat="33.9212615" lon="-6.8852659" version="1" timestamp="2022-05-05T08:58:59Z" changeset="120577463" uid="15204669" user="Bon_gadget"/>
  <node id="9717554846" lat="33.9221073" lon="-6.8852057" version="1" timestamp="2022-05-05T08:58:59Z" changeset="120577463" uid="15204669" user="Bon_gadget"/>
  <node id="9717554847" lat="33.9221162" lon="-6.8855296" version="1" timestamp="2022-05-05T08:58:59Z" changeset="120577463" uid="15204669" user="Bon_gadget"/>
  <node id="9717554848" lat="33.9220995" lon="-6.8855685" version="1" timestamp="2022-05-05T08:58:59Z" changeset="120577463" uid="15204669" user="Bon_gadget"/>
  <node id="9717554849" lat="33.9220639" lon="-6.8855967" version="1" timestamp="2022-05-05T08:58:59Z" changeset="120577463" uid="15204669" user="Bon_gadget"/>
  <node id="9717554850" lat="33.9213927" lon="-6.8856236" version="1" timestamp="2022-05-05T08:58:59Z" changeset="120577463" uid="15204669" user="Bon_gadget"/>
  <node id="9950629510" lat="33.9200236" lon="-6.8897455" version="2" timestamp="2023-10-11T11:25:12Z" changeset="142432379" uid="15567285" user="Aya Samir"/>
  <node id="9950629511" lat="33.9199583" lon="-6.8897876" version="1" timestamp="2022-08-13T09:06:11Z" changeset="124845061" uid="15008590" user="Shel_Sri"/>
  <node id="9950629512" lat="33.9199116" lon="-6.8898064" version="1" timestamp="2022-08-13T09:06:11Z" changeset="124845061" uid="15008590" user="Shel_Sri"/>
  <node id="9950629513" lat="33.9198593" lon="-6.8898064" version="1" timestamp="2022-08-13T09:06:11Z" changeset="124845061" uid="15008590" user="Shel_Sri"/>
  <node id="10117620010" lat="33.9210004" lon="-6.8862583" version="1" timestamp="2022-10-20T23:36:08Z" changeset="127858768" uid="578772" user="alain2003"/>
  <node id="10117620011" lat="33.9211458" lon="-6.8862757" version="1" timestamp="2022-10-20T23:36:08Z" changeset="127858768" uid="578772" user="alain2003"/>
  <node id="10117620012" lat="33.9211485" lon="-6.8862439" version="1" timestamp="2022-10-20T23:36:08Z" changeset="127858768" uid="578772" user="alain2003"/>
  <node id="10117620013" lat="33.9211947" lon="-6.8862494" version="1" timestamp="2022-10-20T23:36:08Z" changeset="127858768" uid="578772" user="alain2003"/>
  <node id="10117620014" lat="33.9211636" lon="-6.8866266" version="1" timestamp="2022-10-20T23:36:08Z" changeset="127858768" uid="578772" user="alain2003"/>
  <node id="10117620015" lat="33.9210754" lon="-6.8866160" version="1" timestamp="2022-10-20T23:36:08Z" changeset="127858768" uid="578772" user="alain2003"/>
  <node id="10117620016" lat="33.9210803" lon="-6.8865576" version="1" timestamp="2022-10-20T23:36:08Z" changeset="127858768" uid="578772" user="alain2003"/>
  <node id="10117620017" lat="33.9210494" lon="-6.8865539" version="1" timestamp="2022-10-20T23:36:08Z" changeset="127858768" uid="578772" user="alain2003"/>
  <node id="10117620018" lat="33.9210544" lon="-6.8864928" version="1" timestamp="2022-10-20T23:36:08Z" changeset="127858768" uid="578772" user="alain2003"/>
  <node id="10117620019" lat="33.9209817" lon="-6.8864840" version="1" timestamp="2022-10-20T23:36:08Z" changeset="127858768" uid="578772" user="alain2003"/>
  <node id="10117620020" lat="33.9197519" lon="-6.8854075" version="1" timestamp="2022-10-20T23:36:08Z" changeset="127858768" uid="578772" user="alain2003"/>
  <node id="10117620021" lat="33.9200766" lon="-6.8853974" version="1" timestamp="2022-10-20T23:36:08Z" changeset="127858768" uid="578772" user="alain2003"/>
  <node id="10117620022" lat="33.9200773" lon="-6.8854283" version="1" timestamp="2022-10-20T23:36:08Z" changeset="127858768" uid="578772" user="alain2003"/>
  <node id="10117620023" lat="33.9200217" lon="-6.8854300" version="1" timestamp="2022-10-20T23:36:08Z" changeset="127858768" uid="578772" user="alain2003"/>
  <node id="10117620024" lat="33.9200236" lon="-6.8855197" version="1" timestamp="2022-10-20T23:36:08Z" changeset="127858768" uid="578772" user="alain2003"/>
  <node id="10117620025" lat="33.9197545" lon="-6.8855281" version="1" timestamp="2022-10-20T23:36:08Z" changeset="127858768" uid="578772" user="alain2003"/>
  <node id="10117620026" lat="33.9195710" lon="-6.8852328" version="1" timestamp="2022-10-20T23:36:08Z" changeset="127858768" uid="578772" user="alain2003"/>
  <node id="10117620027" lat="33.9196666" lon="-6.8852295" version="1" timestamp="2022-10-20T23:36:08Z" changeset="127858768" uid="578772" user="alain2003"/>
  <node id="10117620028" lat="33.9196749" lon="-6.8855779" version="1" timestamp="2022-10-20T23:36:08Z" changeset="127858768" uid="578772" user="alain2003"/>
  <node id="10117620029" lat="33.9195792" lon="-6.8855812" version="1" timestamp="2022-10-20T23:36:08Z" changeset="127858768" uid="578772" user="alain2003"/>
  <node id="10117620030" lat="33.9202585" lon="-6.8855456" version="1" timestamp="2022-10-20T23:36:08Z" changeset="127858768" uid="578772" user="alain2003"/>
  <node id="10117620031" lat="33.9202542" lon="-6.8854010" version="1" timestamp="2022-10-20T23:36:08Z" changeset="127858768" uid="578772" user="alain2003"/>
  <node id="10117620032" lat="33.9203498" lon="-6.8853969" version="1" timestamp="2022-10-20T23:36:08Z" changeset="127858768" uid="578772" user="alain2003"/>
  <node id="10117620033" lat="33.9203540" lon="-6.8855416" version="1" timestamp="2022-10-20T23:36:08Z" changeset="127858768" uid="578772" user="alain2003"/>
  <node id="10117620034" lat="33.9187220" lon="-6.8854865" version="1" timestamp="2022-10-20T23:36:08Z" changeset="127858768" uid="578772" user="alain2003"/>
  <node id="10117620035" lat="33.9187346" lon="-6.8856973" version="1" timestamp="2022-10-20T23:36:08Z" changeset="127858768" uid="578772" user="alain2003"/>
  <node id="10117620036" lat="33.9185884" lon="-6.8857099" version="1" timestamp="2022-10-20T23:36:08Z" changeset="127858768" uid="578772" user="alain2003"/>
  <node id="10117620037" lat="33.9185814" lon="-6.8855925" version="1" timestamp="2022-10-20T23:36:08Z" changeset="127858768" uid="578772" user="alain2003"/>
  <node id="10117620038" lat="33.9185438" lon="-6.8855958" version="1" timestamp="2022-10-20T23:36:08Z" changeset="127858768" uid="578772" user="alain2003"/>
  <node id="10117620039" lat="33.9185378" lon="-6.8854944" version="1" timestamp="2022-10-20T23:36:08Z" changeset="127858768" uid="578772" user="alain2003"/>
  <node id="10117620040" lat="33.9186551" lon="-6.8854842" version="1" timestamp="2022-10-20T23:36:08Z" changeset="127858768" uid="578772" user="alain2003"/>
  <node id="10117620041" lat="33.9186556" lon="-6.8854922" version="1" timestamp="2022-10-20T23:36:08Z" changeset="127858768" uid="578772" user="alain2003"/>
  <node id="10117620042" lat="33.9176304" lon="-6.8870359" version="1" timestamp="2022-10-20T23:36:08Z" changeset="127858768" uid="578772" user="alain2003"/>
  <node id="10117620043" lat="33.9176155" lon="-6.8866440" version="1" timestamp="2022-10-20T23:36:08Z" changeset="127858768" uid="578772" user="alain2003"/>
  <node id="10117620044" lat="33.9178212" lon="-6.8866326" version="1" timestamp="2022-10-20T23:36:08Z" changeset="127858768" uid="578772" user="alain2003"/>
  <node id="10117620045" lat="33.9178289" lon="-6.8868372" version="1" timestamp="2022-10-20T23:36:08Z" changeset="127858768" uid="578772" user="alain2003"/>
  <node id="10117620046" lat="33.9178645" lon="-6.8868352" version="1" timestamp="2022-10-20T23:36:08Z" changeset="127858768" uid="578772" user="alain2003"/>
  <node id="10117620047" lat="33.9178726" lon="-6.8870482" version="1" timestamp="2022-10-20T23:36:08Z" changeset="127858768" uid="578772" user="alain2003"/>
  <node id="10117620048" lat="33.9177971" lon="-6.8870524" version="1" timestamp="2022-10-20T23:36:08Z" changeset="127858768" uid="578772" user="alain2003"/>
  <node id="10117620049" lat="33.9177961" lon="-6.8870267" version="1" timestamp="2022-10-20T23:36:08Z" changeset="127858768" uid="578772" user="alain2003"/>
  <node id="10117620050" lat="33.9186374" lon="-6.8869962" version="1" timestamp="2022-10-20T23:36:08Z" changeset="127858768" uid="578772" user="alain2003"/>
  <node id="10117620051" lat="33.9187356" lon="-6.8869552" version="1" timestamp="2022-10-20T23:36:08Z" changeset="127858768" uid="578772" user="alain2003"/>
  <node id="10117620052" lat="33.9187283" lon="-6.8869299" version="1" timestamp="2022-10-20T23:36:08Z" changeset="127858768" uid="578772" user="alain2003"/>
  <node id="10117620053" lat="33.9188070" lon="-6.8868971" version="1" timestamp="2022-10-20T23:36:08Z" changeset="127858768" uid="578772" user="alain2003"/>
  <node id="10117620054" lat="33.9188542" lon="-6.8870612" version="1" timestamp="2022-10-20T23:36:08Z" changeset="127858768" uid="578772" user="alain2003"/>
  <node id="10117620055" lat="33.9187477" lon="-6.8871057" version="1" timestamp="2022-10-20T23:36:08Z" changeset="127858768" uid="578772" user="alain2003"/>
  <node id="10117620056" lat="33.9187629" lon="-6.8871584" version="1" timestamp="2022-10-20T23:36:08Z" changeset="127858768" uid="578772" user="alain2003"/>
  <node id="10117620057" lat="33.9186985" lon="-6.8871853" version="1" timestamp="2022-10-20T23:36:08Z" changeset="127858768" uid="578772" user="alain2003"/>
  <node id="10117620058" lat="33.9186730" lon="-6.8870967" version="1" timestamp="2022-10-20T23:36:08Z" changeset="127858768" uid="578772" user="alain2003"/>
  <node id="10117620059" lat="33.9186671" lon="-6.8870992" version="1" timestamp="2022-10-20T23:36:08Z" changeset="127858768" uid="578772" user="alain2003"/>
  <node id="10117620060" lat="33.9190993" lon="-6.8877254" version="1" timestamp="2022-10-20T23:36:08Z" changeset="127858768" uid="578772" user="alain2003"/>
  <node id="10117620061" lat="33.9189340" lon="-6.8877896" version="1" timestamp="2022-10-20T23:36:08Z" changeset="127858768" uid="578772" user="alain2003"/>
  <node id="10117620062" lat="33.9189112" lon="-6.8877045" version="1" timestamp="2022-10-20T23:36:08Z" changeset="127858768" uid="578772" user="alain2003"/>
  <node id="10117620063" lat="33.9189140" lon="-6.8877035" version="1" timestamp="2022-10-20T23:36:08Z" changeset="127858768" uid="578772" user="alain2003"/>
  <node id="10117620064" lat="33.9188902" lon="-6.8876146" version="1" timestamp="2022-10-20T23:36:08Z" changeset="127858768" uid="578772" user="alain2003"/>
  <node id="10117620065" lat="33.9189608" lon="-6.8875872" version="1" timestamp="2022-10-20T23:36:08Z" changeset="127858768" uid="578772" user="alain2003"/>
  <node id="10117620066" lat="33.9189696" lon="-6.8876202" version="1" timestamp="2022-10-20T23:36:08Z" changeset="127858768" uid="578772" user="alain2003"/>
  <node id="10117620067" lat="33.9190072" lon="-6.8876056" version="1" timestamp="2022-10-20T23:36:08Z" changeset="127858768" uid="578772" user="alain2003"/>
  <node id="10117620068" lat="33.9189955" lon="-6.8875618" version="1" timestamp="2022-10-20T23:36:08Z" changeset="127858768" uid="578772" user="alain2003"/>
  <node id="10117620069" lat="33.9190499" lon="-6.8875407" version="1" timestamp="2022-10-20T23:36:08Z" changeset="127858768" uid="578772" user="alain2003"/>
  <node id="10117620070" lat="33.9191936" lon="-6.8879590" version="1" timestamp="2022-10-20T23:36:08Z" changeset="127858768" uid="578772" user="alain2003"/>
  <node id="10117620071" lat="33.9192332" lon="-6.8880699" version="1" timestamp="2022-10-20T23:36:08Z" changeset="127858768" uid="578772" user="alain2003"/>
  <node id="10117620072" lat="33.9191975" lon="-6.8880884" version="1" timestamp="2022-10-20T23:36:08Z" changeset="127858768" uid="578772" user="alain2003"/>
  <node id="10117620073" lat="33.9191906" lon="-6.8880691" version="1" timestamp="2022-10-20T23:36:08Z" changeset="127858768" uid="578772" user="alain2003"/>
  <node id="10117620074" lat="33.9190057" lon="-6.8881647" version="1" timestamp="2022-10-20T23:36:08Z" changeset="127858768" uid="578772" user="alain2003"/>
  <node id="10117620075" lat="33.9189731" lon="-6.8880731" version="1" timestamp="2022-10-20T23:36:08Z" changeset="127858768" uid="578772" user="alain2003"/>
  <node id="10117620076" lat="33.9191955" lon="-6.8880923" version="1" timestamp="2022-10-20T23:36:08Z" changeset="127858768" uid="578772" user="alain2003"/>
  <node id="10117620077" lat="33.9192537" lon="-6.8882728" version="1" timestamp="2022-10-20T23:36:08Z" changeset="127858768" uid="578772" user="alain2003"/>
  <node id="10117620078" lat="33.9191370" lon="-6.8883275" version="1" timestamp="2022-10-20T23:36:08Z" changeset="127858768" uid="578772" user="alain2003"/>
  <node id="10117620079" lat="33.9191257" lon="-6.8882925" version="1" timestamp="2022-10-20T23:36:08Z" changeset="127858768" uid="578772" user="alain2003"/>
  <node id="10117620080" lat="33.9191206" lon="-6.8882949" version="1" timestamp="2022-10-20T23:36:08Z" changeset="127858768" uid="578772" user="alain2003"/>
  <node id="10117620081" lat="33.9191018" lon="-6.8882367" version="1" timestamp="2022-10-20T23:36:08Z" changeset="127858768" uid="578772" user="alain2003"/>
  <node id="10117620082" lat="33.9190895" lon="-6.8882424" version="1" timestamp="2022-10-20T23:36:08Z" changeset="127858768" uid="578772" user="alain2003"/>
  <node id="10117620083" lat="33.9191106" lon="-6.8883077" version="1" timestamp="2022-10-20T23:36:08Z" changeset="127858768" uid="578772" user="alain2003"/>
  <node id="10117620084" lat="33.9190700" lon="-6.8883267" version="1" timestamp="2022-10-20T23:36:08Z" changeset="127858768" uid="578772" user="alain2003"/>
  <node id="10117620085" lat="33.9190351" lon="-6.8882185" version="1" timestamp="2022-10-20T23:36:08Z" changeset="127858768" uid="578772" user="alain2003"/>
  <node id="10117620086" lat="33.9190293" lon="-6.8882212" version="1" timestamp="2022-10-20T23:36:08Z" changeset="127858768" uid="578772" user="alain2003"/>
  <node id="10117620087" lat="33.9190150" lon="-6.8881769" version="1" timestamp="2022-10-20T23:36:08Z" changeset="127858768" uid="578772" user="alain2003"/>
  <node id="10117620088" lat="33.9189483" lon="-6.8872942" version="1" timestamp="2022-10-20T23:36:08Z" changeset="127858768" uid="578772" user="alain2003"/>
  <node id="10117620089" lat="33.9189521" lon="-6.8872923" version="1" timestamp="2022-10-20T23:36:08Z" changeset="127858768" uid="578772" user="alain2003"/>
  <node id="10117620090" lat="33.9189765" lon="-6.8873651" version="1" timestamp="2022-10-20T23:36:08Z" changeset="127858768" uid="578772" user="alain2003"/>
  <node id="10117620091" lat="33.9188610" lon="-6.8874213" version="1" timestamp="2022-10-20T23:36:08Z" changeset="127858768" uid="578772" user="alain2003"/>
  <node id="10117620092" lat="33.9188404" lon="-6.8873601" version="1" timestamp="2022-10-20T23:36:08Z" changeset="127858768" uid="578772" user="alain2003"/>
  <node id="10117620093" lat="33.9188756" lon="-6.8873430" version="1" timestamp="2022-10-20T23:36:08Z" changeset="127858768" uid="578772" user="alain2003"/>
  <node id="10117620094" lat="33.9188447" lon="-6.8872508" version="1" timestamp="2022-10-20T23:36:08Z" changeset="127858768" uid="578772" user="alain2003"/>
  <node id="10117620095" lat="33.9189212" lon="-6.8872135" version="1" timestamp="2022-10-20T23:36:08Z" changeset="127858768" uid="578772" user="alain2003"/>
  <node id="10117620096" lat="33.9196266" lon="-6.8876903" version="1" timestamp="2022-10-20T23:36:08Z" changeset="127858768" uid="578772" user="alain2003"/>
  <node id="10117620097" lat="33.9197875" lon="-6.8876144" version="1" timestamp="2022-10-20T23:36:08Z" changeset="127858768" uid="578772" user="alain2003"/>
  <node id="10117620098" lat="33.9198170" lon="-6.8877051" version="1" timestamp="2022-10-20T23:36:08Z" changeset="127858768" uid="578772" user="alain2003"/>
  <node id="10117620099" lat="33.9198297" lon="-6.8876991" version="1" timestamp="2022-10-20T23:36:08Z" changeset="127858768" uid="578772" user="alain2003"/>
  <node id="10117620100" lat="33.9198460" lon="-6.8877491" version="1" timestamp="2022-10-20T23:36:08Z" changeset="127858768" uid="578772" user="alain2003"/>
  <node id="10117620101" lat="33.9197552" lon="-6.8877918" version="1" timestamp="2022-10-20T23:36:08Z" changeset="127858768" uid="578772" user="alain2003"/>
  <node id="10117620102" lat="33.9197647" lon="-6.8878210" version="1" timestamp="2022-10-20T23:36:08Z" changeset="127858768" uid="578772" user="alain2003"/>
  <node id="10117620103" lat="33.9196817" lon="-6.8878601" version="1" timestamp="2022-10-20T23:36:08Z" changeset="127858768" uid="578772" user="alain2003"/>
  <node id="10117620104" lat="33.9199361" lon="-6.8875285" version="1" timestamp="2022-10-20T23:36:08Z" changeset="127858768" uid="578772" user="alain2003"/>
  <node id="10117620105" lat="33.9200312" lon="-6.8874883" version="1" timestamp="2022-10-20T23:36:08Z" changeset="127858768" uid="578772" user="alain2003"/>
  <node id="10117620106" lat="33.9200486" lon="-6.8875479" version="1" timestamp="2022-10-20T23:36:08Z" changeset="127858768" uid="578772" user="alain2003"/>
  <node id="10117620107" lat="33.9200316" lon="-6.8875552" version="1" timestamp="2022-10-20T23:36:08Z" changeset="127858768" uid="578772" user="alain2003"/>
  <node id="10117620108" lat="33.9200517" lon="-6.8876244" version="1" timestamp="2022-10-20T23:36:08Z" changeset="127858768" uid="578772" user="alain2003"/>
  <node id="10117620109" lat="33.9199737" lon="-6.8876574" version="1" timestamp="2022-10-20T23:36:08Z" changeset="127858768" uid="578772" user="alain2003"/>
  <node id="10117620110" lat="33.9195316" lon="-6.8878924" version="1" timestamp="2022-10-20T23:36:08Z" changeset="127858768" uid="578772" user="alain2003"/>
  <node id="10117620111" lat="33.9195356" lon="-6.8878908" version="1" timestamp="2022-10-20T23:36:08Z" changeset="127858768" uid="578772" user="alain2003"/>
  <node id="10117620112" lat="33.9195459" lon="-6.8879281" version="1" timestamp="2022-10-20T23:36:08Z" changeset="127858768" uid="578772" user="alain2003"/>
  <node id="10117620113" lat="33.9194604" lon="-6.8879624" version="1" timestamp="2022-10-20T23:36:08Z" changeset="127858768" uid="578772" user="alain2003"/>
  <node id="10117620114" lat="33.9194338" lon="-6.8878657" version="1" timestamp="2022-10-20T23:36:08Z" changeset="127858768" uid="578772" user="alain2003"/>
  <node id="10117620115" lat="33.9194250" lon="-6.8878693" version="1" timestamp="2022-10-20T23:36:08Z" changeset="127858768" uid="578772" user="alain2003"/>
  <node id="10117620116" lat="33.9194080" lon="-6.8878078" version="1" timestamp="2022-10-20T23:36:08Z" changeset="127858768" uid="578772" user="alain2003"/>
  <node id="10117620117" lat="33.9194982" lon="-6.8877716" version="1" timestamp="2022-10-20T23:36:08Z" changeset="127858768" uid="578772" user="alain2003"/>
  <node id="10117620118" lat="33.9210230" lon="-6.8875171" version="1" timestamp="2022-10-20T23:36:08Z" changeset="127858768" uid="578772" user="alain2003"/>
  <node id="10117620119" lat="33.9210687" lon="-6.8876187" version="1" timestamp="2022-10-20T23:36:08Z" changeset="127858768" uid="578772" user="alain2003"/>
  <node id="10117620120" lat="33.9209346" lon="-6.8877064" version="1" timestamp="2022-10-20T23:36:08Z" changeset="127858768" uid="578772" user="alain2003"/>
  <node id="10117620121" lat="33.9208889" lon="-6.8876048" version="1" timestamp="2022-10-20T23:36:08Z" changeset="127858768" uid="578772" user="alain2003"/>
  <node id="11254943194" lat="33.9206489" lon="-6.8896441" version="1" timestamp="2023-10-11T11:25:12Z" changeset="142432379" uid="15567285" user="Aya Samir"/>
  <node id="11254943195" lat="33.9201095" lon="-6.8899728" version="1" timestamp="2023-10-11T11:25:12Z" changeset="142432379" uid="15567285" user="Aya Samir"/>
  <node id="11254943200" lat="33.9198365" lon="-6.8901363" version="1" timestamp="2023-10-11T11:25:12Z" changeset="142432379" uid="15567285" user="Aya Samir"/>
  <node id="11254943201" lat="33.9202071" lon="-6.8899143" version="1" timestamp="2023-10-11T11:25:12Z" changeset="142432379" uid="15567285" user="Aya Samir"/>
  <node id="11254943202" lat="33.9206705" lon="-6.8896745" version="1" timestamp="2023-10-11T11:25:12Z" changeset="142432379" uid="15567285" user="Aya Samir"/>
  <node id="11254943203" lat="33.9209197" lon="-6.8895838" version="1" timestamp="2023-10-11T11:25:12Z" changeset="142432379" uid="15567285" user="Aya Samir"/>
  <node id="11254943204" lat="33.9205398" lon="-6.8897373" version="1" timestamp="2023-10-11T11:25:12Z" changeset="142432379" uid="15567285" user="Aya Samir"/>
  <node id="11254943205" lat="33.9208041" lon="-6.8896213" version="1" timestamp="2023-10-11T11:25:12Z" changeset="142432379" uid="15567285" user="Aya Samir"/>
  <node id="11254943206" lat="33.9210367" lon="-6.8895536" version="1" timestamp="2023-10-11T11:25:12Z" changeset="142432379" uid="15567285" user="Aya Samir"/>
  <node id="11254943207" lat="33.9214362" lon="-6.8894590" version="1" timestamp="2023-10-11T11:25:12Z" changeset="142432379" uid="15567285" user="Aya Samir"/>
  <node id="11254943208" lat="33.9220321" lon="-6.8893186" version="1" timestamp="2023-10-11T11:25:12Z" changeset="142432379" uid="15567285" user="Aya Samir"/>
  <node id="11254943232" lat="33.9215358" lon="-6.8894007" version="1" timestamp="2023-10-11T11:25:12Z" changeset="142432379" uid="15567285" user="Aya Samir"/>
  <node id="11254955448" lat="33.9194782" lon="-6.8903356" version="1" timestamp="2023-10-11T11:25:12Z" changeset="142432379" uid="15567285" user="Aya Samir"/>
  <node id="11254955449" lat="33.9199140" lon="-6.8900899" version="1" timestamp="2023-10-11T11:25:12Z" changeset="142432379" uid="15567285" user="Aya Samir"/>
  <node id="11254955450" lat="33.9203519" lon="-6.8898373" version="1" timestamp="2023-10-11T11:25:12Z" changeset="142432379" uid="15567285" user="Aya Samir"/>
  <node id="11254955451" lat="33.9218613" lon="-6.8893585" version="1" timestamp="2023-10-11T11:25:12Z" changeset="142432379" uid="15567285" user="Aya Samir"/>
  <node id="11835264055" lat="33.8823875" lon="-6.8775972" version="1" timestamp="2024-04-21T16:55:57Z" changeset="150311019" uid="18900543" user="Israe09"/>
  <node id="11835264060" lat="33.8858951" lon="-6.8793162" version="1" timestamp="2024-04-21T16:55:57Z" changeset="150311019" uid="18900543" user="Israe09"/>
  <node id="11909143255" lat="33.9176190" lon="-6.8856423" version="1" timestamp="2024-05-16T05:50:40Z" changeset="151390236" uid="19636659" user="PripetRiver"/>
  <node id="11909143256" lat="33.9176035" lon="-6.8856731" version="1" timestamp="2024-05-16T05:50:40Z" changeset="151390236" uid="19636659" user="PripetRiver"/>
  <node id="11909143257" lat="33.9176113" lon="-6.8857160" version="1" timestamp="2024-05-16T05:50:40Z" changeset="151390236" uid="19636659" user="PripetRiver"/>
  <node id="11909143258" lat="33.9176848" lon="-6.8859067" version="1" timestamp="2024-05-16T05:50:40Z" changeset="151390236" uid="19636659" user="PripetRiver"/>
  <node id="11909143259" lat="33.9176803" lon="-6.8852990" version="1" timestamp="2024-05-16T05:50:40Z" changeset="151390236" uid="19636659" user="PripetRiver"/>
  <node id="11909143260" lat="33.9178183" lon="-6.8856228" version="1" timestamp="2024-05-16T05:50:40Z" changeset="151390236" uid="19636659" user="PripetRiver"/>
  <node id="11909143261" lat="33.9179145" lon="-6.8851861" version="1" timestamp="2024-05-16T05:50:40Z" changeset="151390236" uid="19636659" user="PripetRiver"/>
  <node id="11909143263" lat="33.9175684" lon="-6.8853529" version="1" timestamp="2024-05-16T05:50:40Z" changeset="151390236" uid="19636659" user="PripetRiver"/>
  <node id="11909143264" lat="33.9176613" lon="-6.8855752" version="1" timestamp="2024-05-16T05:50:40Z" changeset="151390236" uid="19636659" user="PripetRiver"/>
  <node id="11909143265" lat="33.9176903" lon="-6.8856235" version="1" timestamp="2024-05-16T05:50:40Z" changeset="151390236" uid="19636659" user="PripetRiver"/>
  <node id="11909143266" lat="33.9177125" lon="-6.8856342" version="1" timestamp="2024-05-16T05:50:40Z" changeset="151390236" uid="19636659" user="PripetRiver"/>
  <node id="11909143267" lat="33.9179117" lon="-6.8856128" version="1" timestamp="2024-05-16T05:50:40Z" changeset="151390236" uid="19636659" user="PripetRiver"/>
  <node id="11909143268" lat="33.9180673" lon="-6.8855962" version="1" timestamp="2024-05-16T05:50:40Z" changeset="151390236" uid="19636659" user="PripetRiver"/>
  <node id="11909143269" lat="33.9178806" lon="-6.8850951" version="1" timestamp="2024-05-16T05:50:40Z" changeset="151390236" uid="19636659" user="PripetRiver"/>
  <node id="11909143270" lat="33.9181602" lon="-6.8858456" version="1" timestamp="2024-05-16T05:50:40Z" changeset="151390236" uid="19636659" user="PripetRiver"/>
  <node id="11909143271" lat="33.9182167" lon="-6.8858421" version="1" timestamp="2024-05-16T05:50:40Z" changeset="151390236" uid="19636659" user="PripetRiver"/>
  <node id="11909143272" lat="33.9184819" lon="-6.8858378" version="1" timestamp="2024-05-16T05:50:40Z" changeset="151390236" uid="19636659" user="PripetRiver"/>
  <node id="11909143273" lat="33.9179819" lon="-6.8858568" version="1" timestamp="2024-05-16T05:50:40Z" changeset="151390236" uid="19636659" user="PripetRiver"/>
  <node id="11909143274" lat="33.9177237" lon="-6.8858944" version="1" timestamp="2024-05-16T05:50:40Z" changeset="151390236" uid="19636659" user="PripetRiver"/>
  <node id="11909143275" lat="33.9176558" lon="-6.8859158" version="1" timestamp="2024-05-16T05:50:40Z" changeset="151390236" uid="19636659" user="PripetRiver"/>
  <node id="11909143276" lat="33.9176046" lon="-6.8859601" version="1" timestamp="2024-05-16T05:50:40Z" changeset="151390236" uid="19636659" user="PripetRiver"/>
  <node id="11909143277" lat="33.9175801" lon="-6.8860044" version="1" timestamp="2024-05-16T05:50:40Z" changeset="151390236" uid="19636659" user="PripetRiver"/>
  <node id="12153569664" lat="33.9192929" lon="-6.8904361" version="1" timestamp="2024-09-03T11:47:11Z" changeset="156138753" uid="578772" user="alain2003">
    <tag k="bus" v="yes"/>
    <tag k="public_transport" v="stop_position"/>
  </node>
  <node id="12153569665" lat="33.9193056" lon="-6.8903714" version="1" timestamp="2024-09-03T11:47:11Z" changeset="156138753" uid="578772" user="alain2003">
    <tag k="bus" v="yes"/>
    <tag k="public_transport" v="stop_position"/>
  </node>
  <node id="12723141422" lat="33.8627453" lon="-6.8616110" version="1" timestamp="2025-04-02T11:41:05Z" changeset="164417103" uid="6556551" user="TWHB"/>
  <node id="12723141423" lat="33.8627765" lon="-6.8610531" version="1" timestamp="2025-04-02T11:41:05Z" changeset="164417103" uid="6556551" user="TWHB">
    <tag k="power" v="tower"/>
  </node>
  <node id="13359799404" lat="33.9201020" lon="-6.8872603" version="1" timestamp="2025-12-07T16:40:56Z" changeset="175631394" uid="23588466" user="samirbe">
    <tag k="tourism" v="chalet"/>
  </node>
  <way id="4061055" version="29" timestamp="2024-09-03T11:47:11Z" changeset="156138753" uid="578772" user="alain2003">
    <nd ref="12153569665"/>
    <nd ref="6732526611"/>
    <nd ref="1607984221"/>
    <nd ref="2247303608"/>
    <nd ref="6731448159"/>
    <nd ref="6731448158"/>
    <nd ref="11254943194"/>
    <nd ref="1607984235"/>
    <nd ref="2247303530"/>
    <nd ref="11254943232"/>
    <nd ref="1607983653"/>
    <tag k="highway" v="tertiary"/>
    <tag k="name" v="Boulevard Omar Al Khattab"/>
    <tag k="name:fr" v="Boulevard Omar Al Khattab"/>
    <tag k="oneway" v="yes"/>
  </way>
  <way id="8035539" version="7" timestamp="2022-04-22T05:05:40Z" changeset="120028333" uid="15458791" user="BR_pebble">
    <nd ref="1607983729"/>
    <nd ref="6731733619"/>
    <nd ref="1607983768"/>
    <nd ref="6731659700"/>
    <nd ref="6731659699"/>
    <nd ref="2247303518"/>
    <nd ref="6731733638"/>
    <nd ref="6731733613"/>
    <nd ref="6731733634"/>
    <nd ref="6731733628"/>
    <nd ref="9684430920"/>
    <nd ref="2247303581"/>
    <tag k="highway" v="residential"/>
  </way>
  <way id="131892125" version="16" timestamp="2025-04-02T11:41:05Z" changeset="164417103" uid="6556551" user="TWHB">
    <nd ref="12723141422"/>
    <nd ref="12723141423"/>
    <nd ref="1450908901"/>
    <nd ref="1450918511"/>
    <nd ref="1450918520"/>
    <nd ref="1450920848"/>
    <nd ref="1450920850"/>
    <nd ref="1450924050"/>
    <nd ref="1450924420"/>
    <nd ref="11835264055"/>
    <nd ref="1450924421"/>
    <nd ref="11835264060"/>
    <nd ref="1450924526"/>
    <nd ref="1450924528"/>
    <nd ref="1450924530"/>
    <nd ref="1450924532"/>
    <nd ref="1450925503"/>
    <nd ref="1450925504"/>
    <nd ref="1450925507"/>
    <nd ref="1450925509"/>
    <nd ref="1607984045"/>
    <nd ref="1450925510"/>
    <nd ref="1450925570"/>
    <nd ref="1450925572"/>
    <nd ref="1450926364"/>
    <nd ref="1450926369"/>
    <nd ref="1450926373"/>
    <nd ref="1450927267"/>
    <tag k="cables" v="3"/>
    <tag k="circuits" v="1"/>
    <tag k="name" v="ligne n° 25-23"/>
    <tag k="power" v="line"/>
    <tag k="source" v="bing"/>
    <tag k="voltage" v="225000"/>
  </way>
  <way id="147598686" version="14" timestamp="2022-04-27T03:19:21Z" changeset="120236892" uid="14728801" user="Grintovec">
    <nd ref="2247303581"/>
    <nd ref="9684444686"/>
    <nd ref="9684444693"/>
    <nd ref="9684444677"/>
    <nd ref="26576665"/>
    <nd ref="2247303492"/>
    <nd ref="5588977775"/>
    <nd ref="1607984215"/>
    <nd ref="6731733653"/>
    <nd ref="1607983521"/>
    <nd ref="2247303506"/>
    <nd ref="9676211029"/>
    <nd ref="1607984031"/>
    <nd ref="5588977779"/>
    <nd ref="9696563521"/>
    <nd ref="1607984433"/>
    <nd ref="2247303796"/>
    <nd ref="1607984319"/>
    <nd ref="6726571647"/>
    <nd ref="2247303685"/>
    <nd ref="1607983685"/>
    <nd ref="6726571650"/>
    <nd ref="8331275675"/>
    <tag k="highway" v="tertiary"/>
    <tag k="lanes" v="2"/>
    <tag k="oneway" v="no"/>
    <tag k="surface" v="asphalt"/>
  </way>
  <way id="215326053" version="14" timestamp="2024-05-16T05:50:40Z" changeset="151390236" uid="19636659" user="PripetRiver">
    <nd ref="11254943195"/>
    <nd ref="2247303608"/>
    <nd ref="9950629510"/>
    <nd ref="9679931013"/>
    <nd ref="2247303497"/>
    <nd ref="2247303759"/>
    <nd ref="6731680239"/>
    <nd ref="6731680238"/>
    <nd ref="6731680237"/>
    <nd ref="9673554590"/>
    <nd ref="6731680236"/>
    <nd ref="2247303730"/>
    <nd ref="9676518910"/>
    <nd ref="6731680235"/>
    <nd ref="6731680234"/>
    <nd ref="1607984215"/>
    <nd ref="6731733684"/>
    <nd ref="11909143272"/>
    <nd ref="6738952055"/>
    <nd ref="6738897871"/>
    <nd ref="6731735098"/>
    <nd ref="6731735097"/>
    <nd ref="6731735096"/>
    <nd ref="6731735095"/>
    <nd ref="6738868773"/>
    <nd ref="6731735094"/>
    <nd ref="6731735093"/>
    <nd ref="6731735092"/>
    <nd ref="6731726322"/>
    <nd ref="6731735091"/>
    <nd ref="6731735090"/>
    <nd ref="6731735089"/>
    <nd ref="6738868775"/>
    <nd ref="6731735088"/>
    <nd ref="6731735087"/>
    <nd ref="6738897868"/>
    <nd ref="6731735086"/>
    <nd ref="6738897847"/>
    <nd ref="6738868774"/>
    <nd ref="6731735085"/>
    <nd ref="26576664"/>
    <tag k="highway" v="residential"/>
  </way>
  <way id="215326067" version="8" timestamp="2022-04-28T07:37:23Z" changeset="120290954" uid="15458805" user="Fashluk">
    <nd ref="2247303497"/>
    <nd ref="9699853010"/>
    <nd ref="6731733671"/>
    <nd ref="6731733677"/>
    <nd ref="6731733675"/>
    <nd ref="2247303609"/>
    <nd ref="6731733679"/>
    <nd ref="6731680221"/>
    <nd ref="6731680220"/>
    <nd ref="6731680222"/>
    <nd ref="6731680223"/>
    <nd ref="2247303694"/>
    <nd ref="6731680224"/>
    <nd ref="6731680225"/>
    <nd ref="2247303535"/>
    <nd ref="9676218759"/>
    <nd ref="6731733645"/>
    <nd ref="6958206716"/>
    <nd ref="3458018514"/>
    <nd ref="2247303827"/>
    <nd ref="6732526634"/>
    <nd ref="6731733644"/>
    <nd ref="6731680266"/>
    <nd ref="6958209389"/>
    <nd ref="6731680264"/>
    <nd ref="6731680263"/>
    <nd ref="6731680265"/>
    <nd ref="6731680261"/>
    <nd ref="6731680262"/>
    <nd ref="2247303856"/>
    <tag k="highway" v="residential"/>
  </way>
  <way id="215326094" version="2" timestamp="2022-04-28T07:37:23Z" changeset="120290954" uid="15458805" user="Fashluk">
    <nd ref="2247303881"/>
    <nd ref="9699855318"/>
    <nd ref="9699853008"/>
    <nd ref="2247303609"/>
    <tag k="highway" v="residential"/>
  </way>
  <way id="215326103" version="16" timestamp="2023-10-11T11:25:12Z" changeset="142432379" uid="15567285" user="Aya Samir">
    <nd ref="11254955451"/>
    <nd ref="6958209314"/>
    <nd ref="6731448150"/>
    <nd ref="6731448151"/>
    <nd ref="6958209301"/>
    <nd ref="2247303489"/>
    <nd ref="6958209316"/>
    <nd ref="9699805195"/>
    <nd ref="6732526621"/>
    <nd ref="6958209323"/>
    <nd ref="9699794762"/>
    <nd ref="6958209321"/>
    <nd ref="6732526616"/>
    <nd ref="2247303509"/>
    <nd ref="9708688027"/>
    <nd ref="6732526602"/>
    <nd ref="6958206777"/>
    <nd ref="6958304791"/>
    <nd ref="6958304792"/>
    <nd ref="6732526631"/>
    <nd ref="2968237633"/>
    <nd ref="6732501762"/>
    <nd ref="6732525041"/>
    <nd ref="9708610299"/>
    <nd ref="6958206743"/>
    <nd ref="2247303555"/>
    <tag k="highway" v="residential"/>
    <tag k="name" v="Rue de Melillia"/>
  </way>
  <way id="215326105" version="7" timestamp="2022-04-22T05:13:44Z" changeset="120028554" uid="15008597" user="Bell_Jan">
    <nd ref="2247303759"/>
    <nd ref="5588977777"/>
    <nd ref="2247303735"/>
    <nd ref="6731733662"/>
    <nd ref="2247303571"/>
    <nd ref="2247303748"/>
    <nd ref="9684457023"/>
    <nd ref="6731659695"/>
    <nd ref="6731659694"/>
    <nd ref="6731659693"/>
    <nd ref="9676193107"/>
    <nd ref="6731659692"/>
    <nd ref="9674098097"/>
    <nd ref="2247303696"/>
    <tag k="highway" v="residential"/>
  </way>
  <way id="215326106" version="4" timestamp="2022-04-19T05:17:44Z" changeset="119886660" uid="15008581" user="Potter_Gang">
    <nd ref="2247303869"/>
    <nd ref="2247303880"/>
    <nd ref="9676218758"/>
    <nd ref="9676218760"/>
    <nd ref="9676218762"/>
    <nd ref="6731680227"/>
    <nd ref="6731680228"/>
    <nd ref="6731680229"/>
    <nd ref="2247303605"/>
    <tag k="highway" v="residential"/>
  </way>
  <way id="215326107" version="4" timestamp="2019-08-28T13:47:16Z" changeset="73843196" uid="8559155" user="CR_cooks">
    <nd ref="2247303746"/>
    <nd ref="2247303546"/>
    <nd ref="2247303825"/>
    <nd ref="2247303692"/>
    <nd ref="2247303770"/>
    <nd ref="4398585368"/>
    <nd ref="6753418764"/>
    <nd ref="6753418765"/>
    <nd ref="2247303764"/>
    <nd ref="6753418763"/>
    <nd ref="6731659696"/>
    <nd ref="6731659697"/>
    <nd ref="6731659698"/>
    <nd ref="2247303687"/>
    <nd ref="2247303851"/>
    <tag k="highway" v="residential"/>
  </way>
  <way id="215326113" version="7" timestamp="2022-04-22T05:06:53Z" changeset="120028360" uid="15008597" user="Bell_Jan">
    <nd ref="2247303530"/>
    <nd ref="9684423803"/>
    <nd ref="9679931014"/>
    <nd ref="9684423811"/>
    <nd ref="9679995054"/>
    <nd ref="2247303735"/>
    <nd ref="9682290888"/>
    <nd ref="9682290885"/>
    <nd ref="9684412180"/>
    <nd ref="2247303640"/>
    <nd ref="9676332287"/>
    <nd ref="9676332290"/>
    <nd ref="9676332293"/>
    <nd ref="2247303492"/>
    <tag k="highway" v="residential"/>
  </way>
  <way id="215326127" version="5" timestamp="2022-04-19T05:06:00Z" changeset="119886334" uid="15008581" user="Potter_Gang">
    <nd ref="2247303506"/>
    <nd ref="6731680231"/>
    <nd ref="6731680230"/>
    <nd ref="6731680232"/>
    <nd ref="6731680233"/>
    <nd ref="2247303714"/>
    <nd ref="6731733652"/>
    <nd ref="9676211034"/>
    <nd ref="9676211025"/>
    <nd ref="2247303845"/>
    <nd ref="9676190111"/>
    <nd ref="9676190115"/>
    <nd ref="2247303580"/>
    <nd ref="9676190107"/>
    <nd ref="9673554587"/>
    <nd ref="2247303869"/>
    <nd ref="2247303694"/>
    <tag k="highway" v="residential"/>
  </way>
  <way id="215326130" version="5" timestamp="2022-04-18T06:36:49Z" changeset="119840777" uid="15008581" user="Potter_Gang">
    <nd ref="2247303730"/>
    <nd ref="6731652971"/>
    <nd ref="6731652972"/>
    <nd ref="6731652976"/>
    <nd ref="9673550979"/>
    <nd ref="6731733661"/>
    <nd ref="2247303580"/>
    <nd ref="2247303769"/>
    <tag k="highway" v="residential"/>
  </way>
  <way id="538546663" version="5" timestamp="2022-04-28T06:33:31Z" changeset="120288342" uid="15458838" user="Art_NS">
    <nd ref="2247303823"/>
    <nd ref="9699753669"/>
    <nd ref="6731652957"/>
    <nd ref="6731652958"/>
    <nd ref="6738868772"/>
    <nd ref="6731652959"/>
    <nd ref="6731652960"/>
    <nd ref="6731652961"/>
    <nd ref="6731652962"/>
    <nd ref="6731652963"/>
    <nd ref="6731652964"/>
    <nd ref="26576664"/>
    <nd ref="6731733683"/>
    <nd ref="2247303581"/>
    <tag k="highway" v="residential"/>
  </way>
  <way id="538546664" version="4" timestamp="2021-07-23T09:28:03Z" changeset="108481134" uid="12256477" user="YLahlou">
    <nd ref="1607983653"/>
    <nd ref="6731733669"/>
    <nd ref="2247303851"/>
    <nd ref="1607983811"/>
    <nd ref="2247303571"/>
    <nd ref="1607983829"/>
    <nd ref="2247303581"/>
    <tag k="highway" v="tertiary"/>
    <tag k="name" v="Boulevard Moulay Ali Cherif"/>
  </way>
  <way id="584746206" version="7" timestamp="2022-04-22T05:18:41Z" changeset="120028665" uid="15008597" user="Bell_Jan">
    <nd ref="322701973"/>
    <nd ref="6731733626"/>
    <nd ref="2247303862"/>
    <nd ref="9676254218"/>
    <nd ref="6731652979"/>
    <nd ref="6731733618"/>
    <nd ref="6731652980"/>
    <nd ref="6731733637"/>
    <nd ref="6731652981"/>
    <nd ref="6731652982"/>
    <nd ref="2247303490"/>
    <nd ref="6731733633"/>
    <nd ref="9684430921"/>
    <nd ref="1607983829"/>
    <nd ref="6731652966"/>
    <nd ref="9676234103"/>
    <nd ref="6731652967"/>
    <nd ref="9684444701"/>
    <nd ref="9684444685"/>
    <nd ref="2247303640"/>
    <nd ref="6731652965"/>
    <nd ref="6731652968"/>
    <nd ref="6731652969"/>
    <nd ref="6731652970"/>
    <nd ref="5588977776"/>
    <nd ref="6731652973"/>
    <nd ref="6731652974"/>
    <nd ref="6731652975"/>
    <nd ref="2247303730"/>
    <tag k="highway" v="residential"/>
  </way>
  <way id="584746208" version="5" timestamp="2022-04-22T05:01:46Z" changeset="120028227" uid="15008597" user="Bell_Jan">
    <nd ref="5588977778"/>
    <nd ref="9679931007"/>
    <nd ref="5588977777"/>
    <nd ref="9684412167"/>
    <nd ref="6731652978"/>
    <nd ref="9684412174"/>
    <nd ref="6731652977"/>
    <nd ref="5588977776"/>
    <nd ref="9676332285"/>
    <nd ref="9676332288"/>
    <nd ref="9676332291"/>
    <nd ref="5588977775"/>
    <tag k="highway" v="residential"/>
  </way>
  <way id="716669422" version="1" timestamp="2019-08-21T11:25:13Z" changeset="73575902" uid="9535062" user="IleDeLaTortue">
    <nd ref="6731733618"/>
    <nd ref="6731733617"/>
    <nd ref="6731733616"/>
    <nd ref="6731733615"/>
    <nd ref="6731733614"/>
    <nd ref="6731733613"/>
    <tag k="highway" v="residential"/>
  </way>
  <way id="716669424" version="1" timestamp="2019-08-21T11:25:13Z" changeset="73575902" uid="9535062" user="IleDeLaTortue">
    <nd ref="6731733633"/>
    <nd ref="6731733632"/>
    <nd ref="6731733631"/>
    <nd ref="6731733630"/>
    <nd ref="6731733629"/>
    <nd ref="6731733627"/>
    <nd ref="6731733628"/>
    <tag k="highway" v="residential"/>
  </way>
  <way id="716669425" version="1" timestamp="2019-08-21T11:25:13Z" changeset="73575902" uid="9535062" user="IleDeLaTortue">
    <nd ref="6731733637"/>
    <nd ref="6731733636"/>
    <nd ref="6731733635"/>
    <nd ref="6731733634"/>
    <tag k="highway" v="residential"/>
  </way>
  <way id="716669429" version="2" timestamp="2022-04-19T05:06:00Z" changeset="119886334" uid="15008581" user="Potter_Gang">
    <nd ref="6731733652"/>
    <nd ref="6731733650"/>
    <nd ref="6731733649"/>
    <nd ref="9676190108"/>
    <nd ref="6731733648"/>
    <nd ref="6731733647"/>
    <nd ref="6731733651"/>
    <tag k="highway" v="residential"/>
  </way>
  <way id="716669430" version="4" timestamp="2022-04-22T04:57:48Z" changeset="120028113" uid="15008597" user="Bell_Jan">
    <nd ref="6731733661"/>
    <nd ref="9676190110"/>
    <nd ref="9673507562"/>
    <nd ref="9684411296"/>
    <nd ref="6731733660"/>
    <nd ref="9673507561"/>
    <nd ref="6731733659"/>
    <nd ref="6731733651"/>
    <nd ref="6731733658"/>
    <nd ref="6731733657"/>
    <nd ref="6731733656"/>
    <nd ref="6731733655"/>
    <nd ref="6731733654"/>
    <nd ref="6731733653"/>
    <tag k="highway" v="residential"/>
  </way>
  <way id="716669431" version="5" timestamp="2022-04-22T05:18:41Z" changeset="120028665" uid="15008597" user="Bell_Jan">
    <nd ref="6731733669"/>
    <nd ref="6731733668"/>
    <nd ref="6731733667"/>
    <nd ref="6731733666"/>
    <nd ref="6731733665"/>
    <nd ref="6731733664"/>
    <nd ref="9684451118"/>
    <nd ref="6731733663"/>
    <nd ref="6731733662"/>
    <nd ref="9676234107"/>
    <nd ref="9682290886"/>
    <nd ref="9676234106"/>
    <nd ref="9676234105"/>
    <nd ref="9682290883"/>
    <nd ref="9676234104"/>
    <nd ref="9676234103"/>
    <nd ref="9684444692"/>
    <nd ref="9684444691"/>
    <nd ref="9684444690"/>
    <nd ref="9684444689"/>
    <nd ref="9684444688"/>
    <nd ref="9684444687"/>
    <nd ref="9684444686"/>
    <tag k="highway" v="residential"/>
  </way>
  <way id="716669432" version="3" timestamp="2022-04-18T06:39:04Z" changeset="119840853" uid="15008581" user="Potter_Gang">
    <nd ref="6731733671"/>
    <nd ref="9673554589"/>
    <nd ref="6731733670"/>
    <nd ref="9673554588"/>
    <nd ref="9673550979"/>
    <tag k="highway" v="residential"/>
  </way>
  <way id="716669433" version="1" timestamp="2019-08-21T11:25:13Z" changeset="73575902" uid="9535062" user="IleDeLaTortue">
    <nd ref="6731733675"/>
    <nd ref="6731733673"/>
    <nd ref="6731733672"/>
    <nd ref="6731733674"/>
    <tag k="highway" v="residential"/>
  </way>
  <way id="716669434" version="1" timestamp="2019-08-21T11:25:13Z" changeset="73575902" uid="9535062" user="IleDeLaTortue">
    <nd ref="6731733677"/>
    <nd ref="6731733676"/>
    <tag k="highway" v="residential"/>
  </way>
  <way id="716669435" version="1" timestamp="2019-08-21T11:25:13Z" changeset="73575902" uid="9535062" user="IleDeLaTortue">
    <nd ref="6731733679"/>
    <nd ref="6731733678"/>
    <tag k="highway" v="residential"/>
  </way>
  <way id="716669436" version="2" timestamp="2019-08-21T11:31:11Z" changeset="73576123" uid="9535062" user="IleDeLaTortue">
    <nd ref="6731733684"/>
    <nd ref="6731733682"/>
    <nd ref="6731726326"/>
    <nd ref="6731733681"/>
    <nd ref="6731733680"/>
    <nd ref="6731733683"/>
    <tag k="highway" v="residential"/>
  </way>
  <way id="716670931" version="2" timestamp="2019-08-23T14:08:35Z" changeset="73669748" uid="9535062" user="IleDeLaTortue">
    <nd ref="6731726326"/>
    <nd ref="6731726325"/>
    <nd ref="6738897867"/>
    <nd ref="6731726324"/>
    <nd ref="6731726323"/>
    <nd ref="6731726322"/>
    <tag k="highway" v="residential"/>
  </way>
  <way id="743372759" version="1" timestamp="2019-11-08T16:58:50Z" changeset="76823075" uid="10147140" user="HenryFjord">
    <nd ref="6958209314"/>
    <nd ref="6958209313"/>
    <nd ref="6958209312"/>
    <nd ref="6958209311"/>
    <tag k="highway" v="residential"/>
  </way>
  <way id="1052594411" version="1" timestamp="2022-04-18T06:00:25Z" changeset="119839580" uid="15008581" user="Potter_Gang">
    <nd ref="9673507561"/>
    <nd ref="9673507560"/>
    <tag k="highway" v="residential"/>
  </way>
  <way id="1052594412" version="1" timestamp="2022-04-18T06:00:25Z" changeset="119839580" uid="15008581" user="Potter_Gang">
    <nd ref="9673507563"/>
    <nd ref="9673507562"/>
    <tag k="highway" v="residential"/>
  </way>
  <way id="1052594413" version="2" timestamp="2022-04-22T04:57:48Z" changeset="120028113" uid="15008597" user="Bell_Jan">
    <nd ref="6731652976"/>
    <nd ref="9673507563"/>
    <nd ref="9684411302"/>
    <nd ref="9673507560"/>
    <nd ref="9673507568"/>
    <nd ref="9673507567"/>
    <nd ref="9673507566"/>
    <nd ref="9673507565"/>
    <nd ref="9673507564"/>
    <nd ref="6731733657"/>
    <tag k="highway" v="residential"/>
  </way>
  <way id="1052600754" version="1" timestamp="2022-04-18T06:39:04Z" changeset="119840853" uid="15008581" user="Potter_Gang">
    <nd ref="9673554586"/>
    <nd ref="6731733661"/>
    <tag k="highway" v="residential"/>
  </way>
  <way id="1052600755" version="1" timestamp="2022-04-18T06:39:04Z" changeset="119840853" uid="15008581" user="Potter_Gang">
    <nd ref="9673554588"/>
    <nd ref="6731733676"/>
    <nd ref="9673554586"/>
    <nd ref="6731733674"/>
    <nd ref="6731733678"/>
    <nd ref="9673554587"/>
    <tag k="highway" v="residential"/>
  </way>
  <way id="1052600756" version="1" timestamp="2022-04-18T06:39:04Z" changeset="119840853" uid="15008581" user="Potter_Gang">
    <nd ref="9673554590"/>
    <nd ref="9673554589"/>
    <tag k="highway" v="residential"/>
  </way>
  <way id="1052903373" version="1" timestamp="2022-04-19T05:06:00Z" changeset="119886334" uid="15008581" user="Potter_Gang">
    <nd ref="6731680243"/>
    <nd ref="9676190107"/>
    <tag k="highway" v="residential"/>
  </way>
  <way id="1052903374" version="1" timestamp="2022-04-19T05:06:00Z" changeset="119886334" uid="15008581" user="Potter_Gang">
    <nd ref="9676190109"/>
    <nd ref="9676190108"/>
    <tag k="highway" v="residential"/>
  </way>
  <way id="1052903375" version="1" timestamp="2022-04-19T05:06:00Z" changeset="119886334" uid="15008581" user="Potter_Gang">
    <nd ref="9676190111"/>
    <nd ref="9676190109"/>
    <nd ref="9676190110"/>
    <tag k="highway" v="residential"/>
  </way>
  <way id="1052903378" version="1" timestamp="2022-04-19T05:06:00Z" changeset="119886334" uid="15008581" user="Potter_Gang">
    <nd ref="6731680245"/>
    <nd ref="9676190113"/>
    <nd ref="9676190115"/>
    <tag k="highway" v="residential"/>
  </way>
  <way id="1052909350" version="3" timestamp="2022-04-22T05:22:03Z" changeset="120028749" uid="15008597" user="Bell_Jan">
    <nd ref="9676254217"/>
    <nd ref="9676193116"/>
    <nd ref="9676193115"/>
    <nd ref="9676193114"/>
    <nd ref="9676193109"/>
    <nd ref="9676193113"/>
    <nd ref="9676193112"/>
    <nd ref="9676193111"/>
    <nd ref="9684457033"/>
    <nd ref="9684457032"/>
    <nd ref="9684457031"/>
    <nd ref="9684457030"/>
    <nd ref="9684457029"/>
    <nd ref="9684457017"/>
    <nd ref="9684457018"/>
    <nd ref="9684457019"/>
    <nd ref="9684457028"/>
    <nd ref="9684457020"/>
    <nd ref="9684457027"/>
    <nd ref="9684457026"/>
    <nd ref="9684457021"/>
    <nd ref="9684457022"/>
    <nd ref="9684457025"/>
    <nd ref="9684457024"/>
    <nd ref="9684457023"/>
    <nd ref="9684451493"/>
    <nd ref="9684451492"/>
    <nd ref="9684451491"/>
    <nd ref="9684451490"/>
    <nd ref="9684451489"/>
    <nd ref="9674098095"/>
    <tag k="highway" v="residential"/>
  </way>
  <way id="1052923944" version="1" timestamp="2022-04-19T06:42:30Z" changeset="119889646" uid="14728791" user="Rtanj">
    <nd ref="9676332287"/>
    <nd ref="9676332286"/>
    <nd ref="9676332285"/>
    <tag k="highway" v="residential"/>
  </way>
  <way id="1052923945" version="2" timestamp="2022-04-19T08:33:31Z" changeset="119894329" uid="15204708" user="Moto_JB">
    <nd ref="9676332290"/>
    <nd ref="9676332289"/>
    <nd ref="9676332288"/>
    <nd ref="9676518910"/>
    <tag k="highway" v="residential"/>
  </way>
  <way id="1052923946" version="1" timestamp="2022-04-19T06:42:30Z" changeset="119889646" uid="14728791" user="Rtanj">
    <nd ref="9676332293"/>
    <nd ref="9676332292"/>
    <nd ref="9676332291"/>
    <tag k="highway" v="residential"/>
  </way>
  <way id="1053317892" version="1" timestamp="2022-04-20T12:01:48Z" changeset="119950885" uid="14728702" user="Tinetto">
    <nd ref="9679931006"/>
    <nd ref="5588977778"/>
    <nd ref="9679931013"/>
    <tag k="highway" v="residential"/>
  </way>
  <way id="1053317893" version="1" timestamp="2022-04-20T12:01:48Z" changeset="119950885" uid="14728702" user="Tinetto">
    <nd ref="9679931006"/>
    <nd ref="9679931005"/>
    <tag k="highway" v="residential"/>
  </way>
  <way id="1053317894" version="2" timestamp="2022-04-20T12:10:39Z" changeset="119951364" uid="14728702" user="Tinetto">
    <nd ref="9679931012"/>
    <nd ref="9679931011"/>
    <nd ref="9679931008"/>
    <nd ref="9679931005"/>
    <nd ref="9679931007"/>
    <tag k="highway" v="residential"/>
  </way>
  <way id="1053317895" version="1" timestamp="2022-04-20T12:01:48Z" changeset="119950885" uid="14728702" user="Tinetto">
    <nd ref="9679931014"/>
    <nd ref="9679931012"/>
    <nd ref="9679931006"/>
    <tag k="highway" v="residential"/>
  </way>
  <way id="1053322002" version="1" timestamp="2022-04-20T12:10:39Z" changeset="119951364" uid="14728702" user="Tinetto">
    <nd ref="9679931011"/>
    <nd ref="9679995053"/>
    <nd ref="9679995054"/>
    <tag k="highway" v="residential"/>
  </way>
  <way id="1053576121" version="1" timestamp="2022-04-21T10:03:17Z" changeset="119992728" uid="14728791" user="Rtanj">
    <nd ref="9682290879"/>
    <nd ref="9682290877"/>
    <nd ref="9682290878"/>
    <tag k="highway" v="residential"/>
  </way>
  <way id="1053576122" version="1" timestamp="2022-04-21T10:03:17Z" changeset="119992728" uid="14728791" user="Rtanj">
    <nd ref="9682290882"/>
    <nd ref="9682290881"/>
    <nd ref="9682290880"/>
    <tag k="highway" v="residential"/>
  </way>
  <way id="1053576123" version="1" timestamp="2022-04-21T10:03:17Z" changeset="119992728" uid="14728791" user="Rtanj">
    <nd ref="9682290885"/>
    <nd ref="9682290880"/>
    <nd ref="9682290884"/>
    <nd ref="9682290878"/>
    <nd ref="9682290883"/>
    <tag k="highway" v="residential"/>
  </way>
  <way id="1053576124" version="2" timestamp="2022-04-22T05:01:46Z" changeset="120028227" uid="15008597" user="Bell_Jan">
    <nd ref="9684412167"/>
    <nd ref="9684412168"/>
    <nd ref="9684412169"/>
    <nd ref="9684412170"/>
    <nd ref="9684412171"/>
    <nd ref="9684412172"/>
    <nd ref="9684412173"/>
    <nd ref="9682290888"/>
    <nd ref="9682290882"/>
    <nd ref="9682290887"/>
    <nd ref="9682290879"/>
    <nd ref="9682290886"/>
    <tag k="highway" v="residential"/>
  </way>
  <way id="1053812608" version="1" timestamp="2022-04-22T04:57:48Z" changeset="120028113" uid="15008597" user="Bell_Jan">
    <nd ref="9684411302"/>
    <nd ref="9684411301"/>
    <nd ref="9684411300"/>
    <nd ref="9684411299"/>
    <nd ref="9684411298"/>
    <nd ref="9684411297"/>
    <nd ref="9684411296"/>
    <tag k="highway" v="residential"/>
  </way>
  <way id="1053815625" version="1" timestamp="2022-04-22T05:01:46Z" changeset="120028227" uid="15008597" user="Bell_Jan">
    <nd ref="9684412170"/>
    <nd ref="9684412162"/>
    <nd ref="9684412161"/>
    <nd ref="9684412160"/>
    <nd ref="9684412177"/>
    <tag k="highway" v="residential"/>
  </way>
  <way id="1053815626" version="1" timestamp="2022-04-22T05:01:46Z" changeset="120028227" uid="15008597" user="Bell_Jan">
    <nd ref="9684412172"/>
    <nd ref="9684412166"/>
    <nd ref="9684412165"/>
    <nd ref="9684412164"/>
    <nd ref="9684412163"/>
    <tag k="highway" v="residential"/>
  </way>
  <way id="1053815627" version="1" timestamp="2022-04-22T05:01:46Z" changeset="120028227" uid="15008597" user="Bell_Jan">
    <nd ref="9684412180"/>
    <nd ref="9684412179"/>
    <nd ref="9684412163"/>
    <nd ref="9684412178"/>
    <nd ref="9684412177"/>
    <nd ref="9684412176"/>
    <nd ref="9684412175"/>
    <nd ref="9684412174"/>
    <tag k="highway" v="residential"/>
  </way>
  <way id="1053816250" version="1" timestamp="2022-04-22T05:05:40Z" changeset="120028333" uid="15458791" user="BR_pebble">
    <nd ref="9684430921"/>
    <nd ref="9684430920"/>
    <tag k="highway" v="residential"/>
  </way>
  <way id="1053816393" version="1" timestamp="2022-04-22T05:06:53Z" changeset="120028360" uid="15008597" user="Bell_Jan">
    <nd ref="9684423795"/>
    <nd ref="9684423787"/>
    <nd ref="9684423794"/>
    <nd ref="9684423793"/>
    <nd ref="9684423792"/>
    <nd ref="9684423791"/>
    <nd ref="9684423790"/>
    <nd ref="9684423789"/>
    <nd ref="9684423788"/>
    <tag k="highway" v="residential"/>
  </way>
  <way id="1053816394" version="1" timestamp="2022-04-22T05:06:53Z" changeset="120028360" uid="15008597" user="Bell_Jan">
    <nd ref="9684423807"/>
    <nd ref="9684423802"/>
    <nd ref="9684423801"/>
    <nd ref="9684423800"/>
    <nd ref="9684423799"/>
    <nd ref="9684423798"/>
    <nd ref="9684423797"/>
    <nd ref="9684423796"/>
    <tag k="highway" v="residential"/>
  </way>
  <way id="1053816395" version="1" timestamp="2022-04-22T05:06:53Z" changeset="120028360" uid="15008597" user="Bell_Jan">
    <nd ref="6731733665"/>
    <nd ref="9684423810"/>
    <nd ref="9684423809"/>
    <nd ref="9684423808"/>
    <nd ref="9684423807"/>
    <nd ref="9684423806"/>
    <nd ref="9684423795"/>
    <nd ref="9684423805"/>
    <nd ref="9684423804"/>
    <nd ref="9684423803"/>
    <tag k="highway" v="residential"/>
  </way>
  <way id="1053816396" version="1" timestamp="2022-04-22T05:06:53Z" changeset="120028360" uid="15008597" user="Bell_Jan">
    <nd ref="9684451118"/>
    <nd ref="9684451117"/>
    <nd ref="9684423796"/>
    <nd ref="9684423816"/>
    <nd ref="9684423815"/>
    <nd ref="9684423788"/>
    <nd ref="9684423814"/>
    <nd ref="9684423813"/>
    <nd ref="9684423812"/>
    <nd ref="9684423811"/>
    <tag k="highway" v="residential"/>
  </way>
  <way id="1053817727" version="1" timestamp="2022-04-22T05:18:41Z" changeset="120028665" uid="15008597" user="Bell_Jan">
    <nd ref="9684444685"/>
    <nd ref="9684444684"/>
    <nd ref="9684444683"/>
    <nd ref="9684444682"/>
    <nd ref="9684444681"/>
    <nd ref="9684444680"/>
    <nd ref="9684444679"/>
    <nd ref="9684444678"/>
    <nd ref="9684444677"/>
    <tag k="highway" v="residential"/>
  </way>
  <way id="1053817728" version="1" timestamp="2022-04-22T05:18:41Z" changeset="120028665" uid="15008597" user="Bell_Jan">
    <nd ref="9684444701"/>
    <nd ref="9684444700"/>
    <nd ref="9684444699"/>
    <nd ref="9684444698"/>
    <nd ref="9684444697"/>
    <nd ref="9684444696"/>
    <nd ref="9684444695"/>
    <nd ref="9684444694"/>
    <nd ref="9684444693"/>
    <tag k="highway" v="residential"/>
  </way>
  <way id="1055602602" version="2" timestamp="2022-05-05T08:58:59Z" changeset="120577463" uid="15204669" user="Bon_gadget">
    <nd ref="9699753669"/>
    <nd ref="9699753664"/>
    <nd ref="9699753668"/>
    <nd ref="9717554845"/>
    <nd ref="9699753665"/>
    <nd ref="9699753667"/>
    <nd ref="9717554850"/>
    <nd ref="9699753666"/>
    <nd ref="6731733628"/>
    <tag k="highway" v="service"/>
  </way>
  <way id="1055613869" version="1" timestamp="2022-04-28T07:37:23Z" changeset="120290954" uid="15458805" user="Fashluk">
    <nd ref="9699853009"/>
    <nd ref="9699853008"/>
    <tag k="highway" v="residential"/>
  </way>
  <way id="1055613870" version="1" timestamp="2022-04-28T07:37:23Z" changeset="120290954" uid="15458805" user="Fashluk">
    <nd ref="9699855318"/>
    <nd ref="9699855317"/>
    <nd ref="9699853016"/>
    <nd ref="9699853015"/>
    <nd ref="9699853014"/>
    <nd ref="9699853013"/>
    <nd ref="9699853012"/>
    <nd ref="9699853011"/>
    <nd ref="9699853009"/>
    <nd ref="9699853010"/>
    <tag k="highway" v="residential"/>
  </way>
  <way id="1057554309" version="1" timestamp="2022-05-05T08:58:59Z" changeset="120577463" uid="15204669" user="Bon_gadget">
    <nd ref="9717554850"/>
    <nd ref="9717554849"/>
    <nd ref="9717554848"/>
    <nd ref="9717554847"/>
    <nd ref="9717554846"/>
    <tag k="highway" v="residential"/>
  </way>
  <way id="1085974780" version="1" timestamp="2022-08-13T09:06:11Z" changeset="124845061" uid="15008590" user="Shel_Sri">
    <nd ref="9699853014"/>
    <nd ref="9950629513"/>
    <nd ref="9950629512"/>
    <nd ref="9950629511"/>
    <nd ref="9950629510"/>
    <tag k="highway" v="residential"/>
  </way>
  <way id="1105656170" version="1" timestamp="2022-10-20T23:36:08Z" changeset="127858768" uid="578772" user="alain2003">
    <nd ref="10117620010"/>
    <nd ref="10117620011"/>
    <nd ref="10117620012"/>
    <nd ref="10117620013"/>
    <nd ref="10117620014"/>
    <nd ref="10117620015"/>
    <nd ref="10117620016"/>
    <nd ref="10117620017"/>
    <nd ref="10117620018"/>
    <nd ref="10117620019"/>
    <nd ref="10117620010"/>
    <tag k="building" v="yes"/>
    <tag k="source" v="microsoft/BuildingFootprints"/>
  </way>
  <way id="1105656171" version="1" timestamp="2022-10-20T23:36:08Z" changeset="127858768" uid="578772" user="alain2003">
    <nd ref="10117620020"/>
    <nd ref="10117620021"/>
    <nd ref="10117620022"/>
    <nd ref="10117620023"/>
    <nd ref="10117620024"/>
    <nd ref="10117620025"/>
    <nd ref="10117620020"/>
    <tag k="building" v="yes"/>
    <tag k="source" v="microsoft/BuildingFootprints"/>
  </way>
  <way id="1105656172" version="1" timestamp="2022-10-20T23:36:08Z" changeset="127858768" uid="578772" user="alain2003">
    <nd ref="10117620026"/>
    <nd ref="10117620027"/>
    <nd ref="10117620028"/>
    <nd ref="10117620029"/>
    <nd ref="10117620026"/>
    <tag k="building" v="yes"/>
    <tag k="source" v="microsoft/BuildingFootprints"/>
  </way>
  <way id="1105656173" version="1" timestamp="2022-10-20T23:36:08Z" changeset="127858768" uid="578772" user="alain2003">
    <nd ref="10117620030"/>
    <nd ref="10117620031"/>
    <nd ref="10117620032"/>
    <nd ref="10117620033"/>
    <nd ref="10117620030"/>
    <tag k="building" v="yes"/>
    <tag k="source" v="microsoft/BuildingFootprints"/>
  </way>
  <way id="1105656174" version="1" timestamp="2022-10-20T23:36:08Z" changeset="127858768" uid="578772" user="alain2003">
    <nd ref="10117620034"/>
    <nd ref="10117620035"/>
    <nd ref="10117620036"/>
    <nd ref="10117620037"/>
    <nd ref="10117620038"/>
    <nd ref="10117620039"/>
    <nd ref="10117620040"/>
    <nd ref="10117620041"/>
    <nd ref="10117620034"/>
    <tag k="building" v="yes"/>
    <tag k="source" v="microsoft/BuildingFootprints"/>
  </way>
  <way id="1105656175" version="1" timestamp="2022-10-20T23:36:08Z" changeset="127858768" uid="578772" user="alain2003">
    <nd ref="10117620042"/>
    <nd ref="10117620043"/>
    <nd ref="10117620044"/>
    <nd ref="10117620045"/>
    <nd ref="10117620046"/>
    <nd ref="10117620047"/>
    <nd ref="10117620048"/>
    <nd ref="10117620049"/>
    <nd ref="10117620042"/>
    <tag k="building" v="yes"/>
    <tag k="source" v="microsoft/BuildingFootprints"/>
  </way>
  <way id="1105656176" version="1" timestamp="2022-10-20T23:36:08Z" changeset="127858768" uid="578772" user="alain2003">
    <nd ref="10117620050"/>
    <nd ref="10117620051"/>
    <nd ref="10117620052"/>
    <nd ref="10117620053"/>
    <nd ref="10117620054"/>
    <nd ref="10117620055"/>
    <nd ref="10117620056"/>
    <nd ref="10117620057"/>
    <nd ref="10117620058"/>
    <nd ref="10117620059"/>
    <nd ref="10117620050"/>
    <tag k="building" v="yes"/>
    <tag k="source" v="microsoft/BuildingFootprints"/>
  </way>
  <way id="1105656177" version="1" timestamp="2022-10-20T23:36:08Z" changeset="127858768" uid="578772" user="alain2003">
    <nd ref="10117620060"/>
    <nd ref="10117620061"/>
    <nd ref="10117620062"/>
    <nd ref="10117620063"/>
    <nd ref="10117620064"/>
    <nd ref="10117620065"/>
    <nd ref="10117620066"/>
    <nd ref="10117620067"/>
    <nd ref="10117620068"/>
    <nd ref="10117620069"/>
    <nd ref="10117620060"/>
    <tag k="building" v="yes"/>
    <tag k="source" v="microsoft/BuildingFootprints"/>
  </way>
  <way id="1105656178" version="1" timestamp="2022-10-20T23:36:08Z" changeset="127858768" uid="578772" user="alain2003">
    <nd ref="10117620070"/>
    <nd ref="10117620071"/>
    <nd ref="10117620072"/>
    <nd ref="10117620073"/>
    <nd ref="10117620074"/>
    <nd ref="10117620075"/>
    <nd ref="10117620070"/>
    <tag k="building" v="yes"/>
    <tag k="source" v="microsoft/BuildingFootprints"/>
  </way>
  <way id="1105656179" version="1" timestamp="2022-10-20T23:36:08Z" changeset="127858768" uid="578772" user="alain2003">
    <nd ref="10117620076"/>
    <nd ref="10117620077"/>
    <nd ref="10117620078"/>
    <nd ref="10117620079"/>
    <nd ref="10117620080"/>
    <nd ref="10117620081"/>
    <nd ref="10117620082"/>
    <nd ref="10117620083"/>
    <nd ref="10117620084"/>
    <nd ref="10117620085"/>
    <nd ref="10117620086"/>
    <nd ref="10117620087"/>
    <nd ref="10117620076"/>
    <tag k="building" v="yes"/>
    <tag k="source" v="microsoft/BuildingFootprints"/>
  </way>
  <way id="1105656180" version="1" timestamp="2022-10-20T23:36:08Z" changeset="127858768" uid="578772" user="alain2003">
    <nd ref="10117620088"/>
    <nd ref="10117620089"/>
    <nd ref="10117620090"/>
    <nd ref="10117620091"/>
    <nd ref="10117620092"/>
    <nd ref="10117620093"/>
    <nd ref="10117620094"/>
    <nd ref="10117620095"/>
    <nd ref="10117620088"/>
    <tag k="building" v="yes"/>
    <tag k="source" v="microsoft/BuildingFootprints"/>
  </way>
  <way id="1105656181" version="1" timestamp="2022-10-20T23:36:08Z" changeset="127858768" uid="578772" user="alain2003">
    <nd ref="10117620096"/>
    <nd ref="10117620097"/>
    <nd ref="10117620098"/>
    <nd ref="10117620099"/>
    <nd ref="10117620100"/>
    <nd ref="10117620101"/>
    <nd ref="10117620102"/>
    <nd ref="10117620103"/>
    <nd ref="10117620096"/>
    <tag k="building" v="yes"/>
    <tag k="source" v="microsoft/BuildingFootprints"/>
  </way>
  <way id="1105656182" version="1" timestamp="2022-10-20T23:36:08Z" changeset="127858768" uid="578772" user="alain2003">
    <nd ref="10117620104"/>
    <nd ref="10117620105"/>
    <nd ref="10117620106"/>
    <nd ref="10117620107"/>
    <nd ref="10117620108"/>
    <nd ref="10117620109"/>
    <nd ref="10117620104"/>
    <tag k="building" v="yes"/>
    <tag k="source" v="microsoft/BuildingFootprints"/>
  </way>
  <way id="1105656183" version="1" timestamp="2022-10-20T23:36:08Z" changeset="127858768" uid="578772" user="alain2003">
    <nd ref="10117620110"/>
    <nd ref="10117620111"/>
    <nd ref="10117620112"/>
    <nd ref="10117620113"/>
    <nd ref="10117620114"/>
    <nd ref="10117620115"/>
    <nd ref="10117620116"/>
    <nd ref="10117620117"/>
    <nd ref="10117620110"/>
    <tag k="building" v="yes"/>
    <tag k="source" v="microsoft/BuildingFootprints"/>
  </way>
  <way id="1105656184" version="1" timestamp="2022-10-20T23:36:08Z" changeset="127858768" uid="578772" user="alain2003">
    <nd ref="10117620118"/>
    <nd ref="10117620119"/>
    <nd ref="10117620120"/>
    <nd ref="10117620121"/>
    <nd ref="10117620118"/>
    <tag k="building" v="yes"/>
    <tag k="source" v="microsoft/BuildingFootprints"/>
  </way>
  <way id="1283522243" version="1" timestamp="2024-05-16T05:50:40Z" changeset="151390236" uid="19636659" user="PripetRiver">
    <nd ref="11909143258"/>
    <nd ref="11909143257"/>
    <nd ref="11909143256"/>
    <nd ref="11909143255"/>
    <nd ref="11909143265"/>
    <tag k="highway" v="residential"/>
  </way>
  <way id="1283522244" version="1" timestamp="2024-05-16T05:50:40Z" changeset="151390236" uid="19636659" user="PripetRiver">
    <nd ref="11909143260"/>
    <nd ref="11909143259"/>
    <tag k="highway" v="residential"/>
  </way>
  <way id="1283522246" version="1" timestamp="2024-05-16T05:50:40Z" changeset="151390236" uid="19636659" user="PripetRiver">
    <nd ref="11909143268"/>
    <nd ref="11909143267"/>
    <nd ref="11909143260"/>
    <nd ref="11909143266"/>
    <nd ref="11909143265"/>
    <nd ref="11909143264"/>
    <nd ref="11909143263"/>
    <tag k="highway" v="residential"/>
  </way>
  <way id="1283522247" version="1" timestamp="2024-05-16T05:50:40Z" changeset="151390236" uid="19636659" user="PripetRiver">
    <nd ref="11909143270"/>
    <nd ref="11909143268"/>
    <nd ref="11909143261"/>
    <nd ref="11909143269"/>
    <tag k="highway" v="residential"/>
  </way>
  <way id="1283522248" version="1" timestamp="2024-05-16T05:50:40Z" changeset="151390236" uid="19636659" user="PripetRiver">
    <nd ref="1607983521"/>
    <nd ref="11909143277"/>
    <nd ref="11909143276"/>
    <nd ref="11909143275"/>
    <nd ref="11909143258"/>
    <nd ref="11909143274"/>
    <nd ref="11909143273"/>
    <nd ref="11909143270"/>
    <nd ref="11909143271"/>
    <nd ref="11909143272"/>
    <tag k="highway" v="residential"/>
  </way>
  <way id="1313013851" version="1" timestamp="2024-09-03T11:47:11Z" changeset="156138753" uid="578772" user="alain2003">
    <nd ref="11254943208"/>
    <nd ref="11254955451"/>
    <nd ref="11254943207"/>
    <nd ref="11254943206"/>
    <nd ref="11254943203"/>
    <nd ref="11254943205"/>
    <nd ref="11254943202"/>
    <nd ref="11254943204"/>
    <nd ref="11254955450"/>
    <nd ref="11254943201"/>
    <nd ref="11254943195"/>
    <nd ref="11254955449"/>
    <nd ref="11254943200"/>
    <nd ref="11254955448"/>
    <nd ref="12153569664"/>
    <tag k="highway" v="tertiary"/>
    <tag k="name" v="Boulevard Omar Al Khattab"/>
    <tag k="name:fr" v="Boulevard Omar Al Khattab"/>
    <tag k="oneway" v="yes"/>
  </way>
  <way id="1374135595" version="1" timestamp="2025-04-02T11:41:05Z" changeset="164417103" uid="6556551" user="TWHB">
    <nd ref="1450908896"/>
    <nd ref="1450918509"/>
    <nd ref="1450918518"/>
    <nd ref="1450918522"/>
    <nd ref="1450920849"/>
    <nd ref="1450920851"/>
    <nd ref="1450924052"/>
    <nd ref="1450924419"/>
    <nd ref="1450924422"/>
    <nd ref="1450924527"/>
    <nd ref="1450924529"/>
    <nd ref="1450924531"/>
    <nd ref="1450924533"/>
    <nd ref="1450925502"/>
    <nd ref="1450925505"/>
    <nd ref="1450925506"/>
    <nd ref="1450925508"/>
    <nd ref="1450925511"/>
    <nd ref="1450925569"/>
    <nd ref="1450925571"/>
    <nd ref="1450926367"/>
    <nd ref="1450926371"/>
    <nd ref="1450926375"/>
    <nd ref="1450927270"/>
    <tag k="cables" v="3"/>
    <tag k="name" v="ligne n° 25-10"/>
    <tag k="power" v="line"/>
    <tag k="source" v="bing"/>
    <tag k="voltage" v="225000"/>
  </way>
  <relation id="12980789" version="60" timestamp="2026-07-06T11:01:50Z" changeset="185190590" uid="15567285" user="Aya Samir">
    <member type="way" ref="1535781409" role=""/>
    <member type="way" ref="1535810088" role=""/>
    <member type="way" ref="1535781421" role=""/>
    <member type="way" ref="1459280288" role=""/>
    <member type="way" ref="1459280290" role=""/>
    <member type="way" ref="1432337916" role=""/>
    <member type="node" ref="8977417620" role="platform"/>
    <member type="node" ref="8977417623" role="platform"/>
    <member type="node" ref="8977417618" role="platform"/>
    <member type="node" ref="10082933251" role="platform"/>
    <member type="node" ref="9983915608" role="platform"/>
    <member type="node" ref="10082933262" role="platform"/>
    <member type="node" ref="8977417627" role="platform"/>
    <member type="node" ref="12154529639" role="platform"/>
    <member type="node" ref="12154529640" role="platform"/>
    <member type="node" ref="12154529641" role="platform"/>
    <member type="node" ref="10082848335" role="platform"/>
    <member type="node" ref="10088023523" role="platform"/>
    <member type="node" ref="10088023522" role="platform"/>
    <member type="node" ref="10092266833" role="platform"/>
    <member type="node" ref="10088023521" role="platform"/>
    <member type="node" ref="8977071028" role="platform"/>
    <member type="node" ref="10092266831" role="platform"/>
    <member type="node" ref="8977071027" role="platform"/>
    <member type="node" ref="10082848341" role="platform"/>
    <member type="node" ref="10082848342" role="platform"/>
    <member type="node" ref="10088022715" role="platform"/>
    <member type="node" ref="10088022714" role="platform"/>
    <member type="node" ref="10082848350" role="platform"/>
    <member type="node" ref="10082818967" role="platform"/>
    <member type="node" ref="10085786397" role="platform"/>
    <member type="node" ref="10082933270" role="platform"/>
    <member type="node" ref="10090643543" role="platform"/>
    <member type="node" ref="10082933271" role="platform"/>
    <member type="node" ref="10082819009" role="platform"/>
    <member type="node" ref="10087921405" role="platform"/>
    <member type="node" ref="8977071023" role="platform"/>
    <member type="node" ref="10082969860" role="platform"/>
    <member type="node" ref="10089975548" role="platform"/>
    <member type="node" ref="10089975549" role="platform"/>
    <member type="node" ref="10082819014" role="platform"/>
    <member type="way" ref="1432257053" role=""/>
    <member type="way" ref="1432257054" role=""/>
    <member type="way" ref="1434429754" role=""/>
    <member type="way" ref="1432257059" role=""/>
    <member type="way" ref="1432257058" role=""/>
    <member type="way" ref="1432257058" role=""/>
    <member type="way" ref="1432257057" role=""/>
    <member type="way" ref="1432257060" role=""/>
    <member type="way" ref="970118429" role=""/>
    <member type="way" ref="1432257054" role=""/>
    <member type="way" ref="1101845130" role=""/>
    <member type="way" ref="964994829" role=""/>
    <member type="way" ref="157144835" role=""/>
    <member type="way" ref="735085600" role=""/>
    <member type="way" ref="1101845140" role=""/>
    <member type="way" ref="204734867" role=""/>
    <member type="way" ref="204734870" role=""/>
    <member type="way" ref="442173101" role=""/>
    <member type="way" ref="436802844" role=""/>
    <member type="way" ref="436802849" role=""/>
    <member type="way" ref="141602139" role=""/>
    <member type="way" ref="141602135" role=""/>
    <member type="way" ref="141602135" role=""/>
    <member type="way" ref="966699725" role=""/>
    <member type="way" ref="1101835702" role=""/>
    <member type="way" ref="157144890" role=""/>
    <member type="way" ref="1324949167" role=""/>
    <member type="way" ref="1324949164" role=""/>
    <member type="way" ref="1324949166" role=""/>
    <member type="way" ref="1324949162" role=""/>
    <member type="way" ref="1432337917" role=""/>
    <member type="way" ref="1512985378" role=""/>
    <member type="way" ref="1512985382" role=""/>
    <member type="way" ref="1512985379" role=""/>
    <member type="way" ref="1512985381" role=""/>
    <member type="way" ref="1512985380" role=""/>
    <member type="way" ref="1512985385" role=""/>
    <member type="way" ref="1432337918" role=""/>
    <member type="way" ref="1436464113" role=""/>
    <member type="way" ref="1436464104" role=""/>
    <member type="way" ref="1436464103" role=""/>
    <member type="way" ref="460564208" role=""/>
    <member type="way" ref="1109239263" role=""/>
    <member type="way" ref="1109239267" role=""/>
    <member type="way" ref="1109239266" role=""/>
    <member type="way" ref="1109239268" role=""/>
    <member type="way" ref="1459280292" role=""/>
    <member type="way" ref="734741371" role=""/>
    <member type="way" ref="1101835707" role=""/>
    <member type="way" ref="630067062" role=""/>
    <member type="way" ref="1103230549" role=""/>
    <member type="way" ref="630067070" role=""/>
    <member type="way" ref="630067069" role=""/>
    <member type="way" ref="964640015" role=""/>
    <member type="way" ref="585496359" role=""/>
    <member type="way" ref="1101838205" role=""/>
    <member type="way" ref="1101838206" role=""/>
    <member type="way" ref="1101845147" role=""/>
    <member type="way" ref="166084504" role=""/>
    <member type="way" ref="460563636" role=""/>
    <member type="way" ref="1101845152" role=""/>
    <member type="way" ref="4330455" role=""/>
    <member type="way" ref="295762115" role=""/>
    <member type="way" ref="584750773" role=""/>
    <member type="way" ref="1102443594" role=""/>
    <member type="way" ref="147598671" role=""/>
    <member type="way" ref="411188770" role=""/>
    <member type="way" ref="295762074" role=""/>
    <member type="way" ref="1313013846" role=""/>
    <member type="way" ref="295762105" role=""/>
    <member type="way" ref="309750235" role=""/>
    <member type="way" ref="1101840072" role=""/>
    <member type="way" ref="1101917181" role=""/>
    <member type="way" ref="1101917175" role=""/>
    <member type="way" ref="1101917178" role=""/>
    <member type="way" ref="723303950" role=""/>
    <member type="way" ref="147598688" role=""/>
    <member type="way" ref="1313013851" role=""/>
    <member type="way" ref="1313013849" role=""/>
    <member type="way" ref="584743620" role=""/>
    <member type="way" ref="147598659" role=""/>
    <member type="way" ref="1101845149" role=""/>
    <member type="way" ref="964640012" role=""/>
    <member type="way" ref="1356842957" role=""/>
    <member type="way" ref="1356842954" role=""/>
    <member type="way" ref="1101845150" role=""/>
    <tag k="from" v="Commune Essebah"/>
    <tag k="name" v="L306:Commune Essebbah-Maghreb El Arabi"/>
    <tag k="network" v="ALSA Citybus RST"/>
    <tag k="network:wikidata" v="Q111211361"/>
    <tag k="operator" v="ALSA"/>
    <tag k="operator:wikidata" v="Q294510"/>
    <tag k="operator:wikipedia" v="fr:Alsa (entreprise)"/>
    <tag k="public_transport:version" v="2"/>
    <tag k="ref" v="306"/>
    <tag k="route" v="bus"/>
    <tag k="to" v="El Maghreb el arabi"/>
    <tag k="type" v="route"/>
    <tag k="via" v="Hay Fath (Skhirat)"/>
  </relation>
  <relation id="14669023" version="59" timestamp="2026-07-06T11:01:50Z" changeset="185190590" uid="15567285" user="Aya Samir">
    <member type="way" ref="1535781410" role=""/>
    <member type="way" ref="1460517917" role=""/>
    <member type="way" ref="1432337916" role=""/>
    <member type="way" ref="1376399516" role=""/>
    <member type="way" ref="1376399519" role=""/>
    <member type="way" ref="1376399517" role=""/>
    <member type="way" ref="1376399523" role=""/>
    <member type="way" ref="1376399527" role=""/>
    <member type="way" ref="1376399526" role=""/>
    <member type="node" ref="12153569661" role="platform"/>
    <member type="node" ref="10082819013" role="platform"/>
    <member type="node" ref="10082819012" role="platform"/>
    <member type="node" ref="10082819011" role="platform"/>
    <member type="node" ref="10082819010" role="platform"/>
    <member type="node" ref="10078976773" role="platform"/>
    <member type="node" ref="10088023550" role="platform"/>
    <member type="node" ref="3150442184" role="platform"/>
    <member type="node" ref="3150442173" role="platform"/>
    <member type="node" ref="8977071024" role="platform"/>
    <member type="node" ref="8977071025" role="platform"/>
    <member type="node" ref="10088022647" role="platform"/>
    <member type="node" ref="8974733426" role="platform"/>
    <member type="node" ref="8977071026" role="platform"/>
    <member type="node" ref="10088022716" role="platform"/>
    <member type="node" ref="10088023217" role="platform"/>
    <member type="node" ref="10088023218" role="platform"/>
    <member type="node" ref="10088023413" role="platform"/>
    <member type="node" ref="10082848340" role="platform"/>
    <member type="node" ref="8977071029" role="platform"/>
    <member type="node" ref="8977071030" role="platform"/>
    <member type="node" ref="10088023524" role="platform"/>
    <member type="node" ref="10082848331" role="platform"/>
    <member type="node" ref="8977071033" role="platform"/>
    <member type="node" ref="10082848304" role="platform"/>
    <member type="node" ref="10082848302" role="platform"/>
    <member type="node" ref="8977071035" role="platform"/>
    <member type="node" ref="8977071037" role="platform"/>
    <member type="node" ref="10082848292" role="platform"/>
    <member type="node" ref="8977071039" role="platform"/>
    <member type="node" ref="12155269799" role="platform"/>
    <member type="node" ref="8977423219" role="platform"/>
    <member type="node" ref="10082811003" role="platform"/>
    <member type="node" ref="8977423218" role="platform"/>
    <member type="node" ref="10082810988" role="platform"/>
    <member type="node" ref="10082810987" role="platform"/>
    <member type="node" ref="10082810986" role="platform"/>
    <member type="node" ref="8977071045" role="platform"/>
    <member type="node" ref="8977071046" role="platform"/>
    <member type="node" ref="8977071047" role="platform"/>
    <member type="node" ref="10082772487" role="platform"/>
    <member type="node" ref="10089193286" role="platform"/>
    <member type="node" ref="8974356442" role="platform"/>
    <member type="node" ref="10082772482" role="platform"/>
    <member type="way" ref="1101838217" role=""/>
    <member type="way" ref="1313013850" role=""/>
    <member type="way" ref="4061055" role=""/>
    <member type="way" ref="964994827" role=""/>
    <member type="way" ref="538546665" role=""/>
    <member type="way" ref="584744225" role=""/>
    <member type="way" ref="1101838216" role=""/>
    <member type="way" ref="147598682" role=""/>
    <member type="way" ref="1101363599" role=""/>
    <member type="way" ref="176729708" role=""/>
    <member type="way" ref="1101840071" role=""/>
    <member type="way" ref="309750230" role=""/>
    <member type="way" ref="295762105" role=""/>
    <member type="way" ref="1313013846" role=""/>
    <member type="way" ref="1102641162" role=""/>
    <member type="way" ref="295762106" role=""/>
    <member type="way" ref="609270696" role=""/>
    <member type="way" ref="309750227" role=""/>
    <member type="way" ref="966783768" role=""/>
    <member type="way" ref="964640013" role=""/>
    <member type="way" ref="1102443594" role=""/>
    <member type="way" ref="149534129" role=""/>
    <member type="way" ref="1101838215" role=""/>
    <member type="way" ref="149534117" role=""/>
    <member type="way" ref="295762085" role=""/>
    <member type="way" ref="584750774" role=""/>
    <member type="way" ref="149534110" role=""/>
    <member type="way" ref="295762088" role=""/>
    <member type="way" ref="295762068" role=""/>
    <member type="way" ref="584755910" role=""/>
    <member type="way" ref="1101838210" role=""/>
    <member type="way" ref="166084503" role=""/>
    <member type="way" ref="1101845147" role=""/>
    <member type="way" ref="166084493" role=""/>
    <member type="way" ref="1101838204" role=""/>
    <member type="way" ref="460563631" role=""/>
    <member type="way" ref="964640015" role=""/>
    <member type="way" ref="630067069" role=""/>
    <member type="way" ref="734741370" role=""/>
    <member type="way" ref="1101835704" role=""/>
    <member type="way" ref="630067068" role=""/>
    <member type="way" ref="1459280291" role=""/>
    <member type="way" ref="1109239268" role=""/>
    <member type="way" ref="1109239265" role=""/>
    <member type="way" ref="1312524227" role=""/>
    <member type="way" ref="1109239264" role=""/>
    <member type="way" ref="1436464104" role=""/>
    <member type="way" ref="1436464103" role=""/>
    <member type="way" ref="460564208" role=""/>
    <member type="way" ref="1436464113" role=""/>
    <member type="way" ref="1432337918" role=""/>
    <member type="way" ref="1512985381" role=""/>
    <member type="way" ref="1512985380" role=""/>
    <member type="way" ref="1512985385" role=""/>
    <member type="way" ref="1512985379" role=""/>
    <member type="way" ref="1512985382" role=""/>
    <member type="way" ref="1512985378" role=""/>
    <member type="way" ref="1432337917" role=""/>
    <member type="way" ref="1324949163" role=""/>
    <member type="way" ref="1326153898" role=""/>
    <member type="way" ref="1324949165" role=""/>
    <member type="way" ref="1324949167" role=""/>
    <member type="way" ref="1102453386" role=""/>
    <member type="way" ref="968202457" role=""/>
    <member type="way" ref="1102453387" role=""/>
    <member type="way" ref="1101845144" role=""/>
    <member type="way" ref="966699725" role=""/>
    <member type="way" ref="1535810086" role=""/>
    <member type="way" ref="157144893" role=""/>
    <member type="way" ref="1101835697" role=""/>
    <member type="way" ref="1101835693" role=""/>
    <member type="way" ref="157144822" role=""/>
    <member type="way" ref="157144873" role=""/>
    <member type="way" ref="436802851" role=""/>
    <member type="way" ref="436802819" role=""/>
    <member type="way" ref="157144870" role=""/>
    <member type="way" ref="157144864" role=""/>
    <member type="way" ref="1101835682" role=""/>
    <member type="way" ref="157144855" role=""/>
    <member type="way" ref="1101835677" role=""/>
    <member type="way" ref="442151995" role=""/>
    <member type="way" ref="699519423" role=""/>
    <member type="way" ref="1101835676" role=""/>
    <member type="way" ref="149075993" role=""/>
    <member type="way" ref="1312713623" role=""/>
    <member type="way" ref="1101831812" role=""/>
    <member type="way" ref="700977105" role=""/>
    <member type="way" ref="700977113" role=""/>
    <member type="way" ref="1102723033" role=""/>
    <member type="way" ref="1312713622" role=""/>
    <member type="way" ref="442152716" role=""/>
    <member type="way" ref="442152719" role=""/>
    <member type="way" ref="966699730" role=""/>
    <member type="way" ref="699519437" role=""/>
    <member type="way" ref="729106139" role=""/>
    <member type="way" ref="964625298" role=""/>
    <member type="way" ref="1101831806" role=""/>
    <member type="way" ref="466715107" role=""/>
    <member type="way" ref="119091750" role=""/>
    <member type="way" ref="1101831799" role=""/>
    <member type="way" ref="1101831801" role=""/>
    <member type="way" ref="1101831800" role=""/>
    <member type="way" ref="729132049" role=""/>
    <member type="way" ref="119089245" role=""/>
    <member type="way" ref="1376399520" role=""/>
    <member type="way" ref="119089239" role=""/>
    <member type="way" ref="668373848" role=""/>
    <member type="way" ref="734695074" role=""/>
    <member type="way" ref="1101831794" role=""/>
    <member type="way" ref="668373816" role=""/>
    <member type="way" ref="139979811" role=""/>
    <member type="way" ref="139979796" role=""/>
    <member type="way" ref="119089306" role=""/>
    <member type="way" ref="1313814962" role=""/>
    <member type="way" ref="696789755" role=""/>
    <member type="way" ref="725898728" role=""/>
    <member type="way" ref="1101831773" role=""/>
    <member type="way" ref="725898730" role=""/>
    <member type="way" ref="594773017" role=""/>
    <member type="way" ref="725898723" role=""/>
    <member type="way" ref="1101831770" role=""/>
    <member type="way" ref="725898726" role=""/>
    <member type="way" ref="119089297" role=""/>
    <member type="way" ref="1111494351" role=""/>
    <member type="way" ref="1101831738" role=""/>
    <member type="way" ref="972204612" role=""/>
    <member type="way" ref="1101528949" role=""/>
    <member type="way" ref="972204615" role=""/>
    <member type="way" ref="972204619" role=""/>
    <member type="way" ref="972204617" role=""/>
    <member type="way" ref="1102557800" role=""/>
    <member type="way" ref="1102557816" role=""/>
    <tag k="name" v="L303:El Maghreb Arabi-Ain Aouda"/>
    <tag k="network" v="ALSA Citybus RST"/>
    <tag k="network:wikidata" v="Q111211361"/>
    <tag k="operator" v="ALSA"/>
    <tag k="operator:wikidata" v="Q294510"/>
    <tag k="operator:wikipedia" v="fr:Alsa (entreprise)"/>
    <tag k="public_transport:version" v="2"/>
    <tag k="ref" v="303"/>
    <tag k="route" v="bus"/>
    <tag k="type" v="route"/>
  </relation>
  <relation id="14669395" version="44" timestamp="2026-07-06T11:01:50Z" changeset="185190590" uid="15567285" user="Aya Samir">
    <member type="way" ref="1535781410" role=""/>
    <member type="way" ref="1535781420" role=""/>
    <member type="way" ref="1535810089" role=""/>
    <member type="way" ref="1460517917" role=""/>
    <member type="way" ref="1432337916" role=""/>
    <member type="node" ref="12153569661" role="platform"/>
    <member type="node" ref="10082819013" role="platform"/>
    <member type="node" ref="10082819012" role="platform"/>
    <member type="node" ref="10082819011" role="platform"/>
    <member type="node" ref="10082819010" role="platform"/>
    <member type="node" ref="3150442163" role="platform"/>
    <member type="node" ref="10078976773" role="platform"/>
    <member type="node" ref="3150442170" role="platform"/>
    <member type="node" ref="10088023550" role="platform"/>
    <member type="node" ref="10087921406" role="platform"/>
    <member type="node" ref="10087921407" role="platform"/>
    <member type="node" ref="10090643544" role="platform"/>
    <member type="node" ref="10087921408" role="platform"/>
    <member type="node" ref="10085786398" role="platform"/>
    <member type="node" ref="10088022647" role="platform"/>
    <member type="node" ref="10088022648" role="platform"/>
    <member type="node" ref="8974733426" role="platform"/>
    <member type="node" ref="8977071026" role="platform"/>
    <member type="node" ref="10088022716" role="platform"/>
    <member type="node" ref="10088023217" role="platform"/>
    <member type="node" ref="10088023218" role="platform"/>
    <member type="node" ref="10092266830" role="platform"/>
    <member type="node" ref="10088023413" role="platform"/>
    <member type="node" ref="10082848340" role="platform"/>
    <member type="node" ref="10092266832" role="platform"/>
    <member type="node" ref="8977071029" role="platform"/>
    <member type="node" ref="8977071030" role="platform"/>
    <member type="node" ref="10088023524" role="platform"/>
    <member type="node" ref="10082933264" role="platform"/>
    <member type="node" ref="8977417629" role="platform"/>
    <member type="node" ref="8977417628" role="platform"/>
    <member type="node" ref="12154529638" role="platform"/>
    <member type="node" ref="12154529637" role="platform"/>
    <member type="node" ref="12154529636" role="platform"/>
    <member type="node" ref="12154529635" role="platform"/>
    <member type="node" ref="12154529633" role="platform"/>
    <member type="node" ref="12154529634" role="platform"/>
    <member type="node" ref="8977417620" role="platform"/>
    <member type="way" ref="1101838217" role=""/>
    <member type="way" ref="1313013850" role=""/>
    <member type="way" ref="4061055" role=""/>
    <member type="way" ref="964994827" role=""/>
    <member type="way" ref="538546665" role=""/>
    <member type="way" ref="584744225" role=""/>
    <member type="way" ref="1101838216" role=""/>
    <member type="way" ref="147598682" role=""/>
    <member type="way" ref="1101363599" role=""/>
    <member type="way" ref="176729708" role=""/>
    <member type="way" ref="1101840071" role=""/>
    <member type="way" ref="309750230" role=""/>
    <member type="way" ref="295762105" role=""/>
    <member type="way" ref="1313013846" role=""/>
    <member type="way" ref="1102641162" role=""/>
    <member type="way" ref="295762106" role=""/>
    <member type="way" ref="609270696" role=""/>
    <member type="way" ref="309750227" role=""/>
    <member type="way" ref="966783768" role=""/>
    <member type="way" ref="295762063" role=""/>
    <member type="way" ref="295762115" role=""/>
    <member type="way" ref="584743620" role=""/>
    <member type="way" ref="147598659" role=""/>
    <member type="way" ref="964640012" role=""/>
    <member type="way" ref="1356842954" role=""/>
    <member type="way" ref="460563636" role=""/>
    <member type="way" ref="585496361" role=""/>
    <member type="way" ref="1101838204" role=""/>
    <member type="way" ref="460563631" role=""/>
    <member type="way" ref="964640015" role=""/>
    <member type="way" ref="630067069" role=""/>
    <member type="way" ref="734741370" role=""/>
    <member type="way" ref="1101835704" role=""/>
    <member type="way" ref="630067068" role=""/>
    <member type="way" ref="1459280291" role=""/>
    <member type="way" ref="1109239268" role=""/>
    <member type="way" ref="1109239265" role=""/>
    <member type="way" ref="1312524227" role=""/>
    <member type="way" ref="1109239264" role=""/>
    <member type="way" ref="1436464104" role=""/>
    <member type="way" ref="1436464103" role=""/>
    <member type="way" ref="460564208" role=""/>
    <member type="way" ref="1436464113" role=""/>
    <member type="way" ref="1432337918" role=""/>
    <member type="way" ref="1512985381" role=""/>
    <member type="way" ref="1512985380" role=""/>
    <member type="way" ref="1512985385" role=""/>
    <member type="way" ref="1512985379" role=""/>
    <member type="way" ref="1512985382" role=""/>
    <member type="way" ref="1512985378" role=""/>
    <member type="way" ref="1432337917" role=""/>
    <member type="way" ref="1324949163" role=""/>
    <member type="way" ref="1326153898" role=""/>
    <member type="way" ref="1324949165" role=""/>
    <member type="way" ref="1324949167" role=""/>
    <member type="way" ref="1102453386" role=""/>
    <member type="way" ref="968202457" role=""/>
    <member type="way" ref="1102453387" role=""/>
    <member type="way" ref="141602135" role=""/>
    <member type="way" ref="141602135" role=""/>
    <member type="way" ref="141602139" role=""/>
    <member type="way" ref="436802849" role=""/>
    <member type="way" ref="436802844" role=""/>
    <member type="way" ref="442173101" role=""/>
    <member type="way" ref="204734870" role=""/>
    <member type="way" ref="442173102" role=""/>
    <member type="way" ref="1313123724" role=""/>
    <member type="way" ref="204734682" role=""/>
    <member type="way" ref="204734793" role=""/>
    <member type="way" ref="157144835" role=""/>
    <member type="way" ref="1091783210" role=""/>
    <member type="way" ref="1101845129" role=""/>
    <member type="way" ref="981205711" role=""/>
    <member type="way" ref="970118429" role=""/>
    <member type="way" ref="1432257054" role=""/>
    <member type="way" ref="1432257058" role=""/>
    <member type="way" ref="1432257060" role=""/>
    <member type="way" ref="4330455" role=""/>
    <member type="way" ref="1101845149" role=""/>
    <member type="way" ref="1356842957" role=""/>
    <member type="way" ref="1101845152" role=""/>
    <member type="way" ref="1101845150" role=""/>
    <tag k="name" v="L306:El Maghreb Arabi-Commune Essebbah"/>
    <tag k="network" v="ALSA Citybus RST"/>
    <tag k="network:wikidata" v="Q111211361"/>
    <tag k="operator" v="ALSA"/>
    <tag k="operator:wikidata" v="Q294510"/>
    <tag k="operator:wikipedia" v="fr:Alsa (entreprise)"/>
    <tag k="public_transport:version" v="2"/>
    <tag k="ref" v="306"/>
    <tag k="route" v="bus"/>
    <tag k="type" v="route"/>
  </relation>
  <relation id="14669501" version="45" timestamp="2026-07-06T11:01:50Z" changeset="185190590" uid="15567285" user="Aya Samir">
    <member type="way" ref="1535781410" role=""/>
    <member type="way" ref="1535781420" role=""/>
    <member type="way" ref="1535810089" role=""/>
    <member type="way" ref="1460517917" role=""/>
    <member type="way" ref="1432337916" role=""/>
    <member type="node" ref="12153569661" role="platform"/>
    <member type="node" ref="10082819012" role="platform"/>
    <member type="node" ref="10078976773" role="platform"/>
    <member type="node" ref="3150442170" role="platform"/>
    <member type="node" ref="10088023550" role="platform"/>
    <member type="node" ref="10087921406" role="platform"/>
    <member type="node" ref="10087921407" role="platform"/>
    <member type="node" ref="10090643544" role="platform"/>
    <member type="node" ref="10087921408" role="platform"/>
    <member type="node" ref="10085786398" role="platform"/>
    <member type="node" ref="10088022647" role="platform"/>
    <member type="node" ref="10088022648" role="platform"/>
    <member type="node" ref="8974733426" role="platform"/>
    <member type="node" ref="8977071026" role="platform"/>
    <member type="node" ref="10088022716" role="platform"/>
    <member type="node" ref="10088023217" role="platform"/>
    <member type="node" ref="10088023218" role="platform"/>
    <member type="node" ref="10092266830" role="platform"/>
    <member type="node" ref="10088023413" role="platform"/>
    <member type="node" ref="10082848340" role="platform"/>
    <member type="node" ref="10092266832" role="platform"/>
    <member type="node" ref="8977071029" role="platform"/>
    <member type="node" ref="8977071030" role="platform"/>
    <member type="node" ref="10088023524" role="platform"/>
    <member type="node" ref="10082933264" role="platform"/>
    <member type="node" ref="8977417629" role="platform"/>
    <member type="node" ref="8977417628" role="platform"/>
    <member type="node" ref="12154529638" role="platform"/>
    <member type="node" ref="12154529637" role="platform"/>
    <member type="node" ref="12154529636" role="platform"/>
    <member type="node" ref="12154529635" role="platform"/>
    <member type="node" ref="12154529633" role="platform"/>
    <member type="node" ref="8977417617" role="platform"/>
    <member type="node" ref="11134670705" role="platform"/>
    <member type="node" ref="9983822391" role="platform"/>
    <member type="way" ref="1101838217" role=""/>
    <member type="way" ref="1313013850" role=""/>
    <member type="way" ref="4061055" role=""/>
    <member type="way" ref="964994827" role=""/>
    <member type="way" ref="538546665" role=""/>
    <member type="way" ref="584744225" role=""/>
    <member type="way" ref="1101838216" role=""/>
    <member type="way" ref="147598682" role=""/>
    <member type="way" ref="1101363599" role=""/>
    <member type="way" ref="176729708" role=""/>
    <member type="way" ref="1101840071" role=""/>
    <member type="way" ref="309750230" role=""/>
    <member type="way" ref="295762105" role=""/>
    <member type="way" ref="1313013846" role=""/>
    <member type="way" ref="1102641162" role=""/>
    <member type="way" ref="295762106" role=""/>
    <member type="way" ref="609270696" role=""/>
    <member type="way" ref="309750227" role=""/>
    <member type="way" ref="966783768" role=""/>
    <member type="way" ref="295762063" role=""/>
    <member type="way" ref="295762115" role=""/>
    <member type="way" ref="584743620" role=""/>
    <member type="way" ref="147598659" role=""/>
    <member type="way" ref="964640012" role=""/>
    <member type="way" ref="1356842954" role=""/>
    <member type="way" ref="460563636" role=""/>
    <member type="way" ref="585496361" role=""/>
    <member type="way" ref="1101838204" role=""/>
    <member type="way" ref="460563631" role=""/>
    <member type="way" ref="964640015" role=""/>
    <member type="way" ref="630067069" role=""/>
    <member type="way" ref="734741370" role=""/>
    <member type="way" ref="1101835704" role=""/>
    <member type="way" ref="630067068" role=""/>
    <member type="way" ref="1459280291" role=""/>
    <member type="way" ref="1109239268" role=""/>
    <member type="way" ref="1109239265" role=""/>
    <member type="way" ref="1312524227" role=""/>
    <member type="way" ref="1109239264" role=""/>
    <member type="way" ref="1436464104" role=""/>
    <member type="way" ref="1436464103" role=""/>
    <member type="way" ref="460564208" role=""/>
    <member type="way" ref="1436464113" role=""/>
    <member type="way" ref="1432337918" role=""/>
    <member type="way" ref="1512985381" role=""/>
    <member type="way" ref="1512985380" role=""/>
    <member type="way" ref="1512985385" role=""/>
    <member type="way" ref="1512985379" role=""/>
    <member type="way" ref="1512985382" role=""/>
    <member type="way" ref="1512985378" role=""/>
    <member type="way" ref="1432337917" role=""/>
    <member type="way" ref="1324949163" role=""/>
    <member type="way" ref="1326153898" role=""/>
    <member type="way" ref="1324949165" role=""/>
    <member type="way" ref="1324949167" role=""/>
    <member type="way" ref="1102453386" role=""/>
    <member type="way" ref="968202457" role=""/>
    <member type="way" ref="1102453387" role=""/>
    <member type="way" ref="141602135" role=""/>
    <member type="way" ref="141602135" role=""/>
    <member type="way" ref="141602139" role=""/>
    <member type="way" ref="436802849" role=""/>
    <member type="way" ref="436802844" role=""/>
    <member type="way" ref="442173101" role=""/>
    <member type="way" ref="204734870" role=""/>
    <member type="way" ref="442173102" role=""/>
    <member type="way" ref="1313123724" role=""/>
    <member type="way" ref="204734682" role=""/>
    <member type="way" ref="204734793" role=""/>
    <member type="way" ref="157144835" role=""/>
    <member type="way" ref="1091783210" role=""/>
    <member type="way" ref="1101845129" role=""/>
    <member type="way" ref="964994826" role=""/>
    <member type="way" ref="1091783209" role=""/>
    <member type="way" ref="1101850424" role=""/>
    <member type="way" ref="1091783218" role=""/>
    <member type="way" ref="964994825" role=""/>
    <member type="way" ref="1091783219" role=""/>
    <member type="way" ref="1091783222" role=""/>
    <member type="way" ref="1091783221" role=""/>
    <member type="way" ref="739706177" role=""/>
    <member type="way" ref="1356842957" role=""/>
    <member type="way" ref="1101845149" role=""/>
    <member type="way" ref="1101845152" role=""/>
    <member type="way" ref="1101845150" role=""/>
    <member type="way" ref="4330455" role=""/>
    <tag k="from" v="El Maghreb Arabi"/>
    <tag k="name" v="L306B:El Maghreb Arabi-Hay Fath(Skhirat)"/>
    <tag k="network" v="ALSA Citybus RST"/>
    <tag k="network:wikidata" v="Q111211361"/>
    <tag k="operator" v="ALSA"/>
    <tag k="operator:wikidata" v="Q294510"/>
    <tag k="operator:wikipedia" v="fr:Alsa (entreprise)"/>
    <tag k="public_transport:version" v="2"/>
    <tag k="ref" v="306B"/>
    <tag k="route" v="bus"/>
    <tag k="to" v="Hay Fath(Skhirat)"/>
    <tag k="type" v="route"/>
  </relation>
  <relation id="14669502" version="45" timestamp="2026-07-06T11:01:50Z" changeset="185190590" uid="15567285" user="Aya Samir">
    <member type="way" ref="1535810088" role=""/>
    <member type="way" ref="1535781421" role=""/>
    <member type="way" ref="1535781409" role=""/>
    <member type="way" ref="1459280288" role=""/>
    <member type="way" ref="1459280290" role=""/>
    <member type="way" ref="1432337916" role=""/>
    <member type="node" ref="12152181697" role="platform"/>
    <member type="node" ref="12154529630" role="platform"/>
    <member type="node" ref="12154529631" role="platform"/>
    <member type="node" ref="8977417618" role="platform"/>
    <member type="node" ref="10082933251" role="platform"/>
    <member type="node" ref="9983915608" role="platform"/>
    <member type="node" ref="10082933262" role="platform"/>
    <member type="node" ref="8977417627" role="platform"/>
    <member type="node" ref="12154529639" role="platform"/>
    <member type="node" ref="12154529640" role="platform"/>
    <member type="node" ref="12154529641" role="platform"/>
    <member type="node" ref="10082848335" role="platform"/>
    <member type="node" ref="10088023523" role="platform"/>
    <member type="node" ref="10088023522" role="platform"/>
    <member type="node" ref="10092266833" role="platform"/>
    <member type="node" ref="10088023521" role="platform"/>
    <member type="node" ref="8977071028" role="platform"/>
    <member type="node" ref="10092266831" role="platform"/>
    <member type="node" ref="8977071027" role="platform"/>
    <member type="node" ref="10082848341" role="platform"/>
    <member type="node" ref="10082848342" role="platform"/>
    <member type="node" ref="10088022715" role="platform"/>
    <member type="node" ref="10088022714" role="platform"/>
    <member type="node" ref="10082848350" role="platform"/>
    <member type="node" ref="10082818967" role="platform"/>
    <member type="node" ref="10085786397" role="platform"/>
    <member type="node" ref="10082933270" role="platform"/>
    <member type="node" ref="10090643543" role="platform"/>
    <member type="node" ref="10082933271" role="platform"/>
    <member type="node" ref="10082819009" role="platform"/>
    <member type="node" ref="10087921405" role="platform"/>
    <member type="node" ref="8977071023" role="platform"/>
    <member type="node" ref="10082969860" role="platform"/>
    <member type="node" ref="10082819014" role="platform"/>
    <member type="way" ref="739706177" role=""/>
    <member type="way" ref="1091783220" role=""/>
    <member type="way" ref="1101850420" role=""/>
    <member type="way" ref="727491112" role=""/>
    <member type="way" ref="964994825" role=""/>
    <member type="way" ref="964994823" role=""/>
    <member type="way" ref="1101850426" role=""/>
    <member type="way" ref="1101850425" role=""/>
    <member type="way" ref="964994824" role=""/>
    <member type="way" ref="964994826" role=""/>
    <member type="way" ref="981205711" role=""/>
    <member type="way" ref="1101845130" role=""/>
    <member type="way" ref="964994829" role=""/>
    <member type="way" ref="157144835" role=""/>
    <member type="way" ref="735085600" role=""/>
    <member type="way" ref="1101845140" role=""/>
    <member type="way" ref="204734867" role=""/>
    <member type="way" ref="204734870" role=""/>
    <member type="way" ref="442173101" role=""/>
    <member type="way" ref="436802844" role=""/>
    <member type="way" ref="436802849" role=""/>
    <member type="way" ref="141602139" role=""/>
    <member type="way" ref="141602135" role=""/>
    <member type="way" ref="141602135" role=""/>
    <member type="way" ref="966699725" role=""/>
    <member type="way" ref="1101835702" role=""/>
    <member type="way" ref="157144890" role=""/>
    <member type="way" ref="1324949167" role=""/>
    <member type="way" ref="1324949164" role=""/>
    <member type="way" ref="1324949166" role=""/>
    <member type="way" ref="1324949162" role=""/>
    <member type="way" ref="1432337917" role=""/>
    <member type="way" ref="1512985378" role=""/>
    <member type="way" ref="1512985382" role=""/>
    <member type="way" ref="1512985379" role=""/>
    <member type="way" ref="1512985381" role=""/>
    <member type="way" ref="1512985380" role=""/>
    <member type="way" ref="1512985385" role=""/>
    <member type="way" ref="1432337918" role=""/>
    <member type="way" ref="1436464113" role=""/>
    <member type="way" ref="1436464104" role=""/>
    <member type="way" ref="1436464103" role=""/>
    <member type="way" ref="460564208" role=""/>
    <member type="way" ref="1109239263" role=""/>
    <member type="way" ref="1109239267" role=""/>
    <member type="way" ref="1109239266" role=""/>
    <member type="way" ref="1109239268" role=""/>
    <member type="way" ref="1459280292" role=""/>
    <member type="way" ref="734741371" role=""/>
    <member type="way" ref="1101835707" role=""/>
    <member type="way" ref="630067062" role=""/>
    <member type="way" ref="1103230549" role=""/>
    <member type="way" ref="630067070" role=""/>
    <member type="way" ref="630067069" role=""/>
    <member type="way" ref="964640015" role=""/>
    <member type="way" ref="585496359" role=""/>
    <member type="way" ref="1101838205" role=""/>
    <member type="way" ref="1101838206" role=""/>
    <member type="way" ref="1101845147" role=""/>
    <member type="way" ref="166084504" role=""/>
    <member type="way" ref="460563636" role=""/>
    <member type="way" ref="1101845152" role=""/>
    <member type="way" ref="4330455" role=""/>
    <member type="way" ref="295762115" role=""/>
    <member type="way" ref="584750773" role=""/>
    <member type="way" ref="1102443594" role=""/>
    <member type="way" ref="147598671" role=""/>
    <member type="way" ref="411188770" role=""/>
    <member type="way" ref="295762074" role=""/>
    <member type="way" ref="1313013846" role=""/>
    <member type="way" ref="295762105" role=""/>
    <member type="way" ref="309750235" role=""/>
    <member type="way" ref="1101840072" role=""/>
    <member type="way" ref="1101917181" role=""/>
    <member type="way" ref="1101917175" role=""/>
    <member type="way" ref="1101917178" role=""/>
    <member type="way" ref="723303950" role=""/>
    <member type="way" ref="147598688" role=""/>
    <member type="way" ref="1313013851" role=""/>
    <member type="way" ref="1313013849" role=""/>
    <member type="way" ref="584743620" role=""/>
    <member type="way" ref="147598659" role=""/>
    <member type="way" ref="1101845149" role=""/>
    <member type="way" ref="1101845150" role=""/>
    <member type="way" ref="1356842957" role=""/>
    <member type="way" ref="964640012" role=""/>
    <member type="way" ref="1356842954" role=""/>
    <tag k="from" v="Hay El Fath"/>
    <tag k="name" v="L306B:Hay Fath(Skhirat)-Maghreb Arabi"/>
    <tag k="network" v="ALSA Citybus RST"/>
    <tag k="network:wikidata" v="Q111211361"/>
    <tag k="operator" v="ALSA"/>
    <tag k="operator:wikidata" v="Q294510"/>
    <tag k="operator:wikipedia" v="fr:Alsa (entreprise)"/>
    <tag k="public_transport:version" v="2"/>
    <tag k="ref" v="306B"/>
    <tag k="route" v="bus"/>
    <tag k="to" v="El Maghreb Arabi"/>
    <tag k="type" v="route"/>
  </relation>
  <relation id="14679620" version="40" timestamp="2025-07-09T06:17:42Z" changeset="168678202" uid="18561442" user="LakeKivu">
    <member type="node" ref="10082819013" role="platform"/>
    <member type="node" ref="10082819012" role="platform"/>
    <member type="node" ref="10082819011" role="platform"/>
    <member type="node" ref="10082819010" role="platform"/>
    <member type="node" ref="3150442163" role="platform"/>
    <member type="node" ref="10078976773" role="platform"/>
    <member type="node" ref="3150442170" role="platform"/>
    <member type="node" ref="10088023550" role="platform"/>
    <member type="node" ref="10078634189" role="platform"/>
    <member type="node" ref="10078634188" role="platform"/>
    <member type="node" ref="10078634187" role="platform"/>
    <member type="node" ref="10078634185" role="platform"/>
    <member type="node" ref="10092266827" role="platform"/>
    <member type="node" ref="10078619003" role="platform"/>
    <member type="node" ref="8968613418" role="platform"/>
    <member type="node" ref="10078976757" role="platform"/>
    <member type="node" ref="8970574130" role="platform"/>
    <member type="node" ref="10078976751" role="platform"/>
    <member type="node" ref="3150442198" role="platform"/>
    <member type="node" ref="10089975320" role="platform"/>
    <member type="node" ref="10078976744" role="platform"/>
    <member type="node" ref="8970574132" role="platform"/>
    <member type="node" ref="8974356417" role="platform"/>
    <member type="node" ref="10078976733" role="platform"/>
    <member type="node" ref="1824603746" role="platform"/>
    <member type="node" ref="3150442178" role="platform"/>
    <member type="node" ref="3593108778" role="platform"/>
    <member type="node" ref="3593340052" role="platform"/>
    <member type="node" ref="3586378582" role="platform"/>
    <member type="node" ref="10089935667" role="platform"/>
    <member type="node" ref="3586376541" role="platform"/>
    <member type="node" ref="8974356420" role="platform"/>
    <member type="node" ref="10078956089" role="platform"/>
    <member type="node" ref="10078956088" role="platform"/>
    <member type="way" ref="4061055" role=""/>
    <member type="way" ref="964994827" role=""/>
    <member type="way" ref="538546665" role=""/>
    <member type="way" ref="584744225" role=""/>
    <member type="way" ref="1101838216" role=""/>
    <member type="way" ref="147598682" role=""/>
    <member type="way" ref="1101363599" role=""/>
    <member type="way" ref="176729708" role=""/>
    <member type="way" ref="1101840071" role=""/>
    <member type="way" ref="309750230" role=""/>
    <member type="way" ref="295762105" role=""/>
    <member type="way" ref="1313013846" role=""/>
    <member type="way" ref="1102641162" role=""/>
    <member type="way" ref="147598722" role=""/>
    <member type="way" ref="1102641161" role=""/>
    <member type="way" ref="295762056" role=""/>
    <member type="way" ref="411188766" role=""/>
    <member type="way" ref="1101348854" role=""/>
    <member type="way" ref="721487419" role=""/>
    <member type="way" ref="1101363594" role=""/>
    <member type="way" ref="730261507" role=""/>
    <member type="way" ref="1101363595" role=""/>
    <member type="way" ref="4330449" role=""/>
    <member type="way" ref="624406428" role=""/>
    <member type="way" ref="1101346526" role=""/>
    <member type="way" ref="624406427" role=""/>
    <member type="way" ref="720165220" role=""/>
    <member type="way" ref="625688179" role=""/>
    <member type="way" ref="625688182" role=""/>
    <member type="way" ref="624439214" role=""/>
    <member type="way" ref="1101363593" role=""/>
    <member type="way" ref="1413417178" role=""/>
    <member type="way" ref="541532972" role=""/>
    <member type="way" ref="1101363587" role=""/>
    <member type="way" ref="541533000" role=""/>
    <member type="way" ref="684872856" role=""/>
    <member type="way" ref="684872855" role=""/>
    <member type="way" ref="1101363581" role=""/>
    <member type="way" ref="261879978" role=""/>
    <member type="way" ref="1101363579" role=""/>
    <member type="way" ref="1101363577" role=""/>
    <member type="way" ref="725687814" role=""/>
    <member type="way" ref="1101363574" role=""/>
    <member type="way" ref="411821069" role=""/>
    <member type="way" ref="609567711" role=""/>
    <member type="way" ref="753769683" role=""/>
    <member type="way" ref="753769681" role=""/>
    <member type="way" ref="753769682" role=""/>
    <member type="way" ref="37138120" role=""/>
    <member type="way" ref="411821079" role=""/>
    <member type="way" ref="1101363570" role=""/>
    <member type="way" ref="609289788" role=""/>
    <member type="way" ref="609294829" role=""/>
    <member type="way" ref="35077374" role=""/>
    <member type="way" ref="1102641118" role=""/>
    <member type="way" ref="1101363569" role=""/>
    <member type="way" ref="1101363568" role=""/>
    <member type="way" ref="1312477637" role=""/>
    <member type="way" ref="4004875" role=""/>
    <member type="way" ref="1101363566" role=""/>
    <member type="way" ref="719378693" role=""/>
    <member type="way" ref="731143610" role=""/>
    <member type="way" ref="1096905615" role=""/>
    <member type="way" ref="4005335" role=""/>
    <member type="way" ref="27015710" role=""/>
    <member type="way" ref="1102221191" role=""/>
    <member type="way" ref="4071222" role=""/>
    <member type="way" ref="4071225" role=""/>
    <member type="way" ref="8039359" role=""/>
    <member type="way" ref="8039352" role=""/>
    <member type="way" ref="654504931" role=""/>
    <member type="way" ref="654504929" role=""/>
    <member type="way" ref="731049119" role=""/>
    <member type="way" ref="856343941" role=""/>
    <member type="way" ref="152825734" role=""/>
    <member type="way" ref="1391738848" role=""/>
    <member type="way" ref="353532459" role=""/>
    <member type="way" ref="1312477642" role=""/>
    <member type="way" ref="353546310" role=""/>
    <member type="way" ref="1312477639" role=""/>
    <member type="way" ref="160450373" role=""/>
    <member type="way" ref="165725233" role=""/>
    <member type="way" ref="731133409" role=""/>
    <member type="way" ref="165725254" role=""/>
    <member type="way" ref="1101363561" role=""/>
    <member type="way" ref="1101363557" role=""/>
    <member type="way" ref="590168826" role=""/>
    <member type="way" ref="4049983" role=""/>
    <member type="way" ref="736510875" role=""/>
    <member type="way" ref="736510874" role=""/>
    <member type="way" ref="1312477643" role=""/>
    <member type="way" ref="1312477645" role=""/>
    <member type="way" ref="1382305286" role=""/>
    <member type="way" ref="70192785" role=""/>
    <tag k="from" v="Av. Ibn Sina"/>
    <tag k="name" v="L35:El Maghreb el Arabi(Chiga)-Bab El Had"/>
    <tag k="network" v="ALSA Citybus RST"/>
    <tag k="network:wikidata" v="Q111211361"/>
    <tag k="network:wikipedia" v="fr:Réseau de bus de Rabat-Salé-Témara"/>
    <tag k="operator" v="ALSA"/>
    <tag k="operator:wikidata" v="Q294510"/>
    <tag k="operator:wikipedia" v="fr:Alsa (entreprise)"/>
    <tag k="public_transport:version" v="2"/>
    <tag k="ref" v="35"/>
    <tag k="route" v="bus"/>
    <tag k="to" v="Av. Hassan II (Bab El Had)Terminus"/>
    <tag k="type" v="route"/>
  </relation>
  <relation id="14679621" version="42" timestamp="2025-07-09T06:17:42Z" changeset="168678202" uid="18561442" user="LakeKivu">
    <member type="node" ref="10078956087" role="platform"/>
    <member type="node" ref="10078956090" role="platform"/>
    <member type="node" ref="10089935657" role="platform"/>
    <member type="node" ref="3586378583" role="platform"/>
    <member type="node" ref="3586376542" role="platform"/>
    <member type="node" ref="10089935666" role="platform"/>
    <member type="node" ref="3593108779" role="platform"/>
    <member type="node" ref="10108899403" role="platform"/>
    <member type="node" ref="10078976732" role="platform"/>
    <member type="node" ref="3150442176" role="platform"/>
    <member type="node" ref="3150442199" role="platform"/>
    <member type="node" ref="10078976743" role="platform"/>
    <member type="node" ref="3150442175" role="platform"/>
    <member type="node" ref="10089975319" role="platform"/>
    <member type="node" ref="10078976750" role="platform"/>
    <member type="node" ref="10078976756" role="platform"/>
    <member type="node" ref="8970574131" role="platform"/>
    <member type="node" ref="10078976758" role="platform"/>
    <member type="node" ref="8968613417" role="platform"/>
    <member type="node" ref="10078619002" role="platform"/>
    <member type="node" ref="8968613419" role="platform"/>
    <member type="node" ref="10078634186" role="platform"/>
    <member type="node" ref="10089975545" role="platform"/>
    <member type="node" ref="10089975547" role="platform"/>
    <member type="node" ref="2995242953" role="platform"/>
    <member type="node" ref="10082819009" role="platform"/>
    <member type="node" ref="10087921405" role="platform"/>
    <member type="node" ref="8977071023" role="platform"/>
    <member type="node" ref="10082969860" role="platform"/>
    <member type="node" ref="10089975548" role="platform"/>
    <member type="node" ref="10089975549" role="platform"/>
    <member type="way" ref="1382305289" role=""/>
    <member type="way" ref="155789365" role=""/>
    <member type="way" ref="70192790" role=""/>
    <member type="way" ref="1312477648" role=""/>
    <member type="way" ref="1312477649" role=""/>
    <member type="way" ref="1312477644" role=""/>
    <member type="way" ref="736510874" role=""/>
    <member type="way" ref="736510873" role=""/>
    <member type="way" ref="4049983" role=""/>
    <member type="way" ref="590168826" role=""/>
    <member type="way" ref="353546311" role=""/>
    <member type="way" ref="1101363563" role=""/>
    <member type="way" ref="584001891" role=""/>
    <member type="way" ref="731133408" role=""/>
    <member type="way" ref="731133407" role=""/>
    <member type="way" ref="3997580" role=""/>
    <member type="way" ref="4006361" role=""/>
    <member type="way" ref="857521301" role=""/>
    <member type="way" ref="1391738849" role=""/>
    <member type="way" ref="152825734" role=""/>
    <member type="way" ref="856343941" role=""/>
    <member type="way" ref="731049120" role=""/>
    <member type="way" ref="654504935" role=""/>
    <member type="way" ref="731049118" role=""/>
    <member type="way" ref="4071239" role=""/>
    <member type="way" ref="351479162" role=""/>
    <member type="way" ref="1387015689" role=""/>
    <member type="way" ref="4071251" role=""/>
    <member type="way" ref="4071222" role=""/>
    <member type="way" ref="1102221191" role=""/>
    <member type="way" ref="27015710" role=""/>
    <member type="way" ref="4005335" role=""/>
    <member type="way" ref="1096905615" role=""/>
    <member type="way" ref="719378692" role=""/>
    <member type="way" ref="966783770" role=""/>
    <member type="way" ref="1102641119" role=""/>
    <member type="way" ref="1101346500" role=""/>
    <member type="way" ref="1102641120" role=""/>
    <member type="way" ref="152819209" role=""/>
    <member type="way" ref="609289786" role=""/>
    <member type="way" ref="266636990" role=""/>
    <member type="way" ref="160452798" role=""/>
    <member type="way" ref="1101363573" role=""/>
    <member type="way" ref="753769640" role=""/>
    <member type="way" ref="753769684" role=""/>
    <member type="way" ref="4019871" role=""/>
    <member type="way" ref="1101363575" role=""/>
    <member type="way" ref="309750223" role=""/>
    <member type="way" ref="1101363580" role=""/>
    <member type="way" ref="1101346515" role=""/>
    <member type="way" ref="1101363578" role=""/>
    <member type="way" ref="725687813" role=""/>
    <member type="way" ref="261879985" role=""/>
    <member type="way" ref="261879975" role=""/>
    <member type="way" ref="1101363584" role=""/>
    <member type="way" ref="684872854" role=""/>
    <member type="way" ref="541532998" role=""/>
    <member type="way" ref="541532999" role=""/>
    <member type="way" ref="1413417179" role=""/>
    <member type="way" ref="1101363590" role=""/>
    <member type="way" ref="625688185" role=""/>
    <member type="way" ref="625688179" role=""/>
    <member type="way" ref="720165221" role=""/>
    <member type="way" ref="1101346528" role=""/>
    <member type="way" ref="740007041" role=""/>
    <member type="way" ref="740007040" role=""/>
    <member type="way" ref="147598674" role=""/>
    <member type="way" ref="1102722978" role=""/>
    <member type="way" ref="730261508" role=""/>
    <member type="way" ref="1102722977" role=""/>
    <member type="way" ref="721487420" role=""/>
    <member type="way" ref="147598685" role=""/>
    <member type="way" ref="411188758" role=""/>
    <member type="way" ref="295762056" role=""/>
    <member type="way" ref="411188756" role=""/>
    <member type="way" ref="966783768" role=""/>
    <member type="way" ref="964640013" role=""/>
    <member type="way" ref="1102443594" role=""/>
    <member type="way" ref="147598671" role=""/>
    <member type="way" ref="411188770" role=""/>
    <member type="way" ref="295762074" role=""/>
    <member type="way" ref="1313013846" role=""/>
    <member type="way" ref="295762105" role=""/>
    <member type="way" ref="309750235" role=""/>
    <member type="way" ref="1101840072" role=""/>
    <member type="way" ref="1101917181" role=""/>
    <member type="way" ref="1101917175" role=""/>
    <member type="way" ref="1101917178" role=""/>
    <member type="way" ref="723303950" role=""/>
    <member type="way" ref="147598688" role=""/>
    <member type="way" ref="1313013851" role=""/>
    <tag k="from" v="AAv. Hassan II (Bab El Had)Terminus"/>
    <tag k="name" v="L35:Bab El Had-El Maghreb Arabi(Chiga)"/>
    <tag k="network" v="ALSA Citybus RST"/>
    <tag k="network:wikidata" v="Q111211361"/>
    <tag k="operator" v="ALSA"/>
    <tag k="operator:wikidata" v="Q294510"/>
    <tag k="operator:wikipedia" v="fr:Alsa (entreprise)"/>
    <tag k="public_transport:version" v="2"/>
    <tag k="ref" v="35"/>
    <tag k="route" v="bus"/>
    <tag k="to" v="Av. Ibn Sina"/>
    <tag k="type" v="route"/>
  </relation>
  <relation id="14679622" version="44" timestamp="2025-10-27T19:04:26Z" changeset="173853417" uid="15166886" user="smaptious">
    <member type="node" ref="10078956087" role="platform"/>
    <member type="node" ref="10078956090" role="platform"/>
    <member type="node" ref="10082225567" role="platform"/>
    <member type="node" ref="10080562297" role="platform"/>
    <member type="node" ref="10080562298" role="platform"/>
    <member type="node" ref="8974699714" role="platform"/>
    <member type="node" ref="10083629620" role="platform"/>
    <member type="node" ref="10080562309" role="platform"/>
    <member type="node" ref="10080562311" role="platform"/>
    <member type="node" ref="10090484430" role="platform"/>
    <member type="node" ref="8977069416" role="platform"/>
    <member type="node" ref="10080562316" role="platform"/>
    <member type="node" ref="8974733419" role="platform"/>
    <member type="node" ref="10090484473" role="platform"/>
    <member type="node" ref="10090601985" role="platform"/>
    <member type="node" ref="10090643543" role="platform"/>
    <member type="node" ref="10082933271" role="platform"/>
    <member type="node" ref="10082819009" role="platform"/>
    <member type="node" ref="10087921405" role="platform"/>
    <member type="node" ref="8977071023" role="platform"/>
    <member type="node" ref="10082969860" role="platform"/>
    <member type="node" ref="10089975548" role="platform"/>
    <member type="node" ref="10089975549" role="platform"/>
    <member type="way" ref="1382305289" role=""/>
    <member type="way" ref="155789365" role=""/>
    <member type="way" ref="70192790" role=""/>
    <member type="way" ref="70192792" role=""/>
    <member type="way" ref="4049976" role=""/>
    <member type="way" ref="1312520849" role=""/>
    <member type="way" ref="607475417" role=""/>
    <member type="way" ref="413359532" role=""/>
    <member type="way" ref="1279045421" role=""/>
    <member type="way" ref="1279045420" role=""/>
    <member type="way" ref="1101553921" role=""/>
    <member type="way" ref="1376122606" role=""/>
    <member type="way" ref="1101929280" role=""/>
    <member type="way" ref="1375845703" role=""/>
    <member type="way" ref="607475413" role=""/>
    <member type="way" ref="4330424" role=""/>
    <member type="way" ref="1313302752" role=""/>
    <member type="way" ref="1058028975" role=""/>
    <member type="way" ref="1101751323" role=""/>
    <member type="way" ref="1101553919" role=""/>
    <member type="way" ref="1101751324" role=""/>
    <member type="way" ref="1101553918" role=""/>
    <member type="way" ref="1101751322" role=""/>
    <member type="way" ref="160213186" role=""/>
    <member type="way" ref="1101553917" role=""/>
    <member type="way" ref="718339015" role=""/>
    <member type="way" ref="1101751291" role=""/>
    <member type="way" ref="1101553912" role=""/>
    <member type="way" ref="718336670" role=""/>
    <member type="way" ref="1007280304" role=""/>
    <member type="way" ref="718339011" role=""/>
    <member type="way" ref="157774320" role=""/>
    <member type="way" ref="157774319" role=""/>
    <member type="way" ref="1101553906" role=""/>
    <member type="way" ref="1101553908" role=""/>
    <member type="way" ref="157774316" role=""/>
    <member type="way" ref="1101762128" role=""/>
    <member type="way" ref="157774318" role=""/>
    <member type="way" ref="121088459" role=""/>
    <member type="way" ref="1102701210" role=""/>
    <member type="way" ref="97671293" role=""/>
    <member type="way" ref="875778922" role=""/>
    <member type="way" ref="875778923" role=""/>
    <member type="way" ref="871928453" role=""/>
    <member type="way" ref="1445519705" role=""/>
    <member type="way" ref="4724263" role=""/>
    <member type="way" ref="97836924" role=""/>
    <member type="way" ref="204734785" role=""/>
    <member type="way" ref="204734641" role=""/>
    <member type="way" ref="1102701217" role=""/>
    <member type="way" ref="97836928" role=""/>
    <member type="way" ref="147598663" role=""/>
    <member type="way" ref="1101845152" role=""/>
    <member type="way" ref="4330455" role=""/>
    <member type="way" ref="295762115" role=""/>
    <member type="way" ref="584750773" role=""/>
    <member type="way" ref="1102443594" role=""/>
    <member type="way" ref="147598671" role=""/>
    <member type="way" ref="411188770" role=""/>
    <member type="way" ref="295762074" role=""/>
    <member type="way" ref="1313013846" role=""/>
    <member type="way" ref="295762105" role=""/>
    <member type="way" ref="309750235" role=""/>
    <member type="way" ref="1101840072" role=""/>
    <member type="way" ref="1101917181" role=""/>
    <member type="way" ref="1101917175" role=""/>
    <member type="way" ref="1101917178" role=""/>
    <member type="way" ref="723303950" role=""/>
    <member type="way" ref="147598688" role=""/>
    <member type="way" ref="1313013851" role=""/>
    <member type="way" ref="1356842955" role=""/>
    <member type="way" ref="1356842956" role=""/>
    <member type="way" ref="1102722962" role=""/>
    <member type="way" ref="1101845149" role=""/>
    <member type="way" ref="147598659" role=""/>
    <member type="way" ref="1101845150" role=""/>
    <member type="way" ref="584743620" role=""/>
    <tag k="from" v="Av. Hassan II (Bab El Had)Terminus"/>
    <tag k="name" v="L36:Bab El Had-El Maghreb Arabi(Chiga)"/>
    <tag k="network" v="ALSA Citybus RST"/>
    <tag k="network:wikidata" v="Q111211361"/>
    <tag k="network:wikipedia" v="fr:Réseau de bus de Rabat-Salé-Témara"/>
    <tag k="operator" v="ALSA"/>
    <tag k="operator:wikidata" v="Q294510"/>
    <tag k="operator:wikipedia" v="fr:Alsa (entreprise)"/>
    <tag k="public_transport:version" v="2"/>
    <tag k="ref" v="36"/>
    <tag k="route" v="bus"/>
    <tag k="to" v="Av. Ibn Sina"/>
    <tag k="type" v="route"/>
  </relation>
  <relation id="14679623" version="44" timestamp="2025-10-27T19:04:26Z" changeset="173853417" uid="15166886" user="smaptious">
    <member type="node" ref="10082819013" role="platform"/>
    <member type="node" ref="10082819012" role="platform"/>
    <member type="node" ref="10082819011" role="platform"/>
    <member type="node" ref="10082819010" role="platform"/>
    <member type="node" ref="3150442163" role="platform"/>
    <member type="node" ref="10078976773" role="platform"/>
    <member type="node" ref="3150442170" role="platform"/>
    <member type="node" ref="10088023550" role="platform"/>
    <member type="node" ref="10087921406" role="platform"/>
    <member type="node" ref="10087921407" role="platform"/>
    <member type="node" ref="10090643544" role="platform"/>
    <member type="node" ref="8974733424" role="platform"/>
    <member type="node" ref="10090601986" role="platform"/>
    <member type="node" ref="8974733420" role="platform"/>
    <member type="node" ref="8974733418" role="platform"/>
    <member type="node" ref="10080562315" role="platform"/>
    <member type="node" ref="10080562314" role="platform"/>
    <member type="node" ref="10080562312" role="platform"/>
    <member type="node" ref="10080562310" role="platform"/>
    <member type="node" ref="10083629461" role="platform"/>
    <member type="node" ref="10083629619" role="platform"/>
    <member type="node" ref="8974699713" role="platform"/>
    <member type="node" ref="10080562299" role="platform"/>
    <member type="node" ref="10082225566" role="platform"/>
    <member type="node" ref="10078956089" role="platform"/>
    <member type="way" ref="4061055" role=""/>
    <member type="way" ref="964994827" role=""/>
    <member type="way" ref="538546665" role=""/>
    <member type="way" ref="584744225" role=""/>
    <member type="way" ref="1101838216" role=""/>
    <member type="way" ref="147598682" role=""/>
    <member type="way" ref="1101363599" role=""/>
    <member type="way" ref="176729708" role=""/>
    <member type="way" ref="1101840071" role=""/>
    <member type="way" ref="309750230" role=""/>
    <member type="way" ref="295762105" role=""/>
    <member type="way" ref="1313013846" role=""/>
    <member type="way" ref="1102641162" role=""/>
    <member type="way" ref="295762106" role=""/>
    <member type="way" ref="609270696" role=""/>
    <member type="way" ref="309750227" role=""/>
    <member type="way" ref="966783768" role=""/>
    <member type="way" ref="295762063" role=""/>
    <member type="way" ref="295762115" role=""/>
    <member type="way" ref="584743620" role=""/>
    <member type="way" ref="147598659" role=""/>
    <member type="way" ref="1356842955" role=""/>
    <member type="way" ref="1102722962" role=""/>
    <member type="way" ref="147598663" role=""/>
    <member type="way" ref="97836927" role=""/>
    <member type="way" ref="1102701218" role=""/>
    <member type="way" ref="1102701219" role=""/>
    <member type="way" ref="1312522159" role=""/>
    <member type="way" ref="1102701220" role=""/>
    <member type="way" ref="1312522158" role=""/>
    <member type="way" ref="97836925" role=""/>
    <member type="way" ref="203421386" role=""/>
    <member type="way" ref="204734654" role=""/>
    <member type="way" ref="1445519705" role=""/>
    <member type="way" ref="871928451" role=""/>
    <member type="way" ref="871928456" role=""/>
    <member type="way" ref="871928455" role=""/>
    <member type="way" ref="717647474" role=""/>
    <member type="way" ref="729995256" role=""/>
    <member type="way" ref="97671295" role=""/>
    <member type="way" ref="35039476" role=""/>
    <member type="way" ref="157774328" role=""/>
    <member type="way" ref="157774331" role=""/>
    <member type="way" ref="157774323" role=""/>
    <member type="way" ref="35039337" role=""/>
    <member type="way" ref="1102701207" role=""/>
    <member type="way" ref="8035604" role=""/>
    <member type="way" ref="1102995647" role=""/>
    <member type="way" ref="1101553909" role=""/>
    <member type="way" ref="1102995646" role=""/>
    <member type="way" ref="157774313" role=""/>
    <member type="way" ref="1007280304" role=""/>
    <member type="way" ref="718336669" role=""/>
    <member type="way" ref="717661056" role=""/>
    <member type="way" ref="475136902" role=""/>
    <member type="way" ref="1101553916" role=""/>
    <member type="way" ref="1101553915" role=""/>
    <member type="way" ref="160213186" role=""/>
    <member type="way" ref="1101553920" role=""/>
    <member type="way" ref="1102174136" role=""/>
    <member type="way" ref="160213182" role=""/>
    <member type="way" ref="1312652331" role=""/>
    <member type="way" ref="608410947" role=""/>
    <member type="way" ref="172993765" role=""/>
    <member type="way" ref="608410927" role=""/>
    <member type="way" ref="1102174135" role=""/>
    <member type="way" ref="1375577554" role=""/>
    <member type="way" ref="607475407" role=""/>
    <member type="way" ref="1376133237" role=""/>
    <member type="way" ref="8039366" role=""/>
    <member type="way" ref="1312883850" role=""/>
    <member type="way" ref="1101553923" role=""/>
    <member type="way" ref="607475410" role=""/>
    <member type="way" ref="1375845700" role=""/>
    <member type="way" ref="1375845699" role=""/>
    <member type="way" ref="607475416" role=""/>
    <member type="way" ref="1312520845" role=""/>
    <member type="way" ref="1312520848" role=""/>
    <member type="way" ref="1312520847" role=""/>
    <member type="way" ref="1312520846" role=""/>
    <member type="way" ref="413359541" role=""/>
    <member type="way" ref="1382305298" role=""/>
    <member type="way" ref="1312477649" role=""/>
    <member type="way" ref="1312477647" role=""/>
    <member type="way" ref="1312477645" role=""/>
    <member type="way" ref="1382305286" role=""/>
    <member type="way" ref="70192785" role=""/>
    <member type="way" ref="4330455" role=""/>
    <member type="way" ref="1101845152" role=""/>
    <member type="way" ref="1101845150" role=""/>
    <member type="way" ref="1101845149" role=""/>
    <member type="way" ref="1356842956" role=""/>
    <tag k="name" v="L36:El Maghreb Arabi(Chiga)-Bab El Had"/>
    <tag k="network" v="ALSA Citybus RST"/>
    <tag k="network:wikidata" v="Q111211361"/>
    <tag k="network:wikipedia" v="fr:Réseau de bus de Rabat-Salé-Témara"/>
    <tag k="operator" v="ALSA"/>
    <tag k="operator:wikidata" v="Q294510"/>
    <tag k="operator:wikipedia" v="fr:Alsa (entreprise)"/>
    <tag k="public_transport:version" v="2"/>
    <tag k="ref" v="36"/>
    <tag k="route" v="bus"/>
    <tag k="type" v="route"/>
  </relation>

</osm>
