<?xml version="1.0" encoding="UTF-8"?>
<osm version="0.6" generator="Overpass API 0.7.62.11 87bfad18">
<note>The data included in this document is from www.openstreetmap.org. The data is made available under ODbL.</note>
<meta osm_base="2026-08-14T17:00:51Z"/>

  <bounds minlat="33.9775696" minlon="-6.8887501" maxlat="33.9816589" maxlon="-6.8841600"/>

  <node id="30062545" lat="33.9793205" lon="-6.8890259" version="6" timestamp="2019-09-03T12:43:25Z" changeset="74039320" uid="9535306" user="Ialomita"/>
  <node id="30062557" lat="33.9798586" lon="-6.8886038" version="5" timestamp="2019-09-03T12:43:25Z" changeset="74039320" uid="9535306" user="Ialomita"/>
  <node id="30062558" lat="33.9800620" lon="-6.8884228" version="4" timestamp="2019-09-03T12:43:25Z" changeset="74039320" uid="9535306" user="Ialomita"/>
  <node id="30062559" lat="33.9805571" lon="-6.8879832" version="4" timestamp="2019-09-03T12:43:25Z" changeset="74039320" uid="9535306" user="Ialomita"/>
  <node id="30062560" lat="33.9810487" lon="-6.8875399" version="3" timestamp="2019-09-03T13:45:15Z" changeset="74042497" uid="9535306" user="Ialomita"/>
  <node id="30062561" lat="33.9816370" lon="-6.8869901" version="3" timestamp="2019-09-03T12:43:25Z" changeset="74039320" uid="9535306" user="Ialomita"/>
  <node id="30062562" lat="33.9823443" lon="-6.8862686" version="4" timestamp="2019-09-03T13:45:15Z" changeset="74042497" uid="9535306" user="Ialomita"/>
  <node id="30062563" lat="33.9829236" lon="-6.8857831" version="5" timestamp="2019-09-03T13:45:15Z" changeset="74042497" uid="9535306" user="Ialomita"/>
  <node id="30062564" lat="33.9835147" lon="-6.8852902" version="6" timestamp="2019-08-27T16:20:29Z" changeset="73806273" uid="9447030" user="Liamuiga"/>
  <node id="30062565" lat="33.9842325" lon="-6.8846961" version="5" timestamp="2019-08-28T18:01:49Z" changeset="73853087" uid="9447012" user="Popolopen"/>
  <node id="30062566" lat="33.9844278" lon="-6.8845280" version="6" timestamp="2019-11-12T21:18:37Z" changeset="76982269" uid="10147140" user="HenryFjord"/>
  <node id="30062567" lat="33.9846095" lon="-6.8842609" version="4" timestamp="2019-08-28T18:01:49Z" changeset="73853087" uid="9447012" user="Popolopen"/>
  <node id="30062568" lat="33.9847340" lon="-6.8839900" version="5" timestamp="2019-08-28T18:01:49Z" changeset="73853087" uid="9447012" user="Popolopen"/>
  <node id="30062569" lat="33.9850493" lon="-6.8834767" version="5" timestamp="2019-11-12T21:18:37Z" changeset="76982269" uid="10147140" user="HenryFjord"/>
  <node id="30062570" lat="33.9852589" lon="-6.8832542" version="5" timestamp="2019-11-12T21:18:37Z" changeset="76982269" uid="10147140" user="HenryFjord"/>
  <node id="30062571" lat="33.9856570" lon="-6.8828863" version="5" timestamp="2019-08-28T18:01:49Z" changeset="73853087" uid="9447012" user="Popolopen"/>
  <node id="30062572" lat="33.9858005" lon="-6.8827602" version="5" timestamp="2019-08-28T18:01:49Z" changeset="73853087" uid="9447012" user="Popolopen"/>
  <node id="30062573" lat="33.9863398" lon="-6.8822332" version="8" timestamp="2019-08-28T18:01:49Z" changeset="73853087" uid="9447012" user="Popolopen"/>
  <node id="30062574" lat="33.9866367" lon="-6.8819703" version="5" timestamp="2019-08-28T18:01:49Z" changeset="73853087" uid="9447012" user="Popolopen"/>
  <node id="30062578" lat="33.9872472" lon="-6.8813548" version="5" timestamp="2019-08-28T18:01:49Z" changeset="73853087" uid="9447012" user="Popolopen"/>
  <node id="410956490" lat="33.9771730" lon="-6.8863906" version="5" timestamp="2019-09-03T13:48:14Z" changeset="74042638" uid="9535306" user="Ialomita"/>
  <node id="1356353654" lat="33.9788712" lon="-6.8892525" version="5" timestamp="2019-09-03T16:10:07Z" changeset="74049316" uid="9535306" user="Ialomita"/>
  <node id="1872090938" lat="33.9786023" lon="-6.8893292" version="5" timestamp="2019-09-03T13:45:15Z" changeset="74042497" uid="9535306" user="Ialomita"/>
  <node id="1872091126" lat="33.9830265" lon="-6.8890480" version="3" timestamp="2019-09-03T12:43:25Z" changeset="74039320" uid="9535306" user="Ialomita"/>
  <node id="1872091150" lat="33.9832009" lon="-6.8823662" version="2" timestamp="2013-03-06T23:12:31Z" changeset="15276982" uid="578772" user="alain2003"/>
  <node id="1872091370" lat="33.9805722" lon="-6.8851347" version="4" timestamp="2019-09-03T12:43:25Z" changeset="74039320" uid="9535306" user="Ialomita"/>
  <node id="1913335233" lat="33.9800955" lon="-6.8902367" version="3" timestamp="2019-09-03T12:43:25Z" changeset="74039320" uid="9535306" user="Ialomita"/>
  <node id="1913335327" lat="33.9831561" lon="-6.8892552" version="5" timestamp="2019-09-03T12:43:25Z" changeset="74039320" uid="9535306" user="Ialomita"/>
  <node id="2187492060" lat="33.9823443" lon="-6.8808478" version="4" timestamp="2019-08-23T16:51:16Z" changeset="73676610" uid="9535055" user="HanaumaBay"/>
  <node id="2187492113" lat="33.9837012" lon="-6.8796935" version="5" timestamp="2019-11-12T20:58:11Z" changeset="76981667" uid="10147140" user="HenryFjord"/>
  <node id="2187492117" lat="33.9835577" lon="-6.8798761" version="7" timestamp="2023-08-07T03:36:17Z" changeset="139541797" uid="20049685" user="Mapratec">
    <tag k="crossing" v="uncontrolled"/>
    <tag k="crossing:island" v="no"/>
    <tag k="highway" v="crossing"/>
  </node>
  <node id="2189105313" lat="33.9795957" lon="-6.8888361" version="3" timestamp="2019-09-03T12:43:25Z" changeset="74039320" uid="9535306" user="Ialomita"/>
  <node id="2189105316" lat="33.9794084" lon="-6.8862726" version="2" timestamp="2019-09-03T12:43:25Z" changeset="74039320" uid="9535306" user="Ialomita"/>
  <node id="2189105320" lat="33.9855147" lon="-6.8830110" version="4" timestamp="2019-08-28T18:01:49Z" changeset="73853087" uid="9447012" user="Popolopen"/>
  <node id="2189105323" lat="33.9838889" lon="-6.8813480" version="2" timestamp="2019-08-28T18:01:49Z" changeset="73853087" uid="9447012" user="Popolopen"/>
  <node id="2189105330" lat="33.9773581" lon="-6.8868677" version="6" timestamp="2019-09-03T15:54:44Z" changeset="74048760" uid="9535306" user="Ialomita"/>
  <node id="2189105332" lat="33.9817226" lon="-6.8838944" version="2" timestamp="2018-07-17T17:44:57Z" changeset="60808848" uid="8282035" user="lacielrouge"/>
  <node id="2189105338" lat="33.9776081" lon="-6.8869672" version="4" timestamp="2019-09-03T13:19:36Z" changeset="74041213" uid="9535306" user="Ialomita"/>
  <node id="2189105350" lat="33.9789068" lon="-6.8857442" version="5" timestamp="2022-04-18T10:04:26Z" changeset="119849481" uid="13196804" user="Nad_Alley"/>
  <node id="2189105351" lat="33.9780083" lon="-6.8882268" version="3" timestamp="2019-09-03T13:19:36Z" changeset="74041213" uid="9535306" user="Ialomita"/>
  <node id="2189105354" lat="33.9779006" lon="-6.8879993" version="3" timestamp="2019-09-03T13:19:36Z" changeset="74041213" uid="9535306" user="Ialomita"/>
  <node id="2189105366" lat="33.9832966" lon="-6.8822515" version="3" timestamp="2019-08-23T16:48:52Z" changeset="73676524" uid="9535055" user="HanaumaBay"/>
  <node id="2189105367" lat="33.9786488" lon="-6.8871805" version="4" timestamp="2019-09-03T13:19:36Z" changeset="74041213" uid="9535306" user="Ialomita"/>
  <node id="2189105368" lat="33.9798588" lon="-6.8872129" version="2" timestamp="2019-09-03T12:43:25Z" changeset="74039320" uid="9535306" user="Ialomita"/>
  <node id="2189105371" lat="33.9785798" lon="-6.8855403" version="3" timestamp="2022-04-18T10:04:26Z" changeset="119849481" uid="13196804" user="Nad_Alley"/>
  <node id="2189105374" lat="33.9806481" lon="-6.8865730" version="3" timestamp="2019-09-03T13:19:36Z" changeset="74041213" uid="9535306" user="Ialomita"/>
  <node id="2189105378" lat="33.9804127" lon="-6.8881186" version="3" timestamp="2019-09-03T12:43:25Z" changeset="74039320" uid="9535306" user="Ialomita"/>
  <node id="2189105389" lat="33.9812055" lon="-6.8818979" version="5" timestamp="2019-08-23T16:51:16Z" changeset="73676610" uid="9535055" user="HanaumaBay"/>
  <node id="2189105391" lat="33.9802969" lon="-6.8847410" version="2" timestamp="2019-08-26T11:11:58Z" changeset="73746369" uid="9535055" user="HanaumaBay"/>
  <node id="2189105393" lat="33.9782446" lon="-6.8851266" version="5" timestamp="2022-04-18T10:04:26Z" changeset="119849481" uid="13196804" user="Nad_Alley"/>
  <node id="2189105394" lat="33.9779076" lon="-6.8877652" version="2" timestamp="2019-09-03T13:19:36Z" changeset="74041213" uid="9535306" user="Ialomita"/>
  <node id="2189105398" lat="33.9798187" lon="-6.8856852" version="3" timestamp="2019-09-03T12:43:25Z" changeset="74039320" uid="9535306" user="Ialomita"/>
  <node id="2189105399" lat="33.9802270" lon="-6.8869502" version="2" timestamp="2019-09-03T12:43:25Z" changeset="74039320" uid="9535306" user="Ialomita"/>
  <node id="2189105404" lat="33.9785075" lon="-6.8891468" version="1" timestamp="2013-03-06T23:12:25Z" changeset="15276982" uid="578772" user="alain2003"/>
  <node id="2189105416" lat="33.9791036" lon="-6.8862808" version="3" timestamp="2019-09-03T13:19:36Z" changeset="74041213" uid="9535306" user="Ialomita"/>
  <node id="2189105418" lat="33.9812194" lon="-6.8861841" version="2" timestamp="2019-09-03T11:28:43Z" changeset="74035729" uid="9535306" user="Ialomita"/>
  <node id="2189105419" lat="33.9781183" lon="-6.8867037" version="4" timestamp="2022-04-18T10:04:26Z" changeset="119849481" uid="13196804" user="Nad_Alley"/>
  <node id="2189105421" lat="33.9800595" lon="-6.8872797" version="2" timestamp="2019-09-03T12:43:25Z" changeset="74039320" uid="9535306" user="Ialomita"/>
  <node id="2189105427" lat="33.9791498" lon="-6.8881201" version="2" timestamp="2019-09-03T12:43:25Z" changeset="74039320" uid="9535306" user="Ialomita"/>
  <node id="2189105432" lat="33.9808574" lon="-6.8864687" version="2" timestamp="2019-09-03T12:43:25Z" changeset="74039320" uid="9535306" user="Ialomita"/>
  <node id="2189105437" lat="33.9800161" lon="-6.8874595" version="2" timestamp="2019-09-03T12:43:25Z" changeset="74039320" uid="9535306" user="Ialomita"/>
  <node id="2189105447" lat="33.9827869" lon="-6.8804964" version="6" timestamp="2019-08-23T16:51:16Z" changeset="73676610" uid="9535055" user="HanaumaBay"/>
  <node id="2189105457" lat="33.9835230" lon="-6.8819623" version="2" timestamp="2019-08-28T18:01:49Z" changeset="73853087" uid="9447012" user="Popolopen"/>
  <node id="2189105460" lat="33.9782596" lon="-6.8860339" version="2" timestamp="2019-09-03T13:19:36Z" changeset="74041213" uid="9535306" user="Ialomita"/>
  <node id="2189105466" lat="33.9827881" lon="-6.8827927" version="1" timestamp="2013-03-06T23:12:26Z" changeset="15276982" uid="578772" user="alain2003"/>
  <node id="2189105469" lat="33.9780808" lon="-6.8859617" version="3" timestamp="2026-06-14T01:38:55Z" changeset="184077151" uid="22449695" user="ghitsssssssss"/>
  <node id="2189105475" lat="33.9800245" lon="-6.8839733" version="3" timestamp="2019-08-23T17:52:12Z" changeset="73678822" uid="9535055" user="HanaumaBay"/>
  <node id="2189105476" lat="33.9792427" lon="-6.8870417" version="3" timestamp="2022-04-18T10:04:26Z" changeset="119849481" uid="13196804" user="Nad_Alley"/>
  <node id="2189105479" lat="33.9787923" lon="-6.8861937" version="3" timestamp="2019-09-03T13:19:36Z" changeset="74041213" uid="9535306" user="Ialomita"/>
  <node id="2189105483" lat="33.9795585" lon="-6.8871069" version="2" timestamp="2019-09-03T12:43:25Z" changeset="74039320" uid="9535306" user="Ialomita"/>
  <node id="2189105491" lat="33.9816292" lon="-6.8839967" version="2" timestamp="2019-08-23T16:48:52Z" changeset="73676524" uid="9535055" user="HanaumaBay"/>
  <node id="2189105494" lat="33.9797542" lon="-6.8834844" version="4" timestamp="2019-08-23T16:59:09Z" changeset="73676954" uid="9535055" user="HanaumaBay"/>
  <node id="2189105495" lat="33.9817076" lon="-6.8813434" version="5" timestamp="2019-08-26T10:03:04Z" changeset="73743317" uid="9535055" user="HanaumaBay"/>
  <node id="2189105496" lat="33.9802664" lon="-6.8853794" version="2" timestamp="2019-09-03T12:43:25Z" changeset="74039320" uid="9535306" user="Ialomita"/>
  <node id="2189105497" lat="33.9780305" lon="-6.8870960" version="3" timestamp="2019-09-03T13:19:36Z" changeset="74041213" uid="9535306" user="Ialomita"/>
  <node id="2189105500" lat="33.9807395" lon="-6.8824317" version="5" timestamp="2019-08-23T16:51:16Z" changeset="73676610" uid="9535055" user="HanaumaBay"/>
  <node id="2189105502" lat="33.9795429" lon="-6.8860339" version="2" timestamp="2019-09-03T12:43:25Z" changeset="74039320" uid="9535306" user="Ialomita"/>
  <node id="2189105503" lat="33.9787022" lon="-6.8868801" version="5" timestamp="2022-04-18T10:04:26Z" changeset="119849481" uid="13196804" user="Nad_Alley"/>
  <node id="2189105510" lat="33.9829937" lon="-6.8803261" version="4" timestamp="2019-08-23T16:51:16Z" changeset="73676610" uid="9535055" user="HanaumaBay"/>
  <node id="2189105512" lat="33.9802942" lon="-6.8829151" version="5" timestamp="2019-08-23T16:51:16Z" changeset="73676610" uid="9535055" user="HanaumaBay">
    <tag k="crossing" v="uncontrolled"/>
    <tag k="highway" v="crossing"/>
  </node>
  <node id="2189105521" lat="33.9822386" lon="-6.8809202" version="5" timestamp="2019-08-23T16:51:16Z" changeset="73676610" uid="9535055" user="HanaumaBay"/>
  <node id="2189105524" lat="33.9790358" lon="-6.8880965" version="2" timestamp="2019-09-03T12:43:25Z" changeset="74039320" uid="9535306" user="Ialomita"/>
  <node id="2189105525" lat="33.9850013" lon="-6.8779361" version="4" timestamp="2019-11-12T20:58:11Z" changeset="76981667" uid="10147140" user="HenryFjord"/>
  <node id="2189105527" lat="33.9822428" lon="-6.8833559" version="2" timestamp="2019-08-26T12:17:52Z" changeset="73749658" uid="9535055" user="HanaumaBay"/>
  <node id="2189105531" lat="33.9800267" lon="-6.8855045" version="3" timestamp="2019-09-03T12:43:25Z" changeset="74039320" uid="9535306" user="Ialomita"/>
  <node id="2189105536" lat="33.9821519" lon="-6.8834549" version="3" timestamp="2019-08-23T16:48:52Z" changeset="73676524" uid="9535055" user="HanaumaBay"/>
  <node id="2189105537" lat="33.9777891" lon="-6.8856369" version="4" timestamp="2019-09-03T13:48:14Z" changeset="74042638" uid="9535306" user="Ialomita"/>
  <node id="2189105538" lat="33.9844609" lon="-6.8786831" version="4" timestamp="2019-11-12T20:58:11Z" changeset="76981667" uid="10147140" user="HenryFjord"/>
  <node id="2189105542" lat="33.9791804" lon="-6.8841094" version="4" timestamp="2019-08-23T16:51:16Z" changeset="73676610" uid="9535055" user="HanaumaBay"/>
  <node id="2489699971" lat="33.9769627" lon="-6.8846142" version="1" timestamp="2013-10-09T16:44:52Z" changeset="18267961" uid="1502046" user="Human65536"/>
  <node id="2489699972" lat="33.9773369" lon="-6.8851199" version="1" timestamp="2013-10-09T16:44:52Z" changeset="18267961" uid="1502046" user="Human65536"/>
  <node id="2489699982" lat="33.9776483" lon="-6.8838767" version="1" timestamp="2013-10-09T16:44:52Z" changeset="18267961" uid="1502046" user="Human65536"/>
  <node id="2489699994" lat="33.9780224" lon="-6.8843824" version="1" timestamp="2013-10-09T16:44:53Z" changeset="18267961" uid="1502046" user="Human65536"/>
  <node id="4243315695" lat="33.9801863" lon="-6.8884335" version="1" timestamp="2016-06-14T18:57:35Z" changeset="40024167" uid="1711238" user="Veomap">
    <tag k="name" v="El Haj service clim"/>
    <tag k="shop" v="car"/>
  </node>
  <node id="4243328589" lat="33.9803551" lon="-6.8883849" version="3" timestamp="2025-06-22T00:57:58Z" changeset="167934898" uid="21853634" user="ilias_">
    <tag k="addr:city" v="Rabat"/>
    <tag k="addr:housenumber" v="69"/>
    <tag k="addr:postcode" v="10000"/>
    <tag k="addr:street" v="Avenue Al Mostakbal شارع المستقبل"/>
    <tag k="amenity" v="pharmacy"/>
    <tag k="dispensing" v="yes"/>
    <tag k="healthcare" v="pharmacy"/>
    <tag k="name" v="Pharmacie Al Boustane صيدلية البستان"/>
  </node>
  <node id="4431802271" lat="33.9853923" lon="-6.8831334" version="5" timestamp="2025-11-03T13:36:11Z" changeset="174148289" uid="23310642" user="LakeTorrens"/>
  <node id="4431802284" lat="33.9844744" lon="-6.8805461" version="2" timestamp="2019-08-28T18:01:49Z" changeset="73853087" uid="9447012" user="Popolopen"/>
  <node id="4509644788" lat="33.9792452" lon="-6.8841208" version="1" timestamp="2016-11-19T00:35:09Z" changeset="43785136" uid="4816089" user="osm10005"/>
  <node id="4509644989" lat="33.9796545" lon="-6.8837265" version="2" timestamp="2019-07-24T06:13:14Z" changeset="72585189" uid="8793994" user="pinky_16"/>
  <node id="4509644990" lat="33.9797990" lon="-6.8839465" version="1" timestamp="2016-11-19T00:35:09Z" changeset="43785136" uid="4816089" user="osm10005"/>
  <node id="4509644991" lat="33.9793920" lon="-6.8843461" version="1" timestamp="2016-11-19T00:35:09Z" changeset="43785136" uid="4816089" user="osm10005"/>
  <node id="4513717479" lat="33.9814834" lon="-6.8856405" version="3" timestamp="2018-10-25T19:18:08Z" changeset="63879158" uid="2126146" user="johnparis">
    <tag k="amenity" v="place_of_worship"/>
    <tag k="name" v="Mosquée Al Tauba مسجد التوبة"/>
    <tag k="name:ar" v="مسجد التوبة"/>
    <tag k="name:fr" v="Mosquée Al Tauba"/>
    <tag k="religion" v="muslim"/>
  </node>
  <node id="5588778833" lat="33.9846859" lon="-6.8783762" version="3" timestamp="2019-11-12T20:58:11Z" changeset="76981667" uid="10147140" user="HenryFjord"/>
  <node id="5588778835" lat="33.9842965" lon="-6.8789017" version="6" timestamp="2019-11-12T20:58:11Z" changeset="76981667" uid="10147140" user="HenryFjord"/>
  <node id="5588778840" lat="33.9864821" lon="-6.8820991" version="4" timestamp="2019-08-28T18:01:49Z" changeset="73853087" uid="9447012" user="Popolopen"/>
  <node id="5588783836" lat="33.9789179" lon="-6.8887375" version="2" timestamp="2019-09-03T12:43:25Z" changeset="74039320" uid="9535306" user="Ialomita"/>
  <node id="5588783837" lat="33.9792816" lon="-6.8883305" version="3" timestamp="2019-09-03T12:43:25Z" changeset="74039320" uid="9535306" user="Ialomita"/>
  <node id="5588783838" lat="33.9791426" lon="-6.8891130" version="4" timestamp="2019-09-03T13:45:15Z" changeset="74042497" uid="9535306" user="Ialomita"/>
  <node id="5588783839" lat="33.9796769" lon="-6.8877719" version="3" timestamp="2019-09-03T12:43:25Z" changeset="74039320" uid="9535306" user="Ialomita"/>
  <node id="5588783840" lat="33.9792060" lon="-6.8857951" version="3" timestamp="2022-04-18T10:04:26Z" changeset="119849481" uid="13196804" user="Nad_Alley"/>
  <node id="5588783842" lat="33.9809708" lon="-6.8886436" version="4" timestamp="2019-07-29T09:12:17Z" changeset="72761200" uid="8794031" user="bunty_6"/>
  <node id="5588783843" lat="33.9797576" lon="-6.8897273" version="3" timestamp="2019-07-24T06:17:26Z" changeset="72585302" uid="8793994" user="pinky_16"/>
  <node id="5588783844" lat="33.9793283" lon="-6.8901061" version="5" timestamp="2019-09-03T14:38:37Z" changeset="74045316" uid="9535306" user="Ialomita"/>
  <node id="5588783845" lat="33.9802458" lon="-6.8892673" version="5" timestamp="2019-09-03T12:43:25Z" changeset="74039320" uid="9535306" user="Ialomita"/>
  <node id="5588783846" lat="33.9821524" lon="-6.8877619" version="3" timestamp="2019-09-03T12:43:25Z" changeset="74039320" uid="9535306" user="Ialomita"/>
  <node id="5588783847" lat="33.9811904" lon="-6.8889729" version="5" timestamp="2019-09-03T12:43:25Z" changeset="74039320" uid="9535306" user="Ialomita"/>
  <node id="5588783848" lat="33.9793845" lon="-6.8880174" version="2" timestamp="2019-09-03T12:43:25Z" changeset="74039320" uid="9535306" user="Ialomita"/>
  <node id="5588803264" lat="33.9790586" lon="-6.8869861" version="4" timestamp="2022-04-18T10:04:26Z" changeset="119849481" uid="13196804" user="Nad_Alley"/>
  <node id="5588803265" lat="33.9788396" lon="-6.8880237" version="2" timestamp="2019-09-03T13:19:36Z" changeset="74041213" uid="9535306" user="Ialomita"/>
  <node id="5588803273" lat="33.9826875" lon="-6.8828967" version="1" timestamp="2018-04-30T16:30:26Z" changeset="58560355" uid="5027347" user="zwaygp"/>
  <node id="5588803278" lat="33.9806895" lon="-6.8849878" version="3" timestamp="2019-09-03T12:43:25Z" changeset="74039320" uid="9535306" user="Ialomita"/>
  <node id="5588803279" lat="33.9799163" lon="-6.8840557" version="3" timestamp="2019-08-26T11:11:58Z" changeset="73746369" uid="9535055" user="HanaumaBay"/>
  <node id="5588803280" lat="33.9805372" lon="-6.8835072" version="2" timestamp="2019-08-23T17:33:50Z" changeset="73678131" uid="9535055" user="HanaumaBay"/>
  <node id="5588803281" lat="33.9812110" lon="-6.8844206" version="2" timestamp="2019-08-23T17:33:50Z" changeset="73678131" uid="9535055" user="HanaumaBay"/>
  <node id="5588803282" lat="33.9811039" lon="-6.8845328" version="1" timestamp="2018-04-30T16:30:26Z" changeset="58560355" uid="5027347" user="zwaygp"/>
  <node id="5588803283" lat="33.9786335" lon="-6.8861444" version="2" timestamp="2019-09-03T13:19:36Z" changeset="74041213" uid="9535306" user="Ialomita"/>
  <node id="5588803284" lat="33.9784833" lon="-6.8868178" version="3" timestamp="2022-04-18T10:04:26Z" changeset="119849481" uid="13196804" user="Nad_Alley"/>
  <node id="5588803285" lat="33.9783379" lon="-6.8871671" version="2" timestamp="2018-07-17T17:44:59Z" changeset="60808848" uid="8282035" user="lacielrouge"/>
  <node id="5588803286" lat="33.9782085" lon="-6.8878431" version="2" timestamp="2019-09-03T13:19:36Z" changeset="74041213" uid="9535306" user="Ialomita"/>
  <node id="5656786472" lat="33.9798560" lon="-6.8851974" version="2" timestamp="2019-08-26T11:11:58Z" changeset="73746369" uid="9535055" user="HanaumaBay"/>
  <node id="5656786473" lat="33.9776677" lon="-6.8864633" version="2" timestamp="2019-09-03T13:19:36Z" changeset="74041213" uid="9535306" user="Ialomita"/>
  <node id="5656786474" lat="33.9776090" lon="-6.8865556" version="2" timestamp="2019-09-03T12:43:25Z" changeset="74039320" uid="9535306" user="Ialomita"/>
  <node id="5656786475" lat="33.9770852" lon="-6.8865911" version="4" timestamp="2019-09-03T13:48:14Z" changeset="74042638" uid="9535306" user="Ialomita"/>
  <node id="5764484823" lat="33.9773664" lon="-6.8861338" version="3" timestamp="2019-09-03T13:48:14Z" changeset="74042638" uid="9535306" user="Ialomita"/>
  <node id="5766387583" lat="33.9818033" lon="-6.8838108" version="1" timestamp="2018-07-17T17:44:52Z" changeset="60808848" uid="8282035" user="lacielrouge"/>
  <node id="5766387584" lat="33.9811983" lon="-6.8860506" version="2" timestamp="2019-09-03T11:28:43Z" changeset="74035729" uid="9535306" user="Ialomita"/>
  <node id="5766387585" lat="33.9807301" lon="-6.8852507" version="2" timestamp="2019-09-03T11:28:43Z" changeset="74035729" uid="9535306" user="Ialomita"/>
  <node id="5766387586" lat="33.9806470" lon="-6.8852396" version="2" timestamp="2019-09-03T11:28:43Z" changeset="74035729" uid="9535306" user="Ialomita"/>
  <node id="5766387587" lat="33.9789335" lon="-6.8869479" version="3" timestamp="2022-04-18T10:04:26Z" changeset="119849481" uid="13196804" user="Nad_Alley"/>
  <node id="5766387588" lat="33.9780966" lon="-6.8881883" version="2" timestamp="2019-09-03T13:19:36Z" changeset="74041213" uid="9535306" user="Ialomita"/>
  <node id="5766387589" lat="33.9779927" lon="-6.8880033" version="2" timestamp="2019-09-03T13:19:36Z" changeset="74041213" uid="9535306" user="Ialomita"/>
  <node id="5766387590" lat="33.9779804" lon="-6.8877853" version="2" timestamp="2019-09-03T13:19:36Z" changeset="74041213" uid="9535306" user="Ialomita"/>
  <node id="5766387592" lat="33.9788287" lon="-6.8891540" version="3" timestamp="2019-09-03T16:10:07Z" changeset="74049316" uid="9535306" user="Ialomita">
    <tag k="crossing" v="uncontrolled"/>
    <tag k="highway" v="crossing"/>
  </node>
  <node id="5766387593" lat="33.9790791" lon="-6.8890018" version="1" timestamp="2018-07-17T17:44:52Z" changeset="60808848" uid="8282035" user="lacielrouge">
    <tag k="crossing" v="uncontrolled"/>
    <tag k="highway" v="crossing"/>
  </node>
  <node id="5766387594" lat="33.9795352" lon="-6.8888797" version="2" timestamp="2019-09-03T13:45:15Z" changeset="74042497" uid="9535306" user="Ialomita">
    <tag k="crossing" v="uncontrolled"/>
    <tag k="highway" v="crossing"/>
  </node>
  <node id="5766387596" lat="33.9798729" lon="-6.8896178" version="2" timestamp="2019-07-24T06:17:26Z" changeset="72585302" uid="8793994" user="pinky_16"/>
  <node id="5766387597" lat="33.9801968" lon="-6.8901216" version="3" timestamp="2019-09-03T11:28:43Z" changeset="74035729" uid="9535306" user="Ialomita"/>
  <node id="5766387625" lat="33.9819756" lon="-6.8879785" version="2" timestamp="2019-09-03T12:43:25Z" changeset="74039320" uid="9535306" user="Ialomita"/>
  <node id="5766387626" lat="33.9814548" lon="-6.8871697" version="2" timestamp="2019-09-03T12:43:25Z" changeset="74039320" uid="9535306" user="Ialomita"/>
  <node id="5766387627" lat="33.9819150" lon="-6.8878926" version="3" timestamp="2019-09-03T12:43:25Z" changeset="74039320" uid="9535306" user="Ialomita"/>
  <node id="5766387628" lat="33.9810176" lon="-6.8887107" version="3" timestamp="2019-07-29T09:12:17Z" changeset="72761200" uid="8794031" user="bunty_6"/>
  <node id="5766387641" lat="33.9842737" lon="-6.8808344" version="2" timestamp="2019-08-28T18:01:49Z" changeset="73853087" uid="9447012" user="Popolopen"/>
  <node id="5766387643" lat="33.9841524" lon="-6.8809766" version="2" timestamp="2019-08-28T18:01:49Z" changeset="73853087" uid="9447012" user="Popolopen"/>
  <node id="5766387645" lat="33.9840457" lon="-6.8811241" version="2" timestamp="2019-08-28T18:01:49Z" changeset="73853087" uid="9447012" user="Popolopen"/>
  <node id="5766387647" lat="33.9802608" lon="-6.8858401" version="2" timestamp="2019-09-03T13:19:36Z" changeset="74041213" uid="9535306" user="Ialomita"/>
  <node id="5766387648" lat="33.9802397" lon="-6.8857697" version="3" timestamp="2022-04-18T10:04:26Z" changeset="119849481" uid="13196804" user="Nad_Alley"/>
  <node id="5766387649" lat="33.9800834" lon="-6.8854652" version="2" timestamp="2019-09-03T12:43:25Z" changeset="74039320" uid="9535306" user="Ialomita"/>
  <node id="5766387650" lat="33.9789674" lon="-6.8884854" version="2" timestamp="2019-09-03T12:43:25Z" changeset="74039320" uid="9535306" user="Ialomita"/>
  <node id="5766387651" lat="33.9790247" lon="-6.8885142" version="2" timestamp="2019-09-03T12:43:25Z" changeset="74039320" uid="9535306" user="Ialomita"/>
  <node id="5766387652" lat="33.9803295" lon="-6.8887618" version="3" timestamp="2019-09-03T12:43:25Z" changeset="74039320" uid="9535306" user="Ialomita"/>
  <node id="5766388053" lat="33.9807918" lon="-6.8883608" version="3" timestamp="2019-09-03T12:43:25Z" changeset="74039320" uid="9535306" user="Ialomita"/>
  <node id="5766388054" lat="33.9801125" lon="-6.8883817" version="2" timestamp="2019-09-03T12:43:25Z" changeset="74039320" uid="9535306" user="Ialomita"/>
  <node id="5766388055" lat="33.9804915" lon="-6.8890541" version="3" timestamp="2019-09-03T12:43:25Z" changeset="74039320" uid="9535306" user="Ialomita"/>
  <node id="5766388058" lat="33.9803695" lon="-6.8867946" version="2" timestamp="2019-09-03T12:43:25Z" changeset="74039320" uid="9535306" user="Ialomita"/>
  <node id="5766388059" lat="33.9802135" lon="-6.8864919" version="2" timestamp="2019-09-03T13:19:36Z" changeset="74041213" uid="9535306" user="Ialomita"/>
  <node id="5766388060" lat="33.9799944" lon="-6.8863155" version="1" timestamp="2018-07-17T17:44:54Z" changeset="60808848" uid="8282035" user="lacielrouge"/>
  <node id="5766388061" lat="33.9796986" lon="-6.8858153" version="2" timestamp="2019-09-03T12:43:25Z" changeset="74039320" uid="9535306" user="Ialomita"/>
  <node id="5766388062" lat="33.9778453" lon="-6.8882011" version="2" timestamp="2019-09-03T11:30:07Z" changeset="74035798" uid="9535306" user="Ialomita"/>
  <node id="5766388063" lat="33.9782707" lon="-6.8889508" version="2" timestamp="2019-09-03T11:30:07Z" changeset="74035798" uid="9535306" user="Ialomita"/>
  <node id="5766388064" lat="33.9783580" lon="-6.8890909" version="2" timestamp="2019-09-03T11:30:07Z" changeset="74035798" uid="9535306" user="Ialomita"/>
  <node id="5766388065" lat="33.9784664" lon="-6.8890750" version="1" timestamp="2018-07-17T17:44:54Z" changeset="60808848" uid="8282035" user="lacielrouge"/>
  <node id="5766440891" lat="33.9807935" lon="-6.8823726" version="2" timestamp="2019-08-23T16:51:16Z" changeset="73676610" uid="9535055" user="HanaumaBay">
    <tag k="crossing" v="uncontrolled"/>
    <tag k="highway" v="crossing"/>
  </node>
  <node id="5766440892" lat="33.9837489" lon="-6.8796245" version="2" timestamp="2019-11-12T20:58:11Z" changeset="76981667" uid="10147140" user="HenryFjord">
    <tag k="crossing" v="uncontrolled"/>
    <tag k="highway" v="crossing"/>
  </node>
  <node id="5766440893" lat="33.9843654" lon="-6.8788115" version="2" timestamp="2019-11-12T20:58:11Z" changeset="76981667" uid="10147140" user="HenryFjord">
    <tag k="crossing" v="uncontrolled"/>
    <tag k="highway" v="crossing"/>
  </node>
  <node id="5766440894" lat="33.9849399" lon="-6.8780180" version="2" timestamp="2019-11-12T20:58:11Z" changeset="76981667" uid="10147140" user="HenryFjord">
    <tag k="crossing" v="uncontrolled"/>
    <tag k="highway" v="crossing"/>
  </node>
  <node id="5766588133" lat="33.9843356" lon="-6.8788498" version="3" timestamp="2019-11-12T20:58:11Z" changeset="76981667" uid="10147140" user="HenryFjord"/>
  <node id="5766588136" lat="33.9838212" lon="-6.8795225" version="4" timestamp="2019-11-12T20:58:11Z" changeset="76981667" uid="10147140" user="HenryFjord"/>
  <node id="5766588137" lat="33.9853925" lon="-6.8773884" version="4" timestamp="2024-09-03T01:15:59Z" changeset="156121155" uid="578772" user="alain2003">
    <tag k="highway" v="crossing"/>
  </node>
  <node id="5766588146" lat="33.9801179" lon="-6.8831103" version="2" timestamp="2019-08-23T16:51:16Z" changeset="73676610" uid="9535055" user="HanaumaBay"/>
  <node id="5766588147" lat="33.9802436" lon="-6.8829711" version="2" timestamp="2019-08-26T12:20:01Z" changeset="73749763" uid="9535055" user="HanaumaBay"/>
  <node id="5766588149" lat="33.9806528" lon="-6.8825242" version="2" timestamp="2019-08-23T16:51:16Z" changeset="73676610" uid="9535055" user="HanaumaBay"/>
  <node id="5766588356" lat="33.9843926" lon="-6.8806601" version="2" timestamp="2019-08-28T18:01:49Z" changeset="73853087" uid="9447012" user="Popolopen"/>
  <node id="6050364209" lat="33.9819978" lon="-6.8845782" version="1" timestamp="2018-11-10T03:14:00Z" changeset="64344158" uid="6726608" user="Joel Navarrete"/>
  <node id="6050364210" lat="33.9818013" lon="-6.8847844" version="1" timestamp="2018-11-10T03:14:00Z" changeset="64344158" uid="6726608" user="Joel Navarrete"/>
  <node id="6050364211" lat="33.9816233" lon="-6.8845377" version="1" timestamp="2018-11-10T03:14:00Z" changeset="64344158" uid="6726608" user="Joel Navarrete"/>
  <node id="6050364212" lat="33.9818199" lon="-6.8843315" version="1" timestamp="2018-11-10T03:14:00Z" changeset="64344158" uid="6726608" user="Joel Navarrete"/>
  <node id="6050364213" lat="33.9820190" lon="-6.8851197" version="1" timestamp="2018-11-10T03:14:00Z" changeset="64344158" uid="6726608" user="Joel Navarrete"/>
  <node id="6050364214" lat="33.9817831" lon="-6.8853745" version="1" timestamp="2018-11-10T03:14:00Z" changeset="64344158" uid="6726608" user="Joel Navarrete"/>
  <node id="6050364215" lat="33.9814446" lon="-6.8849186" version="1" timestamp="2018-11-10T03:14:00Z" changeset="64344158" uid="6726608" user="Joel Navarrete"/>
  <node id="6050364216" lat="33.9815965" lon="-6.8847546" version="1" timestamp="2018-11-10T03:14:00Z" changeset="64344158" uid="6726608" user="Joel Navarrete"/>
  <node id="6050364217" lat="33.9816696" lon="-6.8848530" version="1" timestamp="2018-11-10T03:14:00Z" changeset="64344158" uid="6726608" user="Joel Navarrete"/>
  <node id="6050364218" lat="33.9817459" lon="-6.8847707" version="1" timestamp="2018-11-10T03:14:00Z" changeset="64344158" uid="6726608" user="Joel Navarrete"/>
  <node id="6050364219" lat="33.9818508" lon="-6.8849120" version="1" timestamp="2018-11-10T03:14:00Z" changeset="64344158" uid="6726608" user="Joel Navarrete"/>
  <node id="6050364220" lat="33.9819135" lon="-6.8848444" version="1" timestamp="2018-11-10T03:14:00Z" changeset="64344158" uid="6726608" user="Joel Navarrete"/>
  <node id="6050364221" lat="33.9820156" lon="-6.8849818" version="1" timestamp="2018-11-10T03:14:00Z" changeset="64344158" uid="6726608" user="Joel Navarrete"/>
  <node id="6050364222" lat="33.9819606" lon="-6.8850411" version="1" timestamp="2018-11-10T03:14:00Z" changeset="64344158" uid="6726608" user="Joel Navarrete"/>
  <node id="6050364231" lat="33.9812795" lon="-6.8844215" version="1" timestamp="2018-11-10T03:14:00Z" changeset="64344158" uid="6726608" user="Joel Navarrete"/>
  <node id="6050364232" lat="33.9813341" lon="-6.8844938" version="1" timestamp="2018-11-10T03:14:00Z" changeset="64344158" uid="6726608" user="Joel Navarrete"/>
  <node id="6050364233" lat="33.9815990" lon="-6.8842030" version="1" timestamp="2018-11-10T03:14:00Z" changeset="64344158" uid="6726608" user="Joel Navarrete"/>
  <node id="6050364234" lat="33.9815672" lon="-6.8841608" version="1" timestamp="2018-11-10T03:14:00Z" changeset="64344158" uid="6726608" user="Joel Navarrete"/>
  <node id="6050364235" lat="33.9815894" lon="-6.8841364" version="1" timestamp="2018-11-10T03:14:00Z" changeset="64344158" uid="6726608" user="Joel Navarrete"/>
  <node id="6050364236" lat="33.9817044" lon="-6.8842888" version="1" timestamp="2018-11-10T03:14:00Z" changeset="64344158" uid="6726608" user="Joel Navarrete"/>
  <node id="6050364237" lat="33.9816440" lon="-6.8843551" version="1" timestamp="2018-11-10T03:14:00Z" changeset="64344158" uid="6726608" user="Joel Navarrete"/>
  <node id="6050364238" lat="33.9817042" lon="-6.8844057" version="1" timestamp="2018-11-10T03:14:00Z" changeset="64344158" uid="6726608" user="Joel Navarrete"/>
  <node id="6050364239" lat="33.9815942" lon="-6.8845099" version="1" timestamp="2018-11-10T03:14:00Z" changeset="64344158" uid="6726608" user="Joel Navarrete"/>
  <node id="6050364240" lat="33.9815523" lon="-6.8844941" version="1" timestamp="2018-11-10T03:14:00Z" changeset="64344158" uid="6726608" user="Joel Navarrete"/>
  <node id="6050364241" lat="33.9813201" lon="-6.8847490" version="1" timestamp="2018-11-10T03:14:00Z" changeset="64344158" uid="6726608" user="Joel Navarrete"/>
  <node id="6050364242" lat="33.9811665" lon="-6.8845455" version="1" timestamp="2018-11-10T03:14:00Z" changeset="64344158" uid="6726608" user="Joel Navarrete"/>
  <node id="6050364243" lat="33.9817084" lon="-6.8847002" version="1" timestamp="2018-11-10T03:14:00Z" changeset="64344158" uid="6726608" user="Joel Navarrete"/>
  <node id="6050364244" lat="33.9816384" lon="-6.8847773" version="1" timestamp="2018-11-10T03:14:00Z" changeset="64344158" uid="6726608" user="Joel Navarrete"/>
  <node id="6050364245" lat="33.9815965" lon="-6.8847219" version="1" timestamp="2018-11-10T03:14:00Z" changeset="64344158" uid="6726608" user="Joel Navarrete"/>
  <node id="6050364246" lat="33.9814631" lon="-6.8848688" version="1" timestamp="2018-11-10T03:14:00Z" changeset="64344158" uid="6726608" user="Joel Navarrete"/>
  <node id="6050364247" lat="33.9813946" lon="-6.8847784" version="1" timestamp="2018-11-10T03:14:00Z" changeset="64344158" uid="6726608" user="Joel Navarrete"/>
  <node id="6050364248" lat="33.9815209" lon="-6.8846394" version="1" timestamp="2018-11-10T03:14:00Z" changeset="64344158" uid="6726608" user="Joel Navarrete"/>
  <node id="6050364249" lat="33.9815051" lon="-6.8845984" version="1" timestamp="2018-11-10T03:14:00Z" changeset="64344158" uid="6726608" user="Joel Navarrete"/>
  <node id="6050364250" lat="33.9815740" lon="-6.8845226" version="1" timestamp="2018-11-10T03:14:00Z" changeset="64344158" uid="6726608" user="Joel Navarrete"/>
  <node id="6050364259" lat="33.9818048" lon="-6.8865624" version="1" timestamp="2018-11-10T03:14:01Z" changeset="64344158" uid="6726608" user="Joel Navarrete"/>
  <node id="6050364260" lat="33.9816130" lon="-6.8867546" version="1" timestamp="2018-11-10T03:14:01Z" changeset="64344158" uid="6726608" user="Joel Navarrete"/>
  <node id="6050364261" lat="33.9813994" lon="-6.8864446" version="1" timestamp="2018-11-10T03:14:01Z" changeset="64344158" uid="6726608" user="Joel Navarrete"/>
  <node id="6050364262" lat="33.9815184" lon="-6.8863253" version="1" timestamp="2018-11-10T03:14:01Z" changeset="64344158" uid="6726608" user="Joel Navarrete"/>
  <node id="6050364263" lat="33.9816572" lon="-6.8865266" version="1" timestamp="2018-11-10T03:14:01Z" changeset="64344158" uid="6726608" user="Joel Navarrete"/>
  <node id="6050364264" lat="33.9817299" lon="-6.8864537" version="1" timestamp="2018-11-10T03:14:01Z" changeset="64344158" uid="6726608" user="Joel Navarrete"/>
  <node id="6050364265" lat="33.9819257" lon="-6.8864547" version="1" timestamp="2018-11-10T03:14:01Z" changeset="64344158" uid="6726608" user="Joel Navarrete"/>
  <node id="6050364266" lat="33.9817520" lon="-6.8862066" version="1" timestamp="2018-11-10T03:14:01Z" changeset="64344158" uid="6726608" user="Joel Navarrete"/>
  <node id="6050364267" lat="33.9815821" lon="-6.8863797" version="1" timestamp="2018-11-10T03:14:01Z" changeset="64344158" uid="6726608" user="Joel Navarrete"/>
  <node id="6050364268" lat="33.9816613" lon="-6.8864928" version="1" timestamp="2018-11-10T03:14:01Z" changeset="64344158" uid="6726608" user="Joel Navarrete"/>
  <node id="6050364269" lat="33.9817484" lon="-6.8864041" version="1" timestamp="2018-11-10T03:14:01Z" changeset="64344158" uid="6726608" user="Joel Navarrete"/>
  <node id="6050364270" lat="33.9818429" lon="-6.8865391" version="1" timestamp="2018-11-10T03:14:01Z" changeset="64344158" uid="6726608" user="Joel Navarrete"/>
  <node id="6050364271" lat="33.9815798" lon="-6.8862394" version="2" timestamp="2022-04-22T05:06:15Z" changeset="120028347" uid="14727398" user="Nar_ach"/>
  <node id="6050364272" lat="33.9814713" lon="-6.8860822" version="2" timestamp="2022-04-22T05:06:15Z" changeset="120028347" uid="14727398" user="Nar_ach"/>
  <node id="6050364273" lat="33.9812900" lon="-6.8862640" version="2" timestamp="2022-04-22T05:06:15Z" changeset="120028347" uid="14727398" user="Nar_ach"/>
  <node id="6050364274" lat="33.9813985" lon="-6.8864213" version="2" timestamp="2022-04-22T05:06:15Z" changeset="120028347" uid="14727398" user="Nar_ach"/>
  <node id="6050364275" lat="33.9815117" lon="-6.8860076" version="2" timestamp="2022-04-22T05:06:15Z" changeset="120028347" uid="14727398" user="Nar_ach"/>
  <node id="6050364276" lat="33.9813253" lon="-6.8861971" version="2" timestamp="2022-04-22T05:06:15Z" changeset="120028347" uid="14727398" user="Nar_ach"/>
  <node id="6050364277" lat="33.9812432" lon="-6.8860797" version="2" timestamp="2022-04-22T05:06:15Z" changeset="120028347" uid="14727398" user="Nar_ach"/>
  <node id="6050364278" lat="33.9814295" lon="-6.8858901" version="2" timestamp="2022-04-22T05:06:15Z" changeset="120028347" uid="14727398" user="Nar_ach"/>
  <node id="6050364279" lat="33.9817887" lon="-6.8855861" version="2" timestamp="2022-04-22T05:06:15Z" changeset="120028347" uid="14727398" user="Nar_ach"/>
  <node id="6050364280" lat="33.9814846" lon="-6.8858965" version="2" timestamp="2022-04-22T05:06:15Z" changeset="120028347" uid="14727398" user="Nar_ach"/>
  <node id="6050364281" lat="33.9815599" lon="-6.8860038" version="2" timestamp="2022-04-22T05:06:15Z" changeset="120028347" uid="14727398" user="Nar_ach"/>
  <node id="6050364282" lat="33.9815039" lon="-6.8860609" version="2" timestamp="2022-04-22T05:06:15Z" changeset="120028347" uid="14727398" user="Nar_ach"/>
  <node id="6050364283" lat="33.9816421" lon="-6.8862579" version="2" timestamp="2022-04-22T05:06:15Z" changeset="120028347" uid="14727398" user="Nar_ach"/>
  <node id="6050364284" lat="33.9817405" lon="-6.8861575" version="2" timestamp="2022-04-22T05:06:15Z" changeset="120028347" uid="14727398" user="Nar_ach"/>
  <node id="6050364285" lat="33.9816823" lon="-6.8860745" version="2" timestamp="2022-04-22T05:06:15Z" changeset="120028347" uid="14727398" user="Nar_ach"/>
  <node id="6050364286" lat="33.9818854" lon="-6.8858672" version="2" timestamp="2022-04-22T05:06:15Z" changeset="120028347" uid="14727398" user="Nar_ach"/>
  <node id="6050364287" lat="33.9818326" lon="-6.8857920" version="2" timestamp="2022-04-22T05:06:15Z" changeset="120028347" uid="14727398" user="Nar_ach"/>
  <node id="6050364288" lat="33.9818912" lon="-6.8857321" version="2" timestamp="2022-04-22T05:06:15Z" changeset="120028347" uid="14727398" user="Nar_ach"/>
  <node id="6050364289" lat="33.9808721" lon="-6.8849078" version="1" timestamp="2018-11-10T03:14:01Z" changeset="64344158" uid="6726608" user="Joel Navarrete"/>
  <node id="6050364290" lat="33.9810516" lon="-6.8851685" version="1" timestamp="2018-11-10T03:14:01Z" changeset="64344158" uid="6726608" user="Joel Navarrete"/>
  <node id="6050364291" lat="33.9811254" lon="-6.8850946" version="1" timestamp="2018-11-10T03:14:01Z" changeset="64344158" uid="6726608" user="Joel Navarrete"/>
  <node id="6050364292" lat="33.9810971" lon="-6.8850536" version="1" timestamp="2018-11-10T03:14:01Z" changeset="64344158" uid="6726608" user="Joel Navarrete"/>
  <node id="6050364293" lat="33.9812074" lon="-6.8849432" version="1" timestamp="2018-11-10T03:14:01Z" changeset="64344158" uid="6726608" user="Joel Navarrete"/>
  <node id="6050364294" lat="33.9811547" lon="-6.8848667" version="1" timestamp="2018-11-10T03:14:01Z" changeset="64344158" uid="6726608" user="Joel Navarrete"/>
  <node id="6050364295" lat="33.9811999" lon="-6.8848215" version="1" timestamp="2018-11-10T03:14:01Z" changeset="64344158" uid="6726608" user="Joel Navarrete"/>
  <node id="6050364296" lat="33.9811012" lon="-6.8846782" version="1" timestamp="2018-11-10T03:14:01Z" changeset="64344158" uid="6726608" user="Joel Navarrete"/>
  <node id="6050364297" lat="33.9817334" lon="-6.8855276" version="1" timestamp="2018-11-10T03:14:01Z" changeset="64344158" uid="6726608" user="Joel Navarrete"/>
  <node id="6050364298" lat="33.9812997" lon="-6.8859443" version="1" timestamp="2018-11-10T03:14:01Z" changeset="64344158" uid="6726608" user="Joel Navarrete"/>
  <node id="6050364299" lat="33.9812249" lon="-6.8858310" version="1" timestamp="2018-11-10T03:14:01Z" changeset="64344158" uid="6726608" user="Joel Navarrete"/>
  <node id="6050364300" lat="33.9816586" lon="-6.8854143" version="1" timestamp="2018-11-10T03:14:01Z" changeset="64344158" uid="6726608" user="Joel Navarrete"/>
  <node id="6050364301" lat="33.9810854" lon="-6.8852970" version="1" timestamp="2018-11-10T03:14:01Z" changeset="64344158" uid="6726608" user="Joel Navarrete"/>
  <node id="6050364302" lat="33.9812509" lon="-6.8855275" version="1" timestamp="2018-11-10T03:14:01Z" changeset="64344158" uid="6726608" user="Joel Navarrete"/>
  <node id="6050364303" lat="33.9811636" lon="-6.8856187" version="1" timestamp="2018-11-10T03:14:01Z" changeset="64344158" uid="6726608" user="Joel Navarrete"/>
  <node id="6050364304" lat="33.9812227" lon="-6.8857011" version="1" timestamp="2018-11-10T03:14:01Z" changeset="64344158" uid="6726608" user="Joel Navarrete"/>
  <node id="6050364305" lat="33.9811473" lon="-6.8857798" version="1" timestamp="2018-11-10T03:14:01Z" changeset="64344158" uid="6726608" user="Joel Navarrete"/>
  <node id="6050364306" lat="33.9809226" lon="-6.8854669" version="1" timestamp="2018-11-10T03:14:01Z" changeset="64344158" uid="6726608" user="Joel Navarrete"/>
  <node id="6050364307" lat="33.9811728" lon="-6.8853652" version="1" timestamp="2018-11-10T03:14:01Z" changeset="64344158" uid="6726608" user="Joel Navarrete"/>
  <node id="6050364308" lat="33.9812850" lon="-6.8855352" version="1" timestamp="2018-11-10T03:14:01Z" changeset="64344158" uid="6726608" user="Joel Navarrete"/>
  <node id="6050364309" lat="33.9811871" lon="-6.8856292" version="1" timestamp="2018-11-10T03:14:01Z" changeset="64344158" uid="6726608" user="Joel Navarrete"/>
  <node id="6050364310" lat="33.9812673" lon="-6.8857507" version="1" timestamp="2018-11-10T03:14:01Z" changeset="64344158" uid="6726608" user="Joel Navarrete"/>
  <node id="6050364311" lat="33.9815828" lon="-6.8854479" version="1" timestamp="2018-11-10T03:14:01Z" changeset="64344158" uid="6726608" user="Joel Navarrete"/>
  <node id="6050364312" lat="33.9815306" lon="-6.8853689" version="1" timestamp="2018-11-10T03:14:01Z" changeset="64344158" uid="6726608" user="Joel Navarrete"/>
  <node id="6050364313" lat="33.9815866" lon="-6.8853151" version="1" timestamp="2018-11-10T03:14:01Z" changeset="64344158" uid="6726608" user="Joel Navarrete"/>
  <node id="6050364314" lat="33.9814464" lon="-6.8851026" version="1" timestamp="2018-11-10T03:14:02Z" changeset="64344158" uid="6726608" user="Joel Navarrete"/>
  <node id="6050364315" lat="33.9806567" lon="-6.8850771" version="1" timestamp="2018-11-10T03:14:02Z" changeset="64344158" uid="6726608" user="Joel Navarrete"/>
  <node id="6050364316" lat="33.9808566" lon="-6.8853765" version="1" timestamp="2018-11-10T03:14:02Z" changeset="64344158" uid="6726608" user="Joel Navarrete"/>
  <node id="6050364317" lat="33.9809213" lon="-6.8853136" version="1" timestamp="2018-11-10T03:14:02Z" changeset="64344158" uid="6726608" user="Joel Navarrete"/>
  <node id="6050364318" lat="33.9809627" lon="-6.8853756" version="1" timestamp="2018-11-10T03:14:02Z" changeset="64344158" uid="6726608" user="Joel Navarrete"/>
  <node id="6050364319" lat="33.9810787" lon="-6.8852631" version="1" timestamp="2018-11-10T03:14:02Z" changeset="64344158" uid="6726608" user="Joel Navarrete"/>
  <node id="6050364320" lat="33.9808375" lon="-6.8849016" version="1" timestamp="2018-11-10T03:14:02Z" changeset="64344158" uid="6726608" user="Joel Navarrete"/>
  <node id="6050364321" lat="33.9815633" lon="-6.8869212" version="1" timestamp="2018-11-10T03:14:02Z" changeset="64344158" uid="6726608" user="Joel Navarrete"/>
  <node id="6050364322" lat="33.9813579" lon="-6.8870884" version="1" timestamp="2018-11-10T03:14:02Z" changeset="64344158" uid="6726608" user="Joel Navarrete"/>
  <node id="6050364323" lat="33.9810952" lon="-6.8866193" version="1" timestamp="2018-11-10T03:14:02Z" changeset="64344158" uid="6726608" user="Joel Navarrete"/>
  <node id="6050364324" lat="33.9813006" lon="-6.8864521" version="1" timestamp="2018-11-10T03:14:02Z" changeset="64344158" uid="6726608" user="Joel Navarrete"/>
  <node id="6050364325" lat="33.9813234" lon="-6.8871248" version="1" timestamp="2018-11-10T03:14:02Z" changeset="64344158" uid="6726608" user="Joel Navarrete"/>
  <node id="6050364326" lat="33.9811222" lon="-6.8873017" version="1" timestamp="2018-11-10T03:14:02Z" changeset="64344158" uid="6726608" user="Joel Navarrete"/>
  <node id="6050364327" lat="33.9808491" lon="-6.8868498" version="1" timestamp="2018-11-10T03:14:02Z" changeset="64344158" uid="6726608" user="Joel Navarrete"/>
  <node id="6050364328" lat="33.9810504" lon="-6.8866729" version="1" timestamp="2018-11-10T03:14:02Z" changeset="64344158" uid="6726608" user="Joel Navarrete"/>
  <node id="6050364329" lat="33.9812800" lon="-6.8864333" version="1" timestamp="2018-11-10T03:14:02Z" changeset="64344158" uid="6726608" user="Joel Navarrete"/>
  <node id="6050364330" lat="33.9810350" lon="-6.8866400" version="1" timestamp="2018-11-10T03:14:02Z" changeset="64344158" uid="6726608" user="Joel Navarrete"/>
  <node id="6050364331" lat="33.9809353" lon="-6.8864680" version="1" timestamp="2018-11-10T03:14:02Z" changeset="64344158" uid="6726608" user="Joel Navarrete"/>
  <node id="6050364332" lat="33.9811802" lon="-6.8862614" version="1" timestamp="2018-11-10T03:14:02Z" changeset="64344158" uid="6726608" user="Joel Navarrete"/>
  <node id="6050364333" lat="33.9810813" lon="-6.8873311" version="1" timestamp="2018-11-10T03:14:02Z" changeset="64344158" uid="6726608" user="Joel Navarrete"/>
  <node id="6050364334" lat="33.9807131" lon="-6.8876469" version="1" timestamp="2018-11-10T03:14:02Z" changeset="64344158" uid="6726608" user="Joel Navarrete"/>
  <node id="6050364335" lat="33.9805675" lon="-6.8874002" version="1" timestamp="2018-11-10T03:14:02Z" changeset="64344158" uid="6726608" user="Joel Navarrete"/>
  <node id="6050364336" lat="33.9809358" lon="-6.8870844" version="1" timestamp="2018-11-10T03:14:02Z" changeset="64344158" uid="6726608" user="Joel Navarrete"/>
  <node id="6050364337" lat="33.9805653" lon="-6.8866445" version="1" timestamp="2018-11-10T03:14:02Z" changeset="64344158" uid="6726608" user="Joel Navarrete"/>
  <node id="6050364338" lat="33.9806359" lon="-6.8867693" version="1" timestamp="2018-11-10T03:14:02Z" changeset="64344158" uid="6726608" user="Joel Navarrete"/>
  <node id="6050364339" lat="33.9805983" lon="-6.8868002" version="1" timestamp="2018-11-10T03:14:02Z" changeset="64344158" uid="6726608" user="Joel Navarrete"/>
  <node id="6050364340" lat="33.9807128" lon="-6.8870145" version="1" timestamp="2018-11-10T03:14:02Z" changeset="64344158" uid="6726608" user="Joel Navarrete"/>
  <node id="6050364341" lat="33.9806876" lon="-6.8870427" version="1" timestamp="2018-11-10T03:14:02Z" changeset="64344158" uid="6726608" user="Joel Navarrete"/>
  <node id="6050364342" lat="33.9807499" lon="-6.8871530" version="1" timestamp="2018-11-10T03:14:02Z" changeset="64344158" uid="6726608" user="Joel Navarrete"/>
  <node id="6050364343" lat="33.9806184" lon="-6.8872610" version="1" timestamp="2018-11-10T03:14:02Z" changeset="64344158" uid="6726608" user="Joel Navarrete"/>
  <node id="6050364344" lat="33.9803636" lon="-6.8868102" version="1" timestamp="2018-11-10T03:14:02Z" changeset="64344158" uid="6726608" user="Joel Navarrete"/>
  <node id="6050364345" lat="33.9809978" lon="-6.8866358" version="2" timestamp="2019-09-03T14:43:29Z" changeset="74045544" uid="9535306" user="Ialomita"/>
  <node id="6050364346" lat="33.9807514" lon="-6.8868554" version="2" timestamp="2019-09-03T14:43:29Z" changeset="74045544" uid="9535306" user="Ialomita"/>
  <node id="6050364347" lat="33.9806474" lon="-6.8866857" version="2" timestamp="2019-09-03T14:43:29Z" changeset="74045544" uid="9535306" user="Ialomita"/>
  <node id="6050364348" lat="33.9808938" lon="-6.8864661" version="2" timestamp="2019-09-03T14:43:29Z" changeset="74045544" uid="9535306" user="Ialomita"/>
  <node id="6050364349" lat="33.9808762" lon="-6.8870262" version="1" timestamp="2018-11-10T03:14:02Z" changeset="64344158" uid="6726608" user="Joel Navarrete"/>
  <node id="6050364350" lat="33.9807716" lon="-6.8871151" version="1" timestamp="2018-11-10T03:14:02Z" changeset="64344158" uid="6726608" user="Joel Navarrete"/>
  <node id="6050364351" lat="33.9808174" lon="-6.8869256" version="1" timestamp="2018-11-10T03:14:02Z" changeset="64344158" uid="6726608" user="Joel Navarrete"/>
  <node id="6050364352" lat="33.9806295" lon="-6.8877280" version="2" timestamp="2022-04-13T07:47:02Z" changeset="119653603" uid="13196788" user="Can_Yon"/>
  <node id="6050364353" lat="33.9803654" lon="-6.8879564" version="2" timestamp="2022-04-13T07:47:02Z" changeset="119653603" uid="13196788" user="Can_Yon"/>
  <node id="6050364354" lat="33.9800980" lon="-6.8875066" version="2" timestamp="2022-04-13T07:47:02Z" changeset="119653603" uid="13196788" user="Can_Yon"/>
  <node id="6050364355" lat="33.9802296" lon="-6.8873927" version="2" timestamp="2022-04-13T07:47:02Z" changeset="119653603" uid="13196788" user="Can_Yon"/>
  <node id="6050364356" lat="33.9803468" lon="-6.8875899" version="2" timestamp="2022-04-13T07:47:02Z" changeset="119653603" uid="13196788" user="Can_Yon"/>
  <node id="6050364357" lat="33.9804793" lon="-6.8874753" version="2" timestamp="2022-04-13T07:47:02Z" changeset="119653603" uid="13196788" user="Can_Yon"/>
  <node id="6050364358" lat="33.9805776" lon="-6.8873224" version="2" timestamp="2019-09-03T14:43:29Z" changeset="74045544" uid="9535306" user="Ialomita"/>
  <node id="6050364359" lat="33.9803907" lon="-6.8874816" version="2" timestamp="2019-09-03T14:43:29Z" changeset="74045544" uid="9535306" user="Ialomita"/>
  <node id="6050364360" lat="33.9802452" lon="-6.8872331" version="2" timestamp="2019-09-03T14:43:29Z" changeset="74045544" uid="9535306" user="Ialomita"/>
  <node id="6050364361" lat="33.9802018" lon="-6.8872701" version="2" timestamp="2019-09-03T14:43:29Z" changeset="74045544" uid="9535306" user="Ialomita"/>
  <node id="6050364362" lat="33.9801342" lon="-6.8871546" version="2" timestamp="2019-09-03T14:43:29Z" changeset="74045544" uid="9535306" user="Ialomita"/>
  <node id="6050364363" lat="33.9802639" lon="-6.8870441" version="2" timestamp="2019-09-03T14:43:29Z" changeset="74045544" uid="9535306" user="Ialomita"/>
  <node id="6050364364" lat="33.9802329" lon="-6.8869911" version="2" timestamp="2019-09-03T14:43:29Z" changeset="74045544" uid="9535306" user="Ialomita"/>
  <node id="6050364365" lat="33.9803335" lon="-6.8869055" version="2" timestamp="2019-09-03T14:43:29Z" changeset="74045544" uid="9535306" user="Ialomita"/>
  <node id="6050364366" lat="33.9810019" lon="-6.8859716" version="3" timestamp="2019-09-03T15:54:44Z" changeset="74048760" uid="9535306" user="Ialomita"/>
  <node id="6050364367" lat="33.9805401" lon="-6.8863300" version="3" timestamp="2019-09-03T15:54:44Z" changeset="74048760" uid="9535306" user="Ialomita"/>
  <node id="6050364368" lat="33.9806507" lon="-6.8865373" version="3" timestamp="2019-09-03T15:54:44Z" changeset="74048760" uid="9535306" user="Ialomita"/>
  <node id="6050364369" lat="33.9811125" lon="-6.8861790" version="3" timestamp="2019-09-03T15:54:44Z" changeset="74048760" uid="9535306" user="Ialomita"/>
  <node id="6050364370" lat="33.9809605" lon="-6.8858723" version="2" timestamp="2019-09-03T14:45:56Z" changeset="74045658" uid="9535306" user="Ialomita"/>
  <node id="6050364371" lat="33.9807981" lon="-6.8860312" version="2" timestamp="2019-09-03T14:45:56Z" changeset="74045658" uid="9535306" user="Ialomita"/>
  <node id="6050364372" lat="33.9805744" lon="-6.8856913" version="2" timestamp="2019-09-03T14:45:56Z" changeset="74045658" uid="9535306" user="Ialomita"/>
  <node id="6050364373" lat="33.9807399" lon="-6.8855065" version="2" timestamp="2019-09-03T14:45:56Z" changeset="74045658" uid="9535306" user="Ialomita"/>
  <node id="6050364374" lat="33.9806920" lon="-6.8854707" version="1" timestamp="2018-11-10T03:14:02Z" changeset="64344158" uid="6726608" user="Joel Navarrete"/>
  <node id="6050364375" lat="33.9803271" lon="-6.8857793" version="1" timestamp="2018-11-10T03:14:02Z" changeset="64344158" uid="6726608" user="Joel Navarrete"/>
  <node id="6050364376" lat="33.9801803" lon="-6.8855269" version="1" timestamp="2018-11-10T03:14:02Z" changeset="64344158" uid="6726608" user="Joel Navarrete"/>
  <node id="6050364377" lat="33.9805452" lon="-6.8852183" version="1" timestamp="2018-11-10T03:14:02Z" changeset="64344158" uid="6726608" user="Joel Navarrete"/>
  <node id="6050364378" lat="33.9806399" lon="-6.8859103" version="2" timestamp="2019-09-03T14:43:29Z" changeset="74045544" uid="9535306" user="Ialomita"/>
  <node id="6050364379" lat="33.9804320" lon="-6.8860890" version="2" timestamp="2019-09-03T14:43:29Z" changeset="74045544" uid="9535306" user="Ialomita"/>
  <node id="6050364380" lat="33.9803138" lon="-6.8858890" version="2" timestamp="2019-09-03T14:43:29Z" changeset="74045544" uid="9535306" user="Ialomita"/>
  <node id="6050364381" lat="33.9805216" lon="-6.8857103" version="2" timestamp="2019-09-03T14:43:29Z" changeset="74045544" uid="9535306" user="Ialomita"/>
  <node id="6050364382" lat="33.9807434" lon="-6.8860552" version="1" timestamp="2018-11-10T03:14:03Z" changeset="64344158" uid="6726608" user="Joel Navarrete"/>
  <node id="6050364383" lat="33.9805142" lon="-6.8862595" version="1" timestamp="2018-11-10T03:14:03Z" changeset="64344158" uid="6726608" user="Joel Navarrete"/>
  <node id="6050364384" lat="33.9804243" lon="-6.8861128" version="1" timestamp="2018-11-10T03:14:03Z" changeset="64344158" uid="6726608" user="Joel Navarrete"/>
  <node id="6050364385" lat="33.9806535" lon="-6.8859085" version="1" timestamp="2018-11-10T03:14:03Z" changeset="64344158" uid="6726608" user="Joel Navarrete"/>
  <node id="6050364386" lat="33.9803113" lon="-6.8860542" version="1" timestamp="2018-11-10T03:14:03Z" changeset="64344158" uid="6726608" user="Joel Navarrete"/>
  <node id="6050364387" lat="33.9801215" lon="-6.8862135" version="1" timestamp="2018-11-10T03:14:03Z" changeset="64344158" uid="6726608" user="Joel Navarrete"/>
  <node id="6050364388" lat="33.9799871" lon="-6.8859807" version="1" timestamp="2018-11-10T03:14:03Z" changeset="64344158" uid="6726608" user="Joel Navarrete"/>
  <node id="6050364389" lat="33.9801769" lon="-6.8858214" version="1" timestamp="2018-11-10T03:14:03Z" changeset="64344158" uid="6726608" user="Joel Navarrete"/>
  <node id="6050364390" lat="33.9803255" lon="-6.8861226" version="2" timestamp="2019-09-03T14:47:07Z" changeset="74045716" uid="9535306" user="Ialomita"/>
  <node id="6050364391" lat="33.9805794" lon="-6.8865379" version="2" timestamp="2019-09-03T14:47:07Z" changeset="74045716" uid="9535306" user="Ialomita"/>
  <node id="6050364392" lat="33.9803920" lon="-6.8867046" version="2" timestamp="2019-09-03T14:47:07Z" changeset="74045716" uid="9535306" user="Ialomita"/>
  <node id="6050364393" lat="33.9801380" lon="-6.8862893" version="2" timestamp="2019-09-03T14:47:07Z" changeset="74045716" uid="9535306" user="Ialomita"/>
  <node id="6050364394" lat="33.9801525" lon="-6.8857304" version="1" timestamp="2018-11-10T03:14:03Z" changeset="64344158" uid="6726608" user="Joel Navarrete"/>
  <node id="6050364395" lat="33.9799241" lon="-6.8859104" version="1" timestamp="2018-11-10T03:14:03Z" changeset="64344158" uid="6726608" user="Joel Navarrete"/>
  <node id="6050364396" lat="33.9801008" lon="-6.8862366" version="1" timestamp="2018-11-10T03:14:03Z" changeset="64344158" uid="6726608" user="Joel Navarrete"/>
  <node id="6050364397" lat="33.9800040" lon="-6.8863129" version="1" timestamp="2018-11-10T03:14:03Z" changeset="64344158" uid="6726608" user="Joel Navarrete"/>
  <node id="6050364398" lat="33.9797413" lon="-6.8857936" version="2" timestamp="2019-07-24T06:14:40Z" changeset="72585223" uid="8793994" user="pinky_16"/>
  <node id="6050364399" lat="33.9800493" lon="-6.8855399" version="1" timestamp="2018-11-10T03:14:03Z" changeset="64344158" uid="6726608" user="Joel Navarrete"/>
  <node id="6050364400" lat="33.9802217" lon="-6.8867728" version="3" timestamp="2022-04-13T08:05:19Z" changeset="119654416" uid="13196788" user="Can_Yon"/>
  <node id="6050364401" lat="33.9799624" lon="-6.8867238" version="3" timestamp="2022-04-13T08:05:19Z" changeset="119654416" uid="13196788" user="Can_Yon"/>
  <node id="6050364402" lat="33.9800050" lon="-6.8863961" version="3" timestamp="2022-04-13T08:05:19Z" changeset="119654416" uid="13196788" user="Can_Yon"/>
  <node id="6050364403" lat="33.9801260" lon="-6.8864190" version="3" timestamp="2022-04-13T08:05:19Z" changeset="119654416" uid="13196788" user="Can_Yon"/>
  <node id="6050364404" lat="33.9801150" lon="-6.8865040" version="3" timestamp="2022-04-13T08:05:19Z" changeset="119654416" uid="13196788" user="Can_Yon"/>
  <node id="6050364405" lat="33.9801935" lon="-6.8865188" version="3" timestamp="2022-04-13T08:05:19Z" changeset="119654416" uid="13196788" user="Can_Yon"/>
  <node id="6050364406" lat="33.9801742" lon="-6.8866670" version="3" timestamp="2022-04-13T08:05:19Z" changeset="119654416" uid="13196788" user="Can_Yon"/>
  <node id="6050364407" lat="33.9802340" lon="-6.8866783" version="3" timestamp="2022-04-13T08:05:19Z" changeset="119654416" uid="13196788" user="Can_Yon"/>
  <node id="6050364408" lat="33.9798894" lon="-6.8866411" version="2" timestamp="2022-04-13T08:05:19Z" changeset="119654416" uid="13196788" user="Can_Yon"/>
  <node id="6050364409" lat="33.9797185" lon="-6.8865935" version="2" timestamp="2022-04-13T08:05:19Z" changeset="119654416" uid="13196788" user="Can_Yon"/>
  <node id="6050364410" lat="33.9797966" lon="-6.8861854" version="2" timestamp="2022-04-13T08:05:19Z" changeset="119654416" uid="13196788" user="Can_Yon"/>
  <node id="6050364411" lat="33.9798879" lon="-6.8862108" version="2" timestamp="2022-04-13T08:05:19Z" changeset="119654416" uid="13196788" user="Can_Yon"/>
  <node id="6050364412" lat="33.9798607" lon="-6.8863533" version="2" timestamp="2022-04-13T08:05:19Z" changeset="119654416" uid="13196788" user="Can_Yon"/>
  <node id="6050364413" lat="33.9799402" lon="-6.8863755" version="2" timestamp="2022-04-13T08:05:19Z" changeset="119654416" uid="13196788" user="Can_Yon"/>
  <node id="6050364414" lat="33.9796537" lon="-6.8865572" version="2" timestamp="2019-09-03T14:43:29Z" changeset="74045544" uid="9535306" user="Ialomita"/>
  <node id="6050364415" lat="33.9794355" lon="-6.8864808" version="2" timestamp="2019-09-03T14:43:29Z" changeset="74045544" uid="9535306" user="Ialomita"/>
  <node id="6050364416" lat="33.9795383" lon="-6.8860534" version="2" timestamp="2019-09-03T14:43:29Z" changeset="74045544" uid="9535306" user="Ialomita"/>
  <node id="6050364417" lat="33.9795800" lon="-6.8860679" version="2" timestamp="2019-09-03T14:43:29Z" changeset="74045544" uid="9535306" user="Ialomita"/>
  <node id="6050364418" lat="33.9796038" lon="-6.8859689" version="2" timestamp="2019-09-03T14:43:29Z" changeset="74045544" uid="9535306" user="Ialomita"/>
  <node id="6050364419" lat="33.9797804" lon="-6.8860307" version="2" timestamp="2019-09-03T14:43:29Z" changeset="74045544" uid="9535306" user="Ialomita"/>
  <node id="6050364420" lat="33.9796235" lon="-6.8866410" version="2" timestamp="2022-04-13T08:05:19Z" changeset="119654416" uid="13196788" user="Can_Yon"/>
  <node id="6050364421" lat="33.9795341" lon="-6.8870556" version="2" timestamp="2022-04-13T08:05:19Z" changeset="119654416" uid="13196788" user="Can_Yon"/>
  <node id="6050364422" lat="33.9797559" lon="-6.8871252" version="2" timestamp="2022-04-13T08:05:19Z" changeset="119654416" uid="13196788" user="Can_Yon"/>
  <node id="6050364423" lat="33.9798454" lon="-6.8867106" version="2" timestamp="2022-04-13T08:05:19Z" changeset="119654416" uid="13196788" user="Can_Yon"/>
  <node id="6050364424" lat="33.9801352" lon="-6.8868345" version="1" timestamp="2018-11-10T03:14:03Z" changeset="64344158" uid="6726608" user="Joel Navarrete"/>
  <node id="6050364425" lat="33.9801629" lon="-6.8870699" version="2" timestamp="2019-09-03T12:43:25Z" changeset="74039320" uid="9535306" user="Ialomita"/>
  <node id="6050364426" lat="33.9799770" lon="-6.8872684" version="1" timestamp="2018-11-10T03:14:03Z" changeset="64344158" uid="6726608" user="Joel Navarrete"/>
  <node id="6050364427" lat="33.9798887" lon="-6.8872392" version="2" timestamp="2019-07-24T06:15:30Z" changeset="72585249" uid="8793994" user="pinky_16"/>
  <node id="6050364428" lat="33.9798776" lon="-6.8871302" version="1" timestamp="2018-11-10T03:14:03Z" changeset="64344158" uid="6726608" user="Joel Navarrete"/>
  <node id="6050364429" lat="33.9798182" lon="-6.8871123" version="1" timestamp="2018-11-10T03:14:03Z" changeset="64344158" uid="6726608" user="Joel Navarrete"/>
  <node id="6050364430" lat="33.9798909" lon="-6.8867610" version="1" timestamp="2018-11-10T03:14:03Z" changeset="64344158" uid="6726608" user="Joel Navarrete"/>
  <node id="6050364431" lat="33.9795908" lon="-6.8866261" version="1" timestamp="2018-11-10T03:14:03Z" changeset="64344158" uid="6726608" user="Joel Navarrete"/>
  <node id="6050364432" lat="33.9793553" lon="-6.8865575" version="1" timestamp="2018-11-10T03:14:03Z" changeset="64344158" uid="6726608" user="Joel Navarrete"/>
  <node id="6050364433" lat="33.9792788" lon="-6.8869394" version="1" timestamp="2018-11-10T03:14:03Z" changeset="64344158" uid="6726608" user="Joel Navarrete"/>
  <node id="6050364434" lat="33.9795143" lon="-6.8870080" version="1" timestamp="2018-11-10T03:14:03Z" changeset="64344158" uid="6726608" user="Joel Navarrete"/>
  <node id="6050364435" lat="33.9793406" lon="-6.8863464" version="2" timestamp="2019-09-03T14:43:29Z" changeset="74045544" uid="9535306" user="Ialomita"/>
  <node id="6050364436" lat="33.9791284" lon="-6.8862798" version="2" timestamp="2019-09-03T14:43:29Z" changeset="74045544" uid="9535306" user="Ialomita"/>
  <node id="6050364437" lat="33.9790068" lon="-6.8868431" version="2" timestamp="2019-09-03T14:43:29Z" changeset="74045544" uid="9535306" user="Ialomita"/>
  <node id="6050364438" lat="33.9792191" lon="-6.8869097" version="2" timestamp="2019-09-03T14:43:29Z" changeset="74045544" uid="9535306" user="Ialomita"/>
  <node id="6050364439" lat="33.9789134" lon="-6.8868126" version="1" timestamp="2018-11-10T03:14:03Z" changeset="64344158" uid="6726608" user="Joel Navarrete"/>
  <node id="6050364440" lat="33.9788100" lon="-6.8867820" version="1" timestamp="2018-11-10T03:14:03Z" changeset="64344158" uid="6726608" user="Joel Navarrete"/>
  <node id="6050364441" lat="33.9788623" lon="-6.8865252" version="1" timestamp="2018-11-10T03:14:03Z" changeset="64344158" uid="6726608" user="Joel Navarrete"/>
  <node id="6050364442" lat="33.9787273" lon="-6.8864853" version="1" timestamp="2018-11-10T03:14:03Z" changeset="64344158" uid="6726608" user="Joel Navarrete"/>
  <node id="6050364443" lat="33.9786748" lon="-6.8867434" version="1" timestamp="2018-11-10T03:14:03Z" changeset="64344158" uid="6726608" user="Joel Navarrete"/>
  <node id="6050364444" lat="33.9785330" lon="-6.8867015" version="1" timestamp="2018-11-10T03:14:03Z" changeset="64344158" uid="6726608" user="Joel Navarrete"/>
  <node id="6050364445" lat="33.9786428" lon="-6.8861618" version="1" timestamp="2018-11-10T03:14:03Z" changeset="64344158" uid="6726608" user="Joel Navarrete"/>
  <node id="6050364446" lat="33.9790230" lon="-6.8862743" version="1" timestamp="2018-11-10T03:14:03Z" changeset="64344158" uid="6726608" user="Joel Navarrete"/>
  <node id="6050364447" lat="33.9799678" lon="-6.8854746" version="1" timestamp="2018-11-10T03:14:03Z" changeset="64344158" uid="6726608" user="Joel Navarrete"/>
  <node id="6050364448" lat="33.9796406" lon="-6.8857554" version="1" timestamp="2018-11-10T03:14:04Z" changeset="64344158" uid="6726608" user="Joel Navarrete"/>
  <node id="6050364449" lat="33.9795139" lon="-6.8855405" version="1" timestamp="2018-11-10T03:14:04Z" changeset="64344158" uid="6726608" user="Joel Navarrete"/>
  <node id="6050364450" lat="33.9798410" lon="-6.8852597" version="1" timestamp="2018-11-10T03:14:04Z" changeset="64344158" uid="6726608" user="Joel Navarrete"/>
  <node id="6050364451" lat="33.9795736" lon="-6.8858049" version="1" timestamp="2018-11-10T03:14:04Z" changeset="64344158" uid="6726608" user="Joel Navarrete"/>
  <node id="6050364452" lat="33.9795317" lon="-6.8858408" version="1" timestamp="2018-11-10T03:14:04Z" changeset="64344158" uid="6726608" user="Joel Navarrete"/>
  <node id="6050364453" lat="33.9795679" lon="-6.8859024" version="1" timestamp="2018-11-10T03:14:04Z" changeset="64344158" uid="6726608" user="Joel Navarrete"/>
  <node id="6050364454" lat="33.9792136" lon="-6.8861916" version="2" timestamp="2019-07-24T06:13:32Z" changeset="72585196" uid="8793994" user="pinky_16"/>
  <node id="6050364455" lat="33.9791278" lon="-6.8860575" version="1" timestamp="2018-11-10T03:14:04Z" changeset="64344158" uid="6726608" user="Joel Navarrete"/>
  <node id="6050364456" lat="33.9792432" lon="-6.8859586" version="1" timestamp="2018-11-10T03:14:04Z" changeset="64344158" uid="6726608" user="Joel Navarrete"/>
  <node id="6050364457" lat="33.9791787" lon="-6.8858492" version="1" timestamp="2018-11-10T03:14:04Z" changeset="64344158" uid="6726608" user="Joel Navarrete"/>
  <node id="6050364458" lat="33.9794585" lon="-6.8856095" version="1" timestamp="2018-11-10T03:14:04Z" changeset="64344158" uid="6726608" user="Joel Navarrete"/>
  <node id="6050364459" lat="33.9790669" lon="-6.8862015" version="1" timestamp="2018-11-10T03:14:04Z" changeset="64344158" uid="6726608" user="Joel Navarrete"/>
  <node id="6050364460" lat="33.9788560" lon="-6.8861214" version="1" timestamp="2018-11-10T03:14:04Z" changeset="64344158" uid="6726608" user="Joel Navarrete"/>
  <node id="6050364461" lat="33.9789347" lon="-6.8858202" version="1" timestamp="2018-11-10T03:14:04Z" changeset="64344158" uid="6726608" user="Joel Navarrete"/>
  <node id="6050364462" lat="33.9791456" lon="-6.8859003" version="1" timestamp="2018-11-10T03:14:04Z" changeset="64344158" uid="6726608" user="Joel Navarrete"/>
  <node id="6050364463" lat="33.9797711" lon="-6.8851818" version="1" timestamp="2018-11-10T03:14:04Z" changeset="64344158" uid="6726608" user="Joel Navarrete"/>
  <node id="6050364464" lat="33.9795886" lon="-6.8853372" version="1" timestamp="2018-11-10T03:14:04Z" changeset="64344158" uid="6726608" user="Joel Navarrete"/>
  <node id="6050364465" lat="33.9794124" lon="-6.8850364" version="1" timestamp="2018-11-10T03:14:04Z" changeset="64344158" uid="6726608" user="Joel Navarrete"/>
  <node id="6050364466" lat="33.9793160" lon="-6.8851135" version="2" timestamp="2023-05-21T06:20:42Z" changeset="136360083" uid="454932" user="Cyrille37"/>
  <node id="6050364467" lat="33.9792293" lon="-6.8849726" version="2" timestamp="2023-05-21T06:20:42Z" changeset="136360083" uid="454932" user="Cyrille37"/>
  <node id="6050364468" lat="33.9795026" lon="-6.8847234" version="1" timestamp="2018-11-10T03:14:04Z" changeset="64344158" uid="6726608" user="Joel Navarrete"/>
  <node id="6050364469" lat="33.9794387" lon="-6.8846181" version="1" timestamp="2018-11-10T03:14:04Z" changeset="64344158" uid="6726608" user="Joel Navarrete"/>
  <node id="6050364470" lat="33.9793483" lon="-6.8846917" version="1" timestamp="2018-11-10T03:14:04Z" changeset="64344158" uid="6726608" user="Joel Navarrete"/>
  <node id="6050364471" lat="33.9793827" lon="-6.8847530" version="1" timestamp="2018-11-10T03:14:04Z" changeset="64344158" uid="6726608" user="Joel Navarrete"/>
  <node id="6050364472" lat="33.9792434" lon="-6.8848666" version="1" timestamp="2018-11-10T03:14:04Z" changeset="64344158" uid="6726608" user="Joel Navarrete"/>
  <node id="6050364473" lat="33.9791508" lon="-6.8847014" version="1" timestamp="2018-11-10T03:14:04Z" changeset="64344158" uid="6726608" user="Joel Navarrete"/>
  <node id="6050364474" lat="33.9792693" lon="-6.8846048" version="1" timestamp="2018-11-10T03:14:04Z" changeset="64344158" uid="6726608" user="Joel Navarrete"/>
  <node id="6050364475" lat="33.9792179" lon="-6.8845131" version="1" timestamp="2018-11-10T03:14:04Z" changeset="64344158" uid="6726608" user="Joel Navarrete"/>
  <node id="6050364476" lat="33.9793291" lon="-6.8844225" version="1" timestamp="2018-11-10T03:14:04Z" changeset="64344158" uid="6726608" user="Joel Navarrete"/>
  <node id="6050364477" lat="33.9795340" lon="-6.8853911" version="1" timestamp="2018-11-10T03:14:04Z" changeset="64344158" uid="6726608" user="Joel Navarrete"/>
  <node id="6050364478" lat="33.9793115" lon="-6.8855954" version="1" timestamp="2018-11-10T03:14:04Z" changeset="64344158" uid="6726608" user="Joel Navarrete"/>
  <node id="6050364479" lat="33.9790678" lon="-6.8852094" version="1" timestamp="2018-11-10T03:14:04Z" changeset="64344158" uid="6726608" user="Joel Navarrete"/>
  <node id="6050364480" lat="33.9792106" lon="-6.8850782" version="1" timestamp="2018-11-10T03:14:04Z" changeset="64344158" uid="6726608" user="Joel Navarrete"/>
  <node id="6050364481" lat="33.9792882" lon="-6.8852011" version="1" timestamp="2018-11-10T03:14:04Z" changeset="64344158" uid="6726608" user="Joel Navarrete"/>
  <node id="6050364482" lat="33.9793678" lon="-6.8851279" version="1" timestamp="2018-11-10T03:14:04Z" changeset="64344158" uid="6726608" user="Joel Navarrete"/>
  <node id="6050364483" lat="33.9792782" lon="-6.8856317" version="1" timestamp="2018-11-10T03:14:04Z" changeset="64344158" uid="6726608" user="Joel Navarrete"/>
  <node id="6050364484" lat="33.9791296" lon="-6.8857645" version="1" timestamp="2018-11-10T03:14:04Z" changeset="64344158" uid="6726608" user="Joel Navarrete"/>
  <node id="6050364485" lat="33.9790098" lon="-6.8855694" version="1" timestamp="2018-11-10T03:14:04Z" changeset="64344158" uid="6726608" user="Joel Navarrete"/>
  <node id="6050364486" lat="33.9789554" lon="-6.8856180" version="1" timestamp="2018-11-10T03:14:04Z" changeset="64344158" uid="6726608" user="Joel Navarrete"/>
  <node id="6050364487" lat="33.9788610" lon="-6.8854644" version="1" timestamp="2018-11-10T03:14:04Z" changeset="64344158" uid="6726608" user="Joel Navarrete"/>
  <node id="6050364488" lat="33.9790640" lon="-6.8852830" version="1" timestamp="2018-11-10T03:14:04Z" changeset="64344158" uid="6726608" user="Joel Navarrete"/>
  <node id="6050364489" lat="33.9789441" lon="-6.8852511" version="1" timestamp="2018-11-10T03:14:04Z" changeset="64344158" uid="6726608" user="Joel Navarrete"/>
  <node id="6050364490" lat="33.9791953" lon="-6.8848854" version="1" timestamp="2018-11-10T03:14:04Z" changeset="64344158" uid="6726608" user="Joel Navarrete"/>
  <node id="6050364491" lat="33.9791208" lon="-6.8847694" version="1" timestamp="2018-11-10T03:14:04Z" changeset="64344158" uid="6726608" user="Joel Navarrete"/>
  <node id="6050364492" lat="33.9788527" lon="-6.8851599" version="1" timestamp="2018-11-10T03:14:04Z" changeset="64344158" uid="6726608" user="Joel Navarrete"/>
  <node id="6050364493" lat="33.9789173" lon="-6.8852924" version="1" timestamp="2018-11-10T03:14:04Z" changeset="64344158" uid="6726608" user="Joel Navarrete"/>
  <node id="6050364494" lat="33.9787122" lon="-6.8856011" version="1" timestamp="2018-11-10T03:14:04Z" changeset="64344158" uid="6726608" user="Joel Navarrete"/>
  <node id="6050364495" lat="33.9786101" lon="-6.8855025" version="1" timestamp="2018-11-10T03:14:04Z" changeset="64344158" uid="6726608" user="Joel Navarrete"/>
  <node id="6050364496" lat="33.9788151" lon="-6.8851937" version="1" timestamp="2018-11-10T03:14:04Z" changeset="64344158" uid="6726608" user="Joel Navarrete"/>
  <node id="6050364497" lat="33.9790639" lon="-6.8847890" version="1" timestamp="2018-11-10T03:14:04Z" changeset="64344158" uid="6726608" user="Joel Navarrete"/>
  <node id="6050364498" lat="33.9785407" lon="-6.8853973" version="1" timestamp="2018-11-10T03:14:04Z" changeset="64344158" uid="6726608" user="Joel Navarrete"/>
  <node id="6050364499" lat="33.9783797" lon="-6.8851959" version="1" timestamp="2018-11-10T03:14:04Z" changeset="64344158" uid="6726608" user="Joel Navarrete"/>
  <node id="6050364500" lat="33.9789028" lon="-6.8845876" version="1" timestamp="2018-11-10T03:14:04Z" changeset="64344158" uid="6726608" user="Joel Navarrete"/>
  <node id="6050364501" lat="33.9799031" lon="-6.8847331" version="1" timestamp="2018-11-10T03:14:04Z" changeset="64344158" uid="6726608" user="Joel Navarrete"/>
  <node id="6050364502" lat="33.9797299" lon="-6.8848992" version="1" timestamp="2018-11-10T03:14:04Z" changeset="64344158" uid="6726608" user="Joel Navarrete"/>
  <node id="6050364503" lat="33.9795147" lon="-6.8845728" version="1" timestamp="2018-11-10T03:14:04Z" changeset="64344158" uid="6726608" user="Joel Navarrete"/>
  <node id="6050364504" lat="33.9796879" lon="-6.8844067" version="1" timestamp="2018-11-10T03:14:04Z" changeset="64344158" uid="6726608" user="Joel Navarrete"/>
  <node id="6050364505" lat="33.9798300" lon="-6.8841859" version="1" timestamp="2018-11-10T03:14:04Z" changeset="64344158" uid="6726608" user="Joel Navarrete"/>
  <node id="6050364506" lat="33.9796776" lon="-6.8843253" version="1" timestamp="2018-11-10T03:14:04Z" changeset="64344158" uid="6726608" user="Joel Navarrete"/>
  <node id="6050364507" lat="33.9795935" lon="-6.8841917" version="1" timestamp="2018-11-10T03:14:04Z" changeset="64344158" uid="6726608" user="Joel Navarrete"/>
  <node id="6050364508" lat="33.9797459" lon="-6.8840523" version="1" timestamp="2018-11-10T03:14:04Z" changeset="64344158" uid="6726608" user="Joel Navarrete"/>
  <node id="6050364509" lat="33.9796475" lon="-6.8843404" version="1" timestamp="2018-11-10T03:14:04Z" changeset="64344158" uid="6726608" user="Joel Navarrete"/>
  <node id="6050364510" lat="33.9794883" lon="-6.8845053" version="1" timestamp="2018-11-10T03:14:04Z" changeset="64344158" uid="6726608" user="Joel Navarrete"/>
  <node id="6050364511" lat="33.9794226" lon="-6.8844131" version="1" timestamp="2018-11-10T03:14:04Z" changeset="64344158" uid="6726608" user="Joel Navarrete"/>
  <node id="6050364512" lat="33.9795818" lon="-6.8842482" version="1" timestamp="2018-11-10T03:14:04Z" changeset="64344158" uid="6726608" user="Joel Navarrete"/>
  <node id="6050364513" lat="33.9797415" lon="-6.8843863" version="1" timestamp="2018-11-10T03:14:04Z" changeset="64344158" uid="6726608" user="Joel Navarrete"/>
  <node id="6050364514" lat="33.9799876" lon="-6.8847922" version="1" timestamp="2018-11-10T03:14:04Z" changeset="64344158" uid="6726608" user="Joel Navarrete"/>
  <node id="6050364515" lat="33.9801130" lon="-6.8846816" version="1" timestamp="2018-11-10T03:14:05Z" changeset="64344158" uid="6726608" user="Joel Navarrete"/>
  <node id="6050364516" lat="33.9798669" lon="-6.8842757" version="1" timestamp="2018-11-10T03:14:05Z" changeset="64344158" uid="6726608" user="Joel Navarrete"/>
  <node id="6050364517" lat="33.9799234" lon="-6.8847869" version="1" timestamp="2018-11-10T03:14:05Z" changeset="64344158" uid="6726608" user="Joel Navarrete"/>
  <node id="6050364518" lat="33.9797705" lon="-6.8849157" version="1" timestamp="2018-11-10T03:14:05Z" changeset="64344158" uid="6726608" user="Joel Navarrete"/>
  <node id="6050364519" lat="33.9800561" lon="-6.8854090" version="1" timestamp="2018-11-10T03:14:05Z" changeset="64344158" uid="6726608" user="Joel Navarrete"/>
  <node id="6050364520" lat="33.9802090" lon="-6.8852803" version="1" timestamp="2018-11-10T03:14:05Z" changeset="64344158" uid="6726608" user="Joel Navarrete"/>
  <node id="6050364521" lat="33.9804396" lon="-6.8851271" version="1" timestamp="2018-11-10T03:14:05Z" changeset="64344158" uid="6726608" user="Joel Navarrete"/>
  <node id="6050364522" lat="33.9802548" lon="-6.8852812" version="1" timestamp="2018-11-10T03:14:05Z" changeset="64344158" uid="6726608" user="Joel Navarrete"/>
  <node id="6050364523" lat="33.9799962" lon="-6.8848300" version="1" timestamp="2018-11-10T03:14:05Z" changeset="64344158" uid="6726608" user="Joel Navarrete"/>
  <node id="6050364524" lat="33.9801811" lon="-6.8846760" version="1" timestamp="2018-11-10T03:14:05Z" changeset="64344158" uid="6726608" user="Joel Navarrete"/>
  <node id="6050364525" lat="33.9800420" lon="-6.8840162" version="1" timestamp="2018-11-10T03:14:05Z" changeset="64344158" uid="6726608" user="Joel Navarrete"/>
  <node id="6050364526" lat="33.9799658" lon="-6.8840770" version="1" timestamp="2018-11-10T03:14:05Z" changeset="64344158" uid="6726608" user="Joel Navarrete"/>
  <node id="6050364527" lat="33.9803135" lon="-6.8847101" version="1" timestamp="2018-11-10T03:14:05Z" changeset="64344158" uid="6726608" user="Joel Navarrete"/>
  <node id="6050364528" lat="33.9803897" lon="-6.8846492" version="1" timestamp="2018-11-10T03:14:05Z" changeset="64344158" uid="6726608" user="Joel Navarrete"/>
  <node id="6050364529" lat="33.9817143" lon="-6.8876656" version="1" timestamp="2018-11-10T03:14:05Z" changeset="64344158" uid="6726608" user="Joel Navarrete"/>
  <node id="6050364530" lat="33.9814802" lon="-6.8878577" version="1" timestamp="2018-11-10T03:14:05Z" changeset="64344158" uid="6726608" user="Joel Navarrete"/>
  <node id="6050364531" lat="33.9812543" lon="-6.8874573" version="1" timestamp="2018-11-10T03:14:05Z" changeset="64344158" uid="6726608" user="Joel Navarrete"/>
  <node id="6050364532" lat="33.9814884" lon="-6.8872652" version="1" timestamp="2018-11-10T03:14:05Z" changeset="64344158" uid="6726608" user="Joel Navarrete"/>
  <node id="6050364533" lat="33.9814462" lon="-6.8878724" version="1" timestamp="2018-11-10T03:14:05Z" changeset="64344158" uid="6726608" user="Joel Navarrete"/>
  <node id="6050364534" lat="33.9812890" lon="-6.8880046" version="1" timestamp="2018-11-10T03:14:05Z" changeset="64344158" uid="6726608" user="Joel Navarrete"/>
  <node id="6050364535" lat="33.9810994" lon="-6.8876766" version="1" timestamp="2018-11-10T03:14:05Z" changeset="64344158" uid="6726608" user="Joel Navarrete"/>
  <node id="6050364536" lat="33.9812566" lon="-6.8875444" version="1" timestamp="2018-11-10T03:14:05Z" changeset="64344158" uid="6726608" user="Joel Navarrete"/>
  <node id="6050364537" lat="33.9812838" lon="-6.8880619" version="1" timestamp="2018-11-10T03:14:05Z" changeset="64344158" uid="6726608" user="Joel Navarrete"/>
  <node id="6050364538" lat="33.9808870" lon="-6.8884077" version="1" timestamp="2018-11-10T03:14:05Z" changeset="64344158" uid="6726608" user="Joel Navarrete"/>
  <node id="6050364539" lat="33.9806759" lon="-6.8880554" version="1" timestamp="2018-11-10T03:14:05Z" changeset="64344158" uid="6726608" user="Joel Navarrete"/>
  <node id="6050364540" lat="33.9808224" lon="-6.8879277" version="1" timestamp="2018-11-10T03:14:05Z" changeset="64344158" uid="6726608" user="Joel Navarrete"/>
  <node id="6050364541" lat="33.9809617" lon="-6.8881601" version="1" timestamp="2018-11-10T03:14:05Z" changeset="64344158" uid="6726608" user="Joel Navarrete"/>
  <node id="6050364542" lat="33.9810372" lon="-6.8880943" version="1" timestamp="2018-11-10T03:14:05Z" changeset="64344158" uid="6726608" user="Joel Navarrete"/>
  <node id="6050364543" lat="33.9808769" lon="-6.8878268" version="1" timestamp="2018-11-10T03:14:05Z" changeset="64344158" uid="6726608" user="Joel Navarrete"/>
  <node id="6050364544" lat="33.9810516" lon="-6.8876745" version="1" timestamp="2018-11-10T03:14:05Z" changeset="64344158" uid="6726608" user="Joel Navarrete"/>
  <node id="6050364545" lat="33.9812073" lon="-6.8882037" version="1" timestamp="2018-11-10T03:14:05Z" changeset="64344158" uid="6726608" user="Joel Navarrete"/>
  <node id="6050364546" lat="33.9809082" lon="-6.8884640" version="1" timestamp="2018-11-10T03:14:05Z" changeset="64344158" uid="6726608" user="Joel Navarrete"/>
  <node id="6050364547" lat="33.9810230" lon="-6.8886558" version="1" timestamp="2018-11-10T03:14:05Z" changeset="64344158" uid="6726608" user="Joel Navarrete"/>
  <node id="6050364548" lat="33.9813221" lon="-6.8883955" version="1" timestamp="2018-11-10T03:14:05Z" changeset="64344158" uid="6726608" user="Joel Navarrete"/>
  <node id="6050364549" lat="33.9812325" lon="-6.8881507" version="2" timestamp="2019-07-29T09:12:17Z" changeset="72761200" uid="8794031" user="bunty_6"/>
  <node id="6050364550" lat="33.9813222" lon="-6.8883082" version="2" timestamp="2019-07-29T09:12:17Z" changeset="72761200" uid="8794031" user="bunty_6"/>
  <node id="6050364551" lat="33.9818355" lon="-6.8878829" version="2" timestamp="2019-07-29T09:12:17Z" changeset="72761200" uid="8794031" user="bunty_6"/>
  <node id="6050364552" lat="33.9817458" lon="-6.8877254" version="2" timestamp="2019-07-29T09:12:17Z" changeset="72761200" uid="8794031" user="bunty_6"/>
  <node id="6050364553" lat="33.9814733" lon="-6.8883490" version="1" timestamp="2018-11-10T03:14:05Z" changeset="64344158" uid="6726608" user="Joel Navarrete"/>
  <node id="6050364554" lat="33.9811006" lon="-6.8887657" version="1" timestamp="2018-11-10T03:14:05Z" changeset="64344158" uid="6726608" user="Joel Navarrete"/>
  <node id="6050364555" lat="33.9811678" lon="-6.8888531" version="1" timestamp="2018-11-10T03:14:05Z" changeset="64344158" uid="6726608" user="Joel Navarrete"/>
  <node id="6050364556" lat="33.9815405" lon="-6.8884364" version="1" timestamp="2018-11-10T03:14:05Z" changeset="64344158" uid="6726608" user="Joel Navarrete"/>
  <node id="6050364557" lat="33.9810223" lon="-6.8888613" version="1" timestamp="2018-11-10T03:14:05Z" changeset="64344158" uid="6726608" user="Joel Navarrete"/>
  <node id="6050364558" lat="33.9804021" lon="-6.8894062" version="1" timestamp="2018-11-10T03:14:05Z" changeset="64344158" uid="6726608" user="Joel Navarrete"/>
  <node id="6050364559" lat="33.9803112" lon="-6.8892557" version="1" timestamp="2018-11-10T03:14:05Z" changeset="64344158" uid="6726608" user="Joel Navarrete"/>
  <node id="6050364560" lat="33.9809314" lon="-6.8887108" version="1" timestamp="2018-11-10T03:14:05Z" changeset="64344158" uid="6726608" user="Joel Navarrete"/>
  <node id="6050364565" lat="33.9801687" lon="-6.8885326" version="1" timestamp="2018-11-10T03:14:05Z" changeset="64344158" uid="6726608" user="Joel Navarrete"/>
  <node id="6050364566" lat="33.9799801" lon="-6.8886922" version="1" timestamp="2018-11-10T03:14:05Z" changeset="64344158" uid="6726608" user="Joel Navarrete"/>
  <node id="6050364567" lat="33.9802563" lon="-6.8891670" version="1" timestamp="2018-11-10T03:14:05Z" changeset="64344158" uid="6726608" user="Joel Navarrete"/>
  <node id="6050364568" lat="33.9803726" lon="-6.8890686" version="1" timestamp="2018-11-10T03:14:05Z" changeset="64344158" uid="6726608" user="Joel Navarrete"/>
  <node id="6050364569" lat="33.9802982" lon="-6.8889406" version="1" timestamp="2018-11-10T03:14:05Z" changeset="64344158" uid="6726608" user="Joel Navarrete"/>
  <node id="6050364570" lat="33.9803705" lon="-6.8888793" version="1" timestamp="2018-11-10T03:14:05Z" changeset="64344158" uid="6726608" user="Joel Navarrete"/>
  <node id="6050364571" lat="33.9809117" lon="-6.8886589" version="1" timestamp="2018-11-10T03:14:05Z" changeset="64344158" uid="6726608" user="Joel Navarrete"/>
  <node id="6050364572" lat="33.9805193" lon="-6.8889908" version="1" timestamp="2018-11-10T03:14:05Z" changeset="64344158" uid="6726608" user="Joel Navarrete"/>
  <node id="6050364573" lat="33.9803759" lon="-6.8887442" version="1" timestamp="2018-11-10T03:14:05Z" changeset="64344158" uid="6726608" user="Joel Navarrete"/>
  <node id="6050364574" lat="33.9807683" lon="-6.8884123" version="1" timestamp="2018-11-10T03:14:05Z" changeset="64344158" uid="6726608" user="Joel Navarrete"/>
  <node id="6050364575" lat="33.9807356" lon="-6.8883671" version="1" timestamp="2018-11-10T03:14:05Z" changeset="64344158" uid="6726608" user="Joel Navarrete"/>
  <node id="6050364576" lat="33.9803729" lon="-6.8886993" version="1" timestamp="2018-11-10T03:14:05Z" changeset="64344158" uid="6726608" user="Joel Navarrete"/>
  <node id="6050364577" lat="33.9802304" lon="-6.8884729" version="1" timestamp="2018-11-10T03:14:05Z" changeset="64344158" uid="6726608" user="Joel Navarrete"/>
  <node id="6050364578" lat="33.9805931" lon="-6.8881408" version="1" timestamp="2018-11-10T03:14:05Z" changeset="64344158" uid="6726608" user="Joel Navarrete"/>
  <node id="6050364579" lat="33.9802816" lon="-6.8880333" version="1" timestamp="2018-11-10T03:14:06Z" changeset="64344158" uid="6726608" user="Joel Navarrete"/>
  <node id="6050364580" lat="33.9800348" lon="-6.8882518" version="1" timestamp="2018-11-10T03:14:06Z" changeset="64344158" uid="6726608" user="Joel Navarrete"/>
  <node id="6050364581" lat="33.9797320" lon="-6.8877546" version="1" timestamp="2018-11-10T03:14:06Z" changeset="64344158" uid="6726608" user="Joel Navarrete"/>
  <node id="6050364582" lat="33.9799788" lon="-6.8875360" version="1" timestamp="2018-11-10T03:14:06Z" changeset="64344158" uid="6726608" user="Joel Navarrete"/>
  <node id="6050364583" lat="33.9799036" lon="-6.8874602" version="1" timestamp="2018-11-10T03:14:06Z" changeset="64344158" uid="6726608" user="Joel Navarrete"/>
  <node id="6050364584" lat="33.9794997" lon="-6.8878055" version="1" timestamp="2018-11-10T03:14:06Z" changeset="64344158" uid="6726608" user="Joel Navarrete"/>
  <node id="6050364585" lat="33.9794565" lon="-6.8877320" version="1" timestamp="2018-11-10T03:14:06Z" changeset="64344158" uid="6726608" user="Joel Navarrete"/>
  <node id="6050364586" lat="33.9795316" lon="-6.8872582" version="1" timestamp="2018-11-10T03:14:06Z" changeset="64344158" uid="6726608" user="Joel Navarrete"/>
  <node id="6050364587" lat="33.9796276" lon="-6.8871760" version="1" timestamp="2018-11-10T03:14:06Z" changeset="64344158" uid="6726608" user="Joel Navarrete"/>
  <node id="6050364588" lat="33.9796742" lon="-6.8872552" version="1" timestamp="2018-11-10T03:14:06Z" changeset="64344158" uid="6726608" user="Joel Navarrete"/>
  <node id="6050364589" lat="33.9797618" lon="-6.8872190" version="1" timestamp="2018-11-10T03:14:06Z" changeset="64344158" uid="6726608" user="Joel Navarrete"/>
  <node id="6050364590" lat="33.9799599" lon="-6.8883176" version="1" timestamp="2018-11-10T03:14:06Z" changeset="64344158" uid="6726608" user="Joel Navarrete"/>
  <node id="6050364591" lat="33.9795544" lon="-6.8886715" version="1" timestamp="2018-11-10T03:14:06Z" changeset="64344158" uid="6726608" user="Joel Navarrete"/>
  <node id="6050364592" lat="33.9792641" lon="-6.8881879" version="1" timestamp="2018-11-10T03:14:06Z" changeset="64344158" uid="6726608" user="Joel Navarrete"/>
  <node id="6050364593" lat="33.9794133" lon="-6.8880577" version="1" timestamp="2018-11-10T03:14:06Z" changeset="64344158" uid="6726608" user="Joel Navarrete"/>
  <node id="6050364594" lat="33.9795969" lon="-6.8883637" version="1" timestamp="2018-11-10T03:14:06Z" changeset="64344158" uid="6726608" user="Joel Navarrete"/>
  <node id="6050364595" lat="33.9796587" lon="-6.8883097" version="1" timestamp="2018-11-10T03:14:06Z" changeset="64344158" uid="6726608" user="Joel Navarrete"/>
  <node id="6050364596" lat="33.9794741" lon="-6.8880020" version="1" timestamp="2018-11-10T03:14:06Z" changeset="64344158" uid="6726608" user="Joel Navarrete"/>
  <node id="6050364597" lat="33.9796687" lon="-6.8878322" version="1" timestamp="2018-11-10T03:14:06Z" changeset="64344158" uid="6726608" user="Joel Navarrete"/>
  <node id="6050364598" lat="33.9794172" lon="-6.8886407" version="2" timestamp="2019-09-03T14:43:29Z" changeset="74045544" uid="9535306" user="Ialomita"/>
  <node id="6050364599" lat="33.9790853" lon="-6.8889323" version="2" timestamp="2019-09-03T14:43:29Z" changeset="74045544" uid="9535306" user="Ialomita"/>
  <node id="6050364600" lat="33.9789398" lon="-6.8886913" version="2" timestamp="2019-09-03T14:43:29Z" changeset="74045544" uid="9535306" user="Ialomita"/>
  <node id="6050364601" lat="33.9792717" lon="-6.8883998" version="2" timestamp="2019-09-03T14:43:29Z" changeset="74045544" uid="9535306" user="Ialomita"/>
  <node id="6050364602" lat="33.9793602" lon="-6.8877523" version="1" timestamp="2018-11-10T03:14:06Z" changeset="64344158" uid="6726608" user="Joel Navarrete"/>
  <node id="6050364603" lat="33.9791430" lon="-6.8877034" version="1" timestamp="2018-11-10T03:14:06Z" changeset="64344158" uid="6726608" user="Joel Navarrete"/>
  <node id="6050364604" lat="33.9792363" lon="-6.8871007" version="1" timestamp="2018-11-10T03:14:06Z" changeset="64344158" uid="6726608" user="Joel Navarrete"/>
  <node id="6050364605" lat="33.9794535" lon="-6.8871496" version="1" timestamp="2018-11-10T03:14:06Z" changeset="64344158" uid="6726608" user="Joel Navarrete"/>
  <node id="6050364606" lat="33.9793562" lon="-6.8878039" version="1" timestamp="2018-11-10T03:14:06Z" changeset="64344158" uid="6726608" user="Joel Navarrete"/>
  <node id="6050364607" lat="33.9793364" lon="-6.8879040" version="1" timestamp="2018-11-10T03:14:06Z" changeset="64344158" uid="6726608" user="Joel Navarrete"/>
  <node id="6050364608" lat="33.9791813" lon="-6.8880639" version="1" timestamp="2018-11-10T03:14:06Z" changeset="64344158" uid="6726608" user="Joel Navarrete"/>
  <node id="6050364609" lat="33.9790874" lon="-6.8880370" version="1" timestamp="2018-11-10T03:14:06Z" changeset="64344158" uid="6726608" user="Joel Navarrete"/>
  <node id="6050364610" lat="33.9791454" lon="-6.8877433" version="1" timestamp="2018-11-10T03:14:06Z" changeset="64344158" uid="6726608" user="Joel Navarrete"/>
  <node id="6050364611" lat="33.9790423" lon="-6.8877888" version="1" timestamp="2018-11-10T03:14:06Z" changeset="64344158" uid="6726608" user="Joel Navarrete"/>
  <node id="6050364612" lat="33.9789274" lon="-6.8877559" version="1" timestamp="2018-11-10T03:14:06Z" changeset="64344158" uid="6726608" user="Joel Navarrete"/>
  <node id="6050364613" lat="33.9790690" lon="-6.8870362" version="1" timestamp="2018-11-10T03:14:06Z" changeset="64344158" uid="6726608" user="Joel Navarrete"/>
  <node id="6050364614" lat="33.9791839" lon="-6.8870691" version="1" timestamp="2018-11-10T03:14:06Z" changeset="64344158" uid="6726608" user="Joel Navarrete"/>
  <node id="6050364615" lat="33.9790204" lon="-6.8878461" version="1" timestamp="2018-11-10T03:14:06Z" changeset="64344158" uid="6726608" user="Joel Navarrete"/>
  <node id="6050364616" lat="33.9789866" lon="-6.8880028" version="1" timestamp="2018-11-10T03:14:06Z" changeset="64344158" uid="6726608" user="Joel Navarrete"/>
  <node id="6050364617" lat="33.9788765" lon="-6.8879682" version="1" timestamp="2018-11-10T03:14:06Z" changeset="64344158" uid="6726608" user="Joel Navarrete"/>
  <node id="6050364618" lat="33.9789104" lon="-6.8878116" version="1" timestamp="2018-11-10T03:14:06Z" changeset="64344158" uid="6726608" user="Joel Navarrete"/>
  <node id="6050364619" lat="33.9788516" lon="-6.8876037" version="1" timestamp="2018-11-10T03:14:06Z" changeset="64344158" uid="6726608" user="Joel Navarrete"/>
  <node id="6050364620" lat="33.9786367" lon="-6.8875491" version="1" timestamp="2018-11-10T03:14:06Z" changeset="64344158" uid="6726608" user="Joel Navarrete"/>
  <node id="6050364621" lat="33.9787440" lon="-6.8869337" version="1" timestamp="2018-11-10T03:14:06Z" changeset="64344158" uid="6726608" user="Joel Navarrete"/>
  <node id="6050364622" lat="33.9789590" lon="-6.8869882" version="1" timestamp="2018-11-10T03:14:06Z" changeset="64344158" uid="6726608" user="Joel Navarrete"/>
  <node id="6050364623" lat="33.9788500" lon="-6.8876699" version="1" timestamp="2018-11-10T03:14:06Z" changeset="64344158" uid="6726608" user="Joel Navarrete"/>
  <node id="6050364624" lat="33.9786276" lon="-6.8876079" version="1" timestamp="2018-11-10T03:14:06Z" changeset="64344158" uid="6726608" user="Joel Navarrete"/>
  <node id="6050364625" lat="33.9785752" lon="-6.8878813" version="1" timestamp="2018-11-10T03:14:06Z" changeset="64344158" uid="6726608" user="Joel Navarrete"/>
  <node id="6050364626" lat="33.9787976" lon="-6.8879433" version="1" timestamp="2018-11-10T03:14:06Z" changeset="64344158" uid="6726608" user="Joel Navarrete"/>
  <node id="6050364627" lat="33.9785456" lon="-6.8878603" version="1" timestamp="2018-11-10T03:14:06Z" changeset="64344158" uid="6726608" user="Joel Navarrete"/>
  <node id="6050364628" lat="33.9782459" lon="-6.8877849" version="1" timestamp="2018-11-10T03:14:06Z" changeset="64344158" uid="6726608" user="Joel Navarrete"/>
  <node id="6050364629" lat="33.9782909" lon="-6.8875247" version="1" timestamp="2018-11-10T03:14:06Z" changeset="64344158" uid="6726608" user="Joel Navarrete"/>
  <node id="6050364630" lat="33.9785907" lon="-6.8876001" version="1" timestamp="2018-11-10T03:14:06Z" changeset="64344158" uid="6726608" user="Joel Navarrete"/>
  <node id="6050364631" lat="33.9787006" lon="-6.8883545" version="1" timestamp="2018-11-10T03:14:06Z" changeset="64344158" uid="6726608" user="Joel Navarrete"/>
  <node id="6050364632" lat="33.9781415" lon="-6.8881815" version="1" timestamp="2018-11-10T03:14:06Z" changeset="64344158" uid="6726608" user="Joel Navarrete"/>
  <node id="6050364633" lat="33.9782043" lon="-6.8878859" version="1" timestamp="2018-11-10T03:14:06Z" changeset="64344158" uid="6726608" user="Joel Navarrete"/>
  <node id="6050364634" lat="33.9787635" lon="-6.8880590" version="1" timestamp="2018-11-10T03:14:06Z" changeset="64344158" uid="6726608" user="Joel Navarrete"/>
  <node id="6050364635" lat="33.9788845" lon="-6.8884200" version="2" timestamp="2019-09-03T14:43:29Z" changeset="74045544" uid="9535306" user="Ialomita"/>
  <node id="6050364636" lat="33.9787321" lon="-6.8883822" version="2" timestamp="2019-09-03T14:43:29Z" changeset="74045544" uid="9535306" user="Ialomita"/>
  <node id="6050364637" lat="33.9787708" lon="-6.8881556" version="2" timestamp="2019-09-03T14:43:29Z" changeset="74045544" uid="9535306" user="Ialomita"/>
  <node id="6050364638" lat="33.9789232" lon="-6.8881934" version="2" timestamp="2019-09-03T14:43:29Z" changeset="74045544" uid="9535306" user="Ialomita"/>
  <node id="6050364639" lat="33.9781440" lon="-6.8880252" version="1" timestamp="2018-11-10T03:14:06Z" changeset="64344158" uid="6726608" user="Joel Navarrete"/>
  <node id="6050364640" lat="33.9780009" lon="-6.8879877" version="1" timestamp="2018-11-10T03:14:07Z" changeset="64344158" uid="6726608" user="Joel Navarrete"/>
  <node id="6050364641" lat="33.9780261" lon="-6.8878482" version="1" timestamp="2018-11-10T03:14:07Z" changeset="64344158" uid="6726608" user="Joel Navarrete"/>
  <node id="6050364642" lat="33.9781692" lon="-6.8878857" version="1" timestamp="2018-11-10T03:14:07Z" changeset="64344158" uid="6726608" user="Joel Navarrete"/>
  <node id="6050364643" lat="33.9785498" lon="-6.8887037" version="1" timestamp="2018-11-10T03:14:07Z" changeset="64344158" uid="6726608" user="Joel Navarrete"/>
  <node id="6050364644" lat="33.9784427" lon="-6.8887994" version="1" timestamp="2018-11-10T03:14:07Z" changeset="64344158" uid="6726608" user="Joel Navarrete"/>
  <node id="6050364645" lat="33.9781812" lon="-6.8883736" version="1" timestamp="2018-11-10T03:14:07Z" changeset="64344158" uid="6726608" user="Joel Navarrete"/>
  <node id="6050364646" lat="33.9782884" lon="-6.8882779" version="1" timestamp="2018-11-10T03:14:07Z" changeset="64344158" uid="6726608" user="Joel Navarrete"/>
  <node id="6050364647" lat="33.9786879" lon="-6.8884620" version="1" timestamp="2018-11-10T03:14:07Z" changeset="64344158" uid="6726608" user="Joel Navarrete"/>
  <node id="6050364648" lat="33.9785728" lon="-6.8890831" version="1" timestamp="2018-11-10T03:14:07Z" changeset="64344158" uid="6726608" user="Joel Navarrete"/>
  <node id="6050364649" lat="33.9787568" lon="-6.8891328" version="1" timestamp="2018-11-10T03:14:07Z" changeset="64344158" uid="6726608" user="Joel Navarrete"/>
  <node id="6050364650" lat="33.9788720" lon="-6.8885117" version="1" timestamp="2018-11-10T03:14:07Z" changeset="64344158" uid="6726608" user="Joel Navarrete"/>
  <node id="6050364651" lat="33.9781497" lon="-6.8877544" version="1" timestamp="2018-11-10T03:14:07Z" changeset="64344158" uid="6726608" user="Joel Navarrete"/>
  <node id="6050364652" lat="33.9782680" lon="-6.8871847" version="1" timestamp="2018-11-10T03:14:07Z" changeset="64344158" uid="6726608" user="Joel Navarrete"/>
  <node id="6050364653" lat="33.9780583" lon="-6.8871213" version="1" timestamp="2018-11-10T03:14:07Z" changeset="64344158" uid="6726608" user="Joel Navarrete"/>
  <node id="6050364654" lat="33.9779399" lon="-6.8876910" version="1" timestamp="2018-11-10T03:14:07Z" changeset="64344158" uid="6726608" user="Joel Navarrete"/>
  <node id="6050364655" lat="33.9785535" lon="-6.8871739" version="1" timestamp="2018-11-10T03:14:07Z" changeset="64344158" uid="6726608" user="Joel Navarrete"/>
  <node id="6050364656" lat="33.9786038" lon="-6.8869248" version="1" timestamp="2018-11-10T03:14:07Z" changeset="64344158" uid="6726608" user="Joel Navarrete"/>
  <node id="6050364657" lat="33.9781324" lon="-6.8867863" version="1" timestamp="2018-11-10T03:14:07Z" changeset="64344158" uid="6726608" user="Joel Navarrete"/>
  <node id="6050364658" lat="33.9780821" lon="-6.8870354" version="1" timestamp="2018-11-10T03:14:07Z" changeset="64344158" uid="6726608" user="Joel Navarrete"/>
  <node id="6050364659" lat="33.9784311" lon="-6.8867240" version="1" timestamp="2018-11-10T03:14:07Z" changeset="64344158" uid="6726608" user="Joel Navarrete"/>
  <node id="6050364660" lat="33.9782023" lon="-6.8866624" version="1" timestamp="2018-11-10T03:14:07Z" changeset="64344158" uid="6726608" user="Joel Navarrete"/>
  <node id="6050364661" lat="33.9783095" lon="-6.8860826" version="1" timestamp="2018-11-10T03:14:07Z" changeset="64344158" uid="6726608" user="Joel Navarrete"/>
  <node id="6050364662" lat="33.9785384" lon="-6.8861442" version="1" timestamp="2018-11-10T03:14:07Z" changeset="64344158" uid="6726608" user="Joel Navarrete"/>
  <node id="6050364663" lat="33.9780880" lon="-6.8866254" version="1" timestamp="2018-11-10T03:14:07Z" changeset="64344158" uid="6726608" user="Joel Navarrete"/>
  <node id="6050364664" lat="33.9777534" lon="-6.8865299" version="1" timestamp="2018-11-10T03:14:07Z" changeset="64344158" uid="6726608" user="Joel Navarrete"/>
  <node id="6050364665" lat="33.9777836" lon="-6.8863762" version="1" timestamp="2018-11-10T03:14:07Z" changeset="64344158" uid="6726608" user="Joel Navarrete"/>
  <node id="6050364666" lat="33.9778890" lon="-6.8864062" version="1" timestamp="2018-11-10T03:14:07Z" changeset="64344158" uid="6726608" user="Joel Navarrete"/>
  <node id="6050364667" lat="33.9779279" lon="-6.8862083" version="1" timestamp="2018-11-10T03:14:07Z" changeset="64344158" uid="6726608" user="Joel Navarrete"/>
  <node id="6050364668" lat="33.9779457" lon="-6.8862134" version="1" timestamp="2018-11-10T03:14:07Z" changeset="64344158" uid="6726608" user="Joel Navarrete"/>
  <node id="6050364669" lat="33.9779674" lon="-6.8861029" version="1" timestamp="2018-11-10T03:14:07Z" changeset="64344158" uid="6726608" user="Joel Navarrete"/>
  <node id="6050364670" lat="33.9780678" lon="-6.8861316" version="1" timestamp="2018-11-10T03:14:07Z" changeset="64344158" uid="6726608" user="Joel Navarrete"/>
  <node id="6050364671" lat="33.9780842" lon="-6.8860481" version="1" timestamp="2018-11-10T03:14:07Z" changeset="64344158" uid="6726608" user="Joel Navarrete"/>
  <node id="6050364672" lat="33.9781952" lon="-6.8860798" version="1" timestamp="2018-11-10T03:14:07Z" changeset="64344158" uid="6726608" user="Joel Navarrete"/>
  <node id="6050364673" lat="33.9780122" lon="-6.8869666" version="1" timestamp="2018-11-10T03:14:07Z" changeset="64344158" uid="6726608" user="Joel Navarrete"/>
  <node id="6050364674" lat="33.9780523" lon="-6.8867378" version="1" timestamp="2018-11-10T03:14:07Z" changeset="64344158" uid="6726608" user="Joel Navarrete"/>
  <node id="6050364675" lat="33.9778076" lon="-6.8866753" version="1" timestamp="2018-11-10T03:14:07Z" changeset="64344158" uid="6726608" user="Joel Navarrete"/>
  <node id="6050364676" lat="33.9777958" lon="-6.8866288" version="1" timestamp="2018-11-10T03:14:07Z" changeset="64344158" uid="6726608" user="Joel Navarrete"/>
  <node id="6050364677" lat="33.9776875" lon="-6.8865983" version="1" timestamp="2018-11-10T03:14:07Z" changeset="64344158" uid="6726608" user="Joel Navarrete"/>
  <node id="6050364678" lat="33.9776696" lon="-6.8866909" version="1" timestamp="2018-11-10T03:14:07Z" changeset="64344158" uid="6726608" user="Joel Navarrete"/>
  <node id="6050364679" lat="33.9776198" lon="-6.8866769" version="1" timestamp="2018-11-10T03:14:07Z" changeset="64344158" uid="6726608" user="Joel Navarrete"/>
  <node id="6050364680" lat="33.9775917" lon="-6.8868221" version="1" timestamp="2018-11-10T03:14:07Z" changeset="64344158" uid="6726608" user="Joel Navarrete"/>
  <node id="6050364681" lat="33.9777455" lon="-6.8868653" version="1" timestamp="2018-11-10T03:14:07Z" changeset="64344158" uid="6726608" user="Joel Navarrete"/>
  <node id="6050364682" lat="33.9777472" lon="-6.8869523" version="1" timestamp="2018-11-10T03:14:07Z" changeset="64344158" uid="6726608" user="Joel Navarrete"/>
  <node id="6050364683" lat="33.9779618" lon="-6.8870070" version="1" timestamp="2018-11-10T03:14:07Z" changeset="64344158" uid="6726608" user="Joel Navarrete"/>
  <node id="6050364684" lat="33.9779708" lon="-6.8869560" version="1" timestamp="2018-11-10T03:14:07Z" changeset="64344158" uid="6726608" user="Joel Navarrete"/>
  <node id="6050364789" lat="33.9776078" lon="-6.8864548" version="1" timestamp="2018-11-10T03:14:07Z" changeset="64344158" uid="6726608" user="Joel Navarrete"/>
  <node id="6050364790" lat="33.9775428" lon="-6.8863874" version="1" timestamp="2018-11-10T03:14:07Z" changeset="64344158" uid="6726608" user="Joel Navarrete"/>
  <node id="6050364791" lat="33.9772828" lon="-6.8867522" version="1" timestamp="2018-11-10T03:14:07Z" changeset="64344158" uid="6726608" user="Joel Navarrete"/>
  <node id="6050364792" lat="33.9773478" lon="-6.8868196" version="1" timestamp="2018-11-10T03:14:07Z" changeset="64344158" uid="6726608" user="Joel Navarrete"/>
  <node id="6050364793" lat="33.9775815" lon="-6.8862572" version="1" timestamp="2018-11-10T03:14:07Z" changeset="64344158" uid="6726608" user="Joel Navarrete"/>
  <node id="6050364794" lat="33.9778005" lon="-6.8859855" version="1" timestamp="2018-11-10T03:14:07Z" changeset="64344158" uid="6726608" user="Joel Navarrete"/>
  <node id="6050364795" lat="33.9777540" lon="-6.8859309" version="1" timestamp="2018-11-10T03:14:07Z" changeset="64344158" uid="6726608" user="Joel Navarrete"/>
  <node id="6050364796" lat="33.9778194" lon="-6.8858497" version="1" timestamp="2018-11-10T03:14:07Z" changeset="64344158" uid="6726608" user="Joel Navarrete"/>
  <node id="6050364797" lat="33.9777821" lon="-6.8858060" version="1" timestamp="2018-11-10T03:14:07Z" changeset="64344158" uid="6726608" user="Joel Navarrete"/>
  <node id="6050364798" lat="33.9774976" lon="-6.8861588" version="1" timestamp="2018-11-10T03:14:07Z" changeset="64344158" uid="6726608" user="Joel Navarrete"/>
  <node id="6050364799" lat="33.9776729" lon="-6.8863707" version="1" timestamp="2018-11-10T03:14:07Z" changeset="64344158" uid="6726608" user="Joel Navarrete"/>
  <node id="6050364800" lat="33.9776019" lon="-6.8862963" version="1" timestamp="2018-11-10T03:14:08Z" changeset="64344158" uid="6726608" user="Joel Navarrete"/>
  <node id="6050364801" lat="33.9777636" lon="-6.8860718" version="1" timestamp="2018-11-10T03:14:08Z" changeset="64344158" uid="6726608" user="Joel Navarrete"/>
  <node id="6050364802" lat="33.9778346" lon="-6.8861462" version="1" timestamp="2018-11-10T03:14:08Z" changeset="64344158" uid="6726608" user="Joel Navarrete"/>
  <node id="6050364803" lat="33.9784333" lon="-6.8854554" version="1" timestamp="2018-11-10T03:14:08Z" changeset="64344158" uid="6726608" user="Joel Navarrete"/>
  <node id="6050364804" lat="33.9781486" lon="-6.8857732" version="1" timestamp="2018-11-10T03:14:08Z" changeset="64344158" uid="6726608" user="Joel Navarrete"/>
  <node id="6050364805" lat="33.9781670" lon="-6.8858155" version="1" timestamp="2018-11-10T03:14:08Z" changeset="64344158" uid="6726608" user="Joel Navarrete"/>
  <node id="6050364806" lat="33.9780933" lon="-6.8858978" version="1" timestamp="2018-11-10T03:14:08Z" changeset="64344158" uid="6726608" user="Joel Navarrete"/>
  <node id="6050364807" lat="33.9779268" lon="-6.8856808" version="1" timestamp="2018-11-10T03:14:08Z" changeset="64344158" uid="6726608" user="Joel Navarrete"/>
  <node id="6050364808" lat="33.9782928" lon="-6.8852723" version="1" timestamp="2018-11-10T03:14:08Z" changeset="64344158" uid="6726608" user="Joel Navarrete"/>
  <node id="6050364809" lat="33.9784767" lon="-6.8860315" version="1" timestamp="2018-11-10T03:14:08Z" changeset="64344158" uid="6726608" user="Joel Navarrete"/>
  <node id="6050364810" lat="33.9785549" lon="-6.8859285" version="1" timestamp="2018-11-10T03:14:08Z" changeset="64344158" uid="6726608" user="Joel Navarrete"/>
  <node id="6050364811" lat="33.9785185" lon="-6.8858883" version="1" timestamp="2018-11-10T03:14:08Z" changeset="64344158" uid="6726608" user="Joel Navarrete"/>
  <node id="6050364812" lat="33.9785721" lon="-6.8858176" version="1" timestamp="2018-11-10T03:14:08Z" changeset="64344158" uid="6726608" user="Joel Navarrete"/>
  <node id="6050364813" lat="33.9785403" lon="-6.8857429" version="1" timestamp="2018-11-10T03:14:08Z" changeset="64344158" uid="6726608" user="Joel Navarrete"/>
  <node id="6050364814" lat="33.9786156" lon="-6.8856480" version="1" timestamp="2018-11-10T03:14:08Z" changeset="64344158" uid="6726608" user="Joel Navarrete"/>
  <node id="6050364815" lat="33.9784935" lon="-6.8855071" version="1" timestamp="2018-11-10T03:14:08Z" changeset="64344158" uid="6726608" user="Joel Navarrete"/>
  <node id="6050364816" lat="33.9783675" lon="-6.8856658" version="1" timestamp="2018-11-10T03:14:08Z" changeset="64344158" uid="6726608" user="Joel Navarrete"/>
  <node id="6050364817" lat="33.9784215" lon="-6.8857283" version="1" timestamp="2018-11-10T03:14:08Z" changeset="64344158" uid="6726608" user="Joel Navarrete"/>
  <node id="6050364818" lat="33.9783484" lon="-6.8858204" version="1" timestamp="2018-11-10T03:14:08Z" changeset="64344158" uid="6726608" user="Joel Navarrete"/>
  <node id="6050364819" lat="33.9783001" lon="-6.8857647" version="1" timestamp="2018-11-10T03:14:08Z" changeset="64344158" uid="6726608" user="Joel Navarrete"/>
  <node id="6050364820" lat="33.9782030" lon="-6.8858870" version="1" timestamp="2018-11-10T03:14:08Z" changeset="64344158" uid="6726608" user="Joel Navarrete"/>
  <node id="6050364821" lat="33.9782758" lon="-6.8859710" version="1" timestamp="2018-11-10T03:14:08Z" changeset="64344158" uid="6726608" user="Joel Navarrete"/>
  <node id="6050364822" lat="33.9785701" lon="-6.8860732" version="1" timestamp="2018-11-10T03:14:08Z" changeset="64344158" uid="6726608" user="Joel Navarrete"/>
  <node id="6050364823" lat="33.9786615" lon="-6.8857103" version="1" timestamp="2018-11-10T03:14:08Z" changeset="64344158" uid="6726608" user="Joel Navarrete"/>
  <node id="6050364824" lat="33.9788635" lon="-6.8857843" version="1" timestamp="2018-11-10T03:14:08Z" changeset="64344158" uid="6726608" user="Joel Navarrete"/>
  <node id="6050364825" lat="33.9787720" lon="-6.8861472" version="1" timestamp="2018-11-10T03:14:08Z" changeset="64344158" uid="6726608" user="Joel Navarrete"/>
  <node id="6050364826" lat="33.9803674" lon="-6.8842565" version="1" timestamp="2018-11-10T03:14:08Z" changeset="64344158" uid="6726608" user="Joel Navarrete"/>
  <node id="6050364827" lat="33.9805240" lon="-6.8841058" version="1" timestamp="2018-11-10T03:14:08Z" changeset="64344158" uid="6726608" user="Joel Navarrete"/>
  <node id="6050364828" lat="33.9804450" lon="-6.8839864" version="1" timestamp="2018-11-10T03:14:08Z" changeset="64344158" uid="6726608" user="Joel Navarrete"/>
  <node id="6050364829" lat="33.9805732" lon="-6.8838631" version="1" timestamp="2018-11-10T03:14:08Z" changeset="64344158" uid="6726608" user="Joel Navarrete"/>
  <node id="6050364830" lat="33.9805287" lon="-6.8837958" version="1" timestamp="2018-11-10T03:14:08Z" changeset="64344158" uid="6726608" user="Joel Navarrete"/>
  <node id="6050364831" lat="33.9805852" lon="-6.8837414" version="1" timestamp="2018-11-10T03:14:08Z" changeset="64344158" uid="6726608" user="Joel Navarrete"/>
  <node id="6050364832" lat="33.9805037" lon="-6.8836184" version="1" timestamp="2018-11-10T03:14:08Z" changeset="64344158" uid="6726608" user="Joel Navarrete"/>
  <node id="6050364833" lat="33.9802157" lon="-6.8838956" version="1" timestamp="2018-11-10T03:14:08Z" changeset="64344158" uid="6726608" user="Joel Navarrete"/>
  <node id="6050364834" lat="33.9801896" lon="-6.8838787" version="1" timestamp="2018-11-10T03:14:08Z" changeset="64344158" uid="6726608" user="Joel Navarrete"/>
  <node id="6050364835" lat="33.9801044" lon="-6.8839607" version="1" timestamp="2018-11-10T03:14:08Z" changeset="64344158" uid="6726608" user="Joel Navarrete"/>
  <node id="6050364836" lat="33.9802775" lon="-6.8842222" version="1" timestamp="2018-11-10T03:14:08Z" changeset="64344158" uid="6726608" user="Joel Navarrete"/>
  <node id="6050364837" lat="33.9803186" lon="-6.8841827" version="1" timestamp="2018-11-10T03:14:08Z" changeset="64344158" uid="6726608" user="Joel Navarrete"/>
  <node id="6050364838" lat="33.9806479" lon="-6.8844267" version="1" timestamp="2018-11-10T03:14:08Z" changeset="64344158" uid="6726608" user="Joel Navarrete"/>
  <node id="6050364839" lat="33.9805003" lon="-6.8845882" version="1" timestamp="2018-11-10T03:14:08Z" changeset="64344158" uid="6726608" user="Joel Navarrete"/>
  <node id="6050364840" lat="33.9803426" lon="-6.8843785" version="1" timestamp="2018-11-10T03:14:08Z" changeset="64344158" uid="6726608" user="Joel Navarrete"/>
  <node id="6050364841" lat="33.9804903" lon="-6.8842171" version="1" timestamp="2018-11-10T03:14:08Z" changeset="64344158" uid="6726608" user="Joel Navarrete"/>
  <node id="6050364842" lat="33.9805853" lon="-6.8842799" version="1" timestamp="2018-11-10T03:14:08Z" changeset="64344158" uid="6726608" user="Joel Navarrete"/>
  <node id="6050364843" lat="33.9808470" lon="-6.8846401" version="1" timestamp="2018-11-10T03:14:08Z" changeset="64344158" uid="6726608" user="Joel Navarrete"/>
  <node id="6050364844" lat="33.9809040" lon="-6.8845799" version="1" timestamp="2018-11-10T03:14:08Z" changeset="64344158" uid="6726608" user="Joel Navarrete"/>
  <node id="6050364845" lat="33.9806423" lon="-6.8842197" version="1" timestamp="2018-11-10T03:14:08Z" changeset="64344158" uid="6726608" user="Joel Navarrete"/>
  <node id="6050364846" lat="33.9806790" lon="-6.8848456" version="1" timestamp="2018-11-10T03:14:08Z" changeset="64344158" uid="6726608" user="Joel Navarrete"/>
  <node id="6050364847" lat="33.9806267" lon="-6.8847759" version="1" timestamp="2018-11-10T03:14:08Z" changeset="64344158" uid="6726608" user="Joel Navarrete"/>
  <node id="6050364848" lat="33.9806859" lon="-6.8847112" version="1" timestamp="2018-11-10T03:14:08Z" changeset="64344158" uid="6726608" user="Joel Navarrete"/>
  <node id="6050364849" lat="33.9806194" lon="-6.8846226" version="1" timestamp="2018-11-10T03:14:08Z" changeset="64344158" uid="6726608" user="Joel Navarrete"/>
  <node id="6050364850" lat="33.9805576" lon="-6.8846901" version="1" timestamp="2018-11-10T03:14:08Z" changeset="64344158" uid="6726608" user="Joel Navarrete"/>
  <node id="6050364851" lat="33.9805011" lon="-6.8846150" version="1" timestamp="2018-11-10T03:14:08Z" changeset="64344158" uid="6726608" user="Joel Navarrete"/>
  <node id="6050364852" lat="33.9806695" lon="-6.8844311" version="1" timestamp="2018-11-10T03:14:08Z" changeset="64344158" uid="6726608" user="Joel Navarrete"/>
  <node id="6050364853" lat="33.9808448" lon="-6.8846646" version="1" timestamp="2018-11-10T03:14:08Z" changeset="64344158" uid="6726608" user="Joel Navarrete"/>
  <node id="6050364854" lat="33.9808451" lon="-6.8844742" version="1" timestamp="2018-11-10T03:14:08Z" changeset="64344158" uid="6726608" user="Joel Navarrete"/>
  <node id="6050364855" lat="33.9806806" lon="-6.8842522" version="1" timestamp="2018-11-10T03:14:08Z" changeset="64344158" uid="6726608" user="Joel Navarrete"/>
  <node id="6050364856" lat="33.9808490" lon="-6.8840708" version="1" timestamp="2018-11-10T03:14:08Z" changeset="64344158" uid="6726608" user="Joel Navarrete"/>
  <node id="6050364857" lat="33.9809697" lon="-6.8842338" version="1" timestamp="2018-11-10T03:14:08Z" changeset="64344158" uid="6726608" user="Joel Navarrete"/>
  <node id="6050364858" lat="33.9809099" lon="-6.8842983" version="1" timestamp="2018-11-10T03:14:08Z" changeset="64344158" uid="6726608" user="Joel Navarrete"/>
  <node id="6050364859" lat="33.9808953" lon="-6.8842786" version="1" timestamp="2018-11-10T03:14:08Z" changeset="64344158" uid="6726608" user="Joel Navarrete"/>
  <node id="6050364860" lat="33.9808411" lon="-6.8843370" version="1" timestamp="2018-11-10T03:14:09Z" changeset="64344158" uid="6726608" user="Joel Navarrete"/>
  <node id="6050364861" lat="33.9808994" lon="-6.8844156" version="1" timestamp="2018-11-10T03:14:09Z" changeset="64344158" uid="6726608" user="Joel Navarrete"/>
  <node id="6050364862" lat="33.9811335" lon="-6.8844473" version="1" timestamp="2018-11-10T03:14:09Z" changeset="64344158" uid="6726608" user="Joel Navarrete"/>
  <node id="6050364863" lat="33.9810109" lon="-6.8845765" version="1" timestamp="2018-11-10T03:14:09Z" changeset="64344158" uid="6726608" user="Joel Navarrete"/>
  <node id="6050364864" lat="33.9809653" lon="-6.8845135" version="1" timestamp="2018-11-10T03:14:09Z" changeset="64344158" uid="6726608" user="Joel Navarrete"/>
  <node id="6050364865" lat="33.9809254" lon="-6.8845555" version="1" timestamp="2018-11-10T03:14:09Z" changeset="64344158" uid="6726608" user="Joel Navarrete"/>
  <node id="6050364866" lat="33.9808788" lon="-6.8844912" version="1" timestamp="2018-11-10T03:14:09Z" changeset="64344158" uid="6726608" user="Joel Navarrete"/>
  <node id="6050364867" lat="33.9810413" lon="-6.8843200" version="1" timestamp="2018-11-10T03:14:09Z" changeset="64344158" uid="6726608" user="Joel Navarrete"/>
  <node id="6050364876" lat="33.9811941" lon="-6.8839120" version="1" timestamp="2018-11-10T03:14:09Z" changeset="64344158" uid="6726608" user="Joel Navarrete"/>
  <node id="6050364877" lat="33.9810329" lon="-6.8840810" version="1" timestamp="2018-11-10T03:14:09Z" changeset="64344158" uid="6726608" user="Joel Navarrete"/>
  <node id="6050364878" lat="33.9811841" lon="-6.8842909" version="1" timestamp="2018-11-10T03:14:09Z" changeset="64344158" uid="6726608" user="Joel Navarrete"/>
  <node id="6050364879" lat="33.9813453" lon="-6.8841219" version="1" timestamp="2018-11-10T03:14:09Z" changeset="64344158" uid="6726608" user="Joel Navarrete"/>
  <node id="6642530076" lat="33.9801176" lon="-6.8869987" version="1" timestamp="2019-07-24T06:15:30Z" changeset="72585249" uid="8793994" user="pinky_16"/>
  <node id="6657079647" lat="33.9845326" lon="-6.8843983" version="3" timestamp="2019-11-12T21:18:37Z" changeset="76982269" uid="10147140" user="HenryFjord"/>
  <node id="6739400794" lat="33.9818094" lon="-6.8812475" version="1" timestamp="2019-08-23T16:51:16Z" changeset="73676610" uid="9535055" user="HanaumaBay"/>
  <node id="6739400795" lat="33.9819050" lon="-6.8811764" version="1" timestamp="2019-08-23T16:51:16Z" changeset="73676610" uid="9535055" user="HanaumaBay"/>
  <node id="6739400796" lat="33.9814902" lon="-6.8815801" version="1" timestamp="2019-08-23T16:51:16Z" changeset="73676610" uid="9535055" user="HanaumaBay"/>
  <node id="6739400797" lat="33.9787667" lon="-6.8845774" version="1" timestamp="2019-08-23T16:51:16Z" changeset="73676610" uid="9535055" user="HanaumaBay"/>
  <node id="6739843114" lat="33.9789936" lon="-6.8822587" version="2" timestamp="2019-08-26T11:20:09Z" changeset="73746803" uid="9535055" user="HanaumaBay"/>
  <node id="6739843115" lat="33.9788552" lon="-6.8820233" version="3" timestamp="2019-11-11T22:41:11Z" changeset="76932818" uid="10147140" user="HenryFjord"/>
  <node id="6739843116" lat="33.9799133" lon="-6.8837399" version="1" timestamp="2019-08-23T17:52:12Z" changeset="73678822" uid="9535055" user="HanaumaBay"/>
  <node id="6739843117" lat="33.9798554" lon="-6.8836454" version="1" timestamp="2019-08-23T17:52:12Z" changeset="73678822" uid="9535055" user="HanaumaBay"/>
  <node id="6739843118" lat="33.9799655" lon="-6.8838432" version="1" timestamp="2019-08-23T17:52:12Z" changeset="73678822" uid="9535055" user="HanaumaBay"/>
  <node id="6739843119" lat="33.9803347" lon="-6.8844943" version="1" timestamp="2019-08-23T17:52:12Z" changeset="73678822" uid="9535055" user="HanaumaBay"/>
  <node id="6739843120" lat="33.9802530" lon="-6.8843561" version="1" timestamp="2019-08-23T17:52:12Z" changeset="73678822" uid="9535055" user="HanaumaBay"/>
  <node id="6739843121" lat="33.9804371" lon="-6.8846599" version="1" timestamp="2019-08-23T17:52:12Z" changeset="73678822" uid="9535055" user="HanaumaBay"/>
  <node id="6745901212" lat="33.9803509" lon="-6.8848235" version="1" timestamp="2019-08-26T11:11:58Z" changeset="73746369" uid="9535055" user="HanaumaBay"/>
  <node id="6745901213" lat="33.9804131" lon="-6.8849181" version="1" timestamp="2019-08-26T11:11:58Z" changeset="73746369" uid="9535055" user="HanaumaBay"/>
  <node id="6745901214" lat="33.9799091" lon="-6.8840983" version="1" timestamp="2019-08-26T11:11:58Z" changeset="73746369" uid="9535055" user="HanaumaBay"/>
  <node id="6745901215" lat="33.9799108" lon="-6.8840785" version="1" timestamp="2019-08-26T11:11:58Z" changeset="73746369" uid="9535055" user="HanaumaBay"/>
  <node id="6745901216" lat="33.9799133" lon="-6.8841194" version="1" timestamp="2019-08-26T11:11:58Z" changeset="73746369" uid="9535055" user="HanaumaBay"/>
  <node id="6746055388" lat="33.9809030" lon="-6.8840484" version="1" timestamp="2019-08-26T12:17:52Z" changeset="73749658" uid="9535055" user="HanaumaBay"/>
  <node id="6746055389" lat="33.9809775" lon="-6.8841442" version="1" timestamp="2019-08-26T12:17:52Z" changeset="73749658" uid="9535055" user="HanaumaBay"/>
  <node id="6746055390" lat="33.9807179" lon="-6.8837862" version="2" timestamp="2019-08-26T12:49:11Z" changeset="73751254" uid="9535055" user="HanaumaBay"/>
  <node id="6746055391" lat="33.9808307" lon="-6.8839498" version="1" timestamp="2019-08-26T12:17:52Z" changeset="73749658" uid="9535055" user="HanaumaBay"/>
  <node id="6746059390" lat="33.9794851" lon="-6.8830873" version="1" timestamp="2019-08-26T12:20:01Z" changeset="73749763" uid="9535055" user="HanaumaBay"/>
  <node id="6746115499" lat="33.9808736" lon="-6.8840083" version="1" timestamp="2019-08-26T12:49:11Z" changeset="73751254" uid="9535055" user="HanaumaBay"/>
  <node id="6746192699" lat="33.9792632" lon="-6.8848993" version="1" timestamp="2019-08-26T13:15:39Z" changeset="73752575" uid="9535055" user="HanaumaBay"/>
  <node id="6746192700" lat="33.9791286" lon="-6.8850763" version="2" timestamp="2019-09-03T13:19:36Z" changeset="74041213" uid="9535306" user="Ialomita"/>
  <node id="6746192701" lat="33.9793150" lon="-6.8848416" version="1" timestamp="2019-08-26T13:15:39Z" changeset="73752575" uid="9535055" user="HanaumaBay"/>
  <node id="6746192702" lat="33.9791849" lon="-6.8849858" version="3" timestamp="2023-05-21T06:20:42Z" changeset="136360083" uid="454932" user="Cyrille37"/>
  <node id="6746192703" lat="33.9788357" lon="-6.8854606" version="4" timestamp="2023-05-21T06:20:42Z" changeset="136360083" uid="454932" user="Cyrille37"/>
  <node id="6746192704" lat="33.9787422" lon="-6.8856476" version="4" timestamp="2023-05-21T06:20:42Z" changeset="136360083" uid="454932" user="Cyrille37"/>
  <node id="6746192705" lat="33.9795101" lon="-6.8846425" version="1" timestamp="2019-08-26T13:15:39Z" changeset="73752575" uid="9535055" user="HanaumaBay"/>
  <node id="6746192706" lat="33.9799392" lon="-6.8847577" version="1" timestamp="2019-08-26T13:15:39Z" changeset="73752575" uid="9535055" user="HanaumaBay"/>
  <node id="6746192707" lat="33.9797068" lon="-6.8849571" version="1" timestamp="2019-08-26T13:15:39Z" changeset="73752575" uid="9535055" user="HanaumaBay"/>
  <node id="6746192708" lat="33.9794772" lon="-6.8845874" version="1" timestamp="2019-08-26T13:15:39Z" changeset="73752575" uid="9535055" user="HanaumaBay"/>
  <node id="6746192709" lat="33.9801285" lon="-6.8850904" version="2" timestamp="2019-09-03T16:22:11Z" changeset="74049748" uid="9535306" user="Ialomita"/>
  <node id="6746192710" lat="33.9797003" lon="-6.8843763" version="1" timestamp="2019-08-26T13:15:39Z" changeset="73752575" uid="9535055" user="HanaumaBay"/>
  <node id="6746192711" lat="33.9799383" lon="-6.8841599" version="1" timestamp="2019-08-26T13:15:39Z" changeset="73752575" uid="9535055" user="HanaumaBay"/>
  <node id="6746192719" lat="33.9788579" lon="-6.8844701" version="1" timestamp="2019-08-26T13:15:39Z" changeset="73752575" uid="9535055" user="HanaumaBay"/>
  <node id="6750622747" lat="33.9840585" lon="-6.8848316" version="1" timestamp="2019-08-27T16:20:29Z" changeset="73806273" uid="9447030" user="Liamuiga"/>
  <node id="6750622748" lat="33.9837682" lon="-6.8850736" version="1" timestamp="2019-08-27T16:20:29Z" changeset="73806273" uid="9447030" user="Liamuiga"/>
  <node id="6750622749" lat="33.9832817" lon="-6.8854921" version="1" timestamp="2019-08-27T16:20:29Z" changeset="73806273" uid="9447030" user="Liamuiga"/>
  <node id="6752847175" lat="33.9835986" lon="-6.8852171" version="1" timestamp="2019-08-28T10:01:37Z" changeset="73832203" uid="9447030" user="Liamuiga"/>
  <node id="6752852169" lat="33.9829081" lon="-6.8888656" version="2" timestamp="2019-09-03T12:43:25Z" changeset="74039320" uid="9535306" user="Ialomita"/>
  <node id="6754008823" lat="33.9837666" lon="-6.8815586" version="1" timestamp="2019-08-28T18:01:49Z" changeset="73853087" uid="9447012" user="Popolopen"/>
  <node id="6754008829" lat="33.9848482" lon="-6.8837603" version="1" timestamp="2019-08-28T18:01:49Z" changeset="73853087" uid="9447012" user="Popolopen"/>
  <node id="6754008830" lat="33.9869758" lon="-6.8816377" version="1" timestamp="2019-08-28T18:01:49Z" changeset="73853087" uid="9447012" user="Popolopen"/>
  <node id="6755788895" lat="33.9840167" lon="-6.8792634" version="2" timestamp="2019-11-12T20:58:11Z" changeset="76981667" uid="10147140" user="HenryFjord"/>
  <node id="6755788905" lat="33.9836157" lon="-6.8798062" version="2" timestamp="2019-11-12T20:58:11Z" changeset="76981667" uid="10147140" user="HenryFjord"/>
  <node id="6769172286" lat="33.9778595" lon="-6.8882293" version="1" timestamp="2019-09-03T11:30:07Z" changeset="74035798" uid="9535306" user="Ialomita"/>
  <node id="6769172287" lat="33.9778492" lon="-6.8880851" version="1" timestamp="2019-09-03T11:30:07Z" changeset="74035798" uid="9535306" user="Ialomita"/>
  <node id="6769172288" lat="33.9778386" lon="-6.8881163" version="1" timestamp="2019-09-03T11:30:07Z" changeset="74035798" uid="9535306" user="Ialomita"/>
  <node id="6769172289" lat="33.9778353" lon="-6.8881448" version="1" timestamp="2019-09-03T11:30:07Z" changeset="74035798" uid="9535306" user="Ialomita"/>
  <node id="6769172290" lat="33.9778378" lon="-6.8881756" version="1" timestamp="2019-09-03T11:30:07Z" changeset="74035798" uid="9535306" user="Ialomita"/>
  <node id="6769172291" lat="33.9783363" lon="-6.8890725" version="1" timestamp="2019-09-03T11:30:07Z" changeset="74035798" uid="9535306" user="Ialomita"/>
  <node id="6769172292" lat="33.9783869" lon="-6.8890996" version="1" timestamp="2019-09-03T11:30:07Z" changeset="74035798" uid="9535306" user="Ialomita"/>
  <node id="6769172293" lat="33.9784253" lon="-6.8890923" version="1" timestamp="2019-09-03T11:30:07Z" changeset="74035798" uid="9535306" user="Ialomita"/>
  <node id="6769178336" lat="33.9807040" lon="-6.8852269" version="1" timestamp="2019-09-03T11:28:43Z" changeset="74035729" uid="9535306" user="Ialomita"/>
  <node id="6769178337" lat="33.9806909" lon="-6.8852235" version="1" timestamp="2019-09-03T11:28:43Z" changeset="74035729" uid="9535306" user="Ialomita"/>
  <node id="6769178338" lat="33.9806664" lon="-6.8852305" version="1" timestamp="2019-09-03T11:28:43Z" changeset="74035729" uid="9535306" user="Ialomita"/>
  <node id="6769178339" lat="33.9807166" lon="-6.8852337" version="1" timestamp="2019-09-03T11:28:43Z" changeset="74035729" uid="9535306" user="Ialomita"/>
  <node id="6769178340" lat="33.9809631" lon="-6.8856054" version="1" timestamp="2019-09-03T11:28:43Z" changeset="74035729" uid="9535306" user="Ialomita"/>
  <node id="6769178341" lat="33.9811970" lon="-6.8859618" version="1" timestamp="2019-09-03T11:28:43Z" changeset="74035729" uid="9535306" user="Ialomita"/>
  <node id="6769178342" lat="33.9812034" lon="-6.8859849" version="1" timestamp="2019-09-03T11:28:43Z" changeset="74035729" uid="9535306" user="Ialomita"/>
  <node id="6769178343" lat="33.9812044" lon="-6.8860077" version="1" timestamp="2019-09-03T11:28:43Z" changeset="74035729" uid="9535306" user="Ialomita"/>
  <node id="6769178344" lat="33.9811777" lon="-6.8861158" version="2" timestamp="2022-04-22T05:06:15Z" changeset="120028347" uid="14727398" user="Nar_ach"/>
  <node id="6769325327" lat="33.9797770" lon="-6.8871611" version="1" timestamp="2019-09-03T12:43:25Z" changeset="74039320" uid="9535306" user="Ialomita"/>
  <node id="6769325328" lat="33.9798082" lon="-6.8871711" version="1" timestamp="2019-09-03T12:43:25Z" changeset="74039320" uid="9535306" user="Ialomita"/>
  <node id="6769325329" lat="33.9798315" lon="-6.8871872" version="1" timestamp="2019-09-03T12:43:25Z" changeset="74039320" uid="9535306" user="Ialomita"/>
  <node id="6769325330" lat="33.9809625" lon="-6.8863986" version="1" timestamp="2019-09-03T12:43:25Z" changeset="74039320" uid="9535306" user="Ialomita"/>
  <node id="6769325331" lat="33.9809077" lon="-6.8864406" version="1" timestamp="2019-09-03T12:43:25Z" changeset="74039320" uid="9535306" user="Ialomita"/>
  <node id="6769325332" lat="33.9807590" lon="-6.8865140" version="1" timestamp="2019-09-03T12:43:25Z" changeset="74039320" uid="9535306" user="Ialomita"/>
  <node id="6769325333" lat="33.9805427" lon="-6.8866434" version="1" timestamp="2019-09-03T12:43:25Z" changeset="74039320" uid="9535306" user="Ialomita"/>
  <node id="6769325334" lat="33.9799929" lon="-6.8874253" version="1" timestamp="2019-09-03T12:43:25Z" changeset="74039320" uid="9535306" user="Ialomita"/>
  <node id="6769325335" lat="33.9793083" lon="-6.8880770" version="1" timestamp="2019-09-03T12:43:25Z" changeset="74039320" uid="9535306" user="Ialomita"/>
  <node id="6769325336" lat="33.9792694" lon="-6.8881012" version="1" timestamp="2019-09-03T12:43:25Z" changeset="74039320" uid="9535306" user="Ialomita"/>
  <node id="6769325337" lat="33.9792249" lon="-6.8881139" version="1" timestamp="2019-09-03T12:43:25Z" changeset="74039320" uid="9535306" user="Ialomita"/>
  <node id="6769325338" lat="33.9791081" lon="-6.8884727" version="1" timestamp="2019-09-03T12:43:25Z" changeset="74039320" uid="9535306" user="Ialomita"/>
  <node id="6769325339" lat="33.9790753" lon="-6.8885015" version="1" timestamp="2019-09-03T12:43:25Z" changeset="74039320" uid="9535306" user="Ialomita"/>
  <node id="6769325340" lat="33.9790492" lon="-6.8885142" version="1" timestamp="2019-09-03T12:43:25Z" changeset="74039320" uid="9535306" user="Ialomita"/>
  <node id="6769325341" lat="33.9804104" lon="-6.8852922" version="1" timestamp="2019-09-03T12:43:25Z" changeset="74039320" uid="9535306" user="Ialomita"/>
  <node id="6769325342" lat="33.9803448" lon="-6.8853419" version="1" timestamp="2019-09-03T12:43:25Z" changeset="74039320" uid="9535306" user="Ialomita"/>
  <node id="6769325343" lat="33.9794762" lon="-6.8861412" version="1" timestamp="2019-09-03T12:43:25Z" changeset="74039320" uid="9535306" user="Ialomita"/>
  <node id="6769325344" lat="33.9791131" lon="-6.8876807" version="1" timestamp="2019-09-03T12:43:25Z" changeset="74039320" uid="9535306" user="Ialomita"/>
  <node id="6769325345" lat="33.9789180" lon="-6.8892257" version="2" timestamp="2019-09-03T16:10:07Z" changeset="74049316" uid="9535306" user="Ialomita"/>
  <node id="6769325346" lat="33.9814502" lon="-6.8883090" version="1" timestamp="2019-09-03T12:43:25Z" changeset="74039320" uid="9535306" user="Ialomita"/>
  <node id="6769325347" lat="33.9817062" lon="-6.8883218" version="1" timestamp="2019-09-03T12:43:25Z" changeset="74039320" uid="9535306" user="Ialomita"/>
  <node id="6769325348" lat="33.9815058" lon="-6.8885880" version="1" timestamp="2019-09-03T12:43:25Z" changeset="74039320" uid="9535306" user="Ialomita"/>
  <node id="6769325361" lat="33.9816915" lon="-6.8869301" version="1" timestamp="2019-09-03T12:43:25Z" changeset="74039320" uid="9535306" user="Ialomita"/>
  <node id="6769407643" lat="33.9802903" lon="-6.8868667" version="1" timestamp="2019-09-03T13:19:36Z" changeset="74041213" uid="9535306" user="Ialomita"/>
  <node id="6769407644" lat="33.9799628" lon="-6.8862699" version="1" timestamp="2019-09-03T13:19:36Z" changeset="74041213" uid="9535306" user="Ialomita"/>
  <node id="6769407645" lat="33.9800278" lon="-6.8863511" version="2" timestamp="2022-04-13T08:05:19Z" changeset="119654416" uid="13196788" user="Can_Yon"/>
  <node id="6769407646" lat="33.9801774" lon="-6.8864530" version="1" timestamp="2019-09-03T13:19:36Z" changeset="74041213" uid="9535306" user="Ialomita"/>
  <node id="6769407647" lat="33.9802141" lon="-6.8857093" version="2" timestamp="2022-04-18T10:04:26Z" changeset="119849481" uid="13196804" user="Nad_Alley"/>
  <node id="6769407648" lat="33.9802875" lon="-6.8859252" version="1" timestamp="2019-09-03T13:19:36Z" changeset="74041213" uid="9535306" user="Ialomita"/>
  <node id="6769407649" lat="33.9791343" lon="-6.8862595" version="2" timestamp="2022-04-18T10:04:26Z" changeset="119849481" uid="13196804" user="Nad_Alley"/>
  <node id="6769407650" lat="33.9791693" lon="-6.8862391" version="1" timestamp="2019-09-03T13:19:36Z" changeset="74041213" uid="9535306" user="Ialomita"/>
  <node id="6769407651" lat="33.9792110" lon="-6.8862330" version="1" timestamp="2019-09-03T13:19:36Z" changeset="74041213" uid="9535306" user="Ialomita"/>
  <node id="6769407652" lat="33.9792594" lon="-6.8862350" version="1" timestamp="2019-09-03T13:19:36Z" changeset="74041213" uid="9535306" user="Ialomita"/>
  <node id="6769407653" lat="33.9791838" lon="-6.8858173" version="2" timestamp="2022-04-18T10:04:26Z" changeset="119849481" uid="13196804" user="Nad_Alley"/>
  <node id="6769407654" lat="33.9791560" lon="-6.8858313" version="2" timestamp="2022-04-18T10:04:26Z" changeset="119849481" uid="13196804" user="Nad_Alley"/>
  <node id="6769407655" lat="33.9791315" lon="-6.8858320" version="2" timestamp="2022-04-18T10:04:26Z" changeset="119849481" uid="13196804" user="Nad_Alley"/>
  <node id="6769407656" lat="33.9790976" lon="-6.8858213" version="2" timestamp="2022-04-18T10:04:26Z" changeset="119849481" uid="13196804" user="Nad_Alley"/>
  <node id="6769407657" lat="33.9786182" lon="-6.8855859" version="2" timestamp="2022-04-18T10:04:26Z" changeset="119849481" uid="13196804" user="Nad_Alley"/>
  <node id="6769407658" lat="33.9786504" lon="-6.8856208" version="2" timestamp="2022-04-18T10:04:26Z" changeset="119849481" uid="13196804" user="Nad_Alley"/>
  <node id="6769407659" lat="33.9786387" lon="-6.8872055" version="1" timestamp="2019-09-03T13:19:36Z" changeset="74041213" uid="9535306" user="Ialomita"/>
  <node id="6769407660" lat="33.9786255" lon="-6.8872228" version="1" timestamp="2019-09-03T13:19:36Z" changeset="74041213" uid="9535306" user="Ialomita"/>
  <node id="6769407661" lat="33.9786082" lon="-6.8872362" version="1" timestamp="2019-09-03T13:19:36Z" changeset="74041213" uid="9535306" user="Ialomita"/>
  <node id="6769407662" lat="33.9785893" lon="-6.8872382" version="1" timestamp="2019-09-03T13:19:36Z" changeset="74041213" uid="9535306" user="Ialomita"/>
  <node id="6769407663" lat="33.9779154" lon="-6.8880516" version="1" timestamp="2019-09-03T13:19:36Z" changeset="74041213" uid="9535306" user="Ialomita"/>
  <node id="6769407664" lat="33.9779365" lon="-6.8880945" version="1" timestamp="2019-09-03T13:19:36Z" changeset="74041213" uid="9535306" user="Ialomita"/>
  <node id="6769407665" lat="33.9778976" lon="-6.8878276" version="1" timestamp="2019-09-03T13:19:36Z" changeset="74041213" uid="9535306" user="Ialomita"/>
  <node id="6769407666" lat="33.9778915" lon="-6.8878832" version="1" timestamp="2019-09-03T13:19:36Z" changeset="74041213" uid="9535306" user="Ialomita"/>
  <node id="6769407667" lat="33.9778926" lon="-6.8879456" version="1" timestamp="2019-09-03T13:19:36Z" changeset="74041213" uid="9535306" user="Ialomita"/>
  <node id="6769407668" lat="33.9779682" lon="-6.8878806" version="1" timestamp="2019-09-03T13:19:36Z" changeset="74041213" uid="9535306" user="Ialomita"/>
  <node id="6769407669" lat="33.9779693" lon="-6.8879268" version="1" timestamp="2019-09-03T13:19:36Z" changeset="74041213" uid="9535306" user="Ialomita"/>
  <node id="6769407670" lat="33.9779760" lon="-6.8879664" version="1" timestamp="2019-09-03T13:19:36Z" changeset="74041213" uid="9535306" user="Ialomita"/>
  <node id="6769452653" lat="33.9826768" lon="-6.8859842" version="1" timestamp="2019-09-03T13:45:15Z" changeset="74042497" uid="9535306" user="Ialomita"/>
  <node id="6769452654" lat="33.9818744" lon="-6.8867312" version="1" timestamp="2019-09-03T13:45:15Z" changeset="74042497" uid="9535306" user="Ialomita"/>
  <node id="6769452660" lat="33.9784047" lon="-6.8893883" version="2" timestamp="2022-03-03T14:54:09Z" changeset="118059031" uid="14014474" user="Abdelrahman_mahmoud"/>
  <node id="6769470109" lat="33.9784108" lon="-6.8849590" version="1" timestamp="2019-09-03T13:48:14Z" changeset="74042638" uid="9535306" user="Ialomita"/>
  <node id="6769505590" lat="33.9774898" lon="-6.8867043" version="1" timestamp="2019-09-03T14:07:09Z" changeset="74043657" uid="9535306" user="Ialomita"/>
  <node id="6769505593" lat="33.9775606" lon="-6.8869510" version="1" timestamp="2019-09-03T14:07:09Z" changeset="74043657" uid="9535306" user="Ialomita"/>
  <node id="6769505594" lat="33.9785084" lon="-6.8854669" version="2" timestamp="2022-04-18T10:04:26Z" changeset="119849481" uid="13196804" user="Nad_Alley"/>
  <node id="6769505596" lat="33.9807785" lon="-6.8854569" version="1" timestamp="2019-09-03T14:07:09Z" changeset="74043657" uid="9535306" user="Ialomita"/>
  <node id="6769505597" lat="33.9802818" lon="-6.8859071" version="1" timestamp="2019-09-03T14:07:09Z" changeset="74043657" uid="9535306" user="Ialomita"/>
  <node id="6769505598" lat="33.9803678" lon="-6.8860694" version="1" timestamp="2019-09-03T14:07:09Z" changeset="74043657" uid="9535306" user="Ialomita"/>
  <node id="6769505599" lat="33.9810284" lon="-6.8858695" version="1" timestamp="2019-09-03T14:07:09Z" changeset="74043657" uid="9535306" user="Ialomita"/>
  <node id="6769505600" lat="33.9805093" lon="-6.8863236" version="1" timestamp="2019-09-03T14:07:09Z" changeset="74043657" uid="9535306" user="Ialomita"/>
  <node id="6769505603" lat="33.9801335" lon="-6.8890749" version="1" timestamp="2019-09-03T14:07:09Z" changeset="74043657" uid="9535306" user="Ialomita"/>
  <node id="6769505605" lat="33.9810099" lon="-6.8875749" version="1" timestamp="2019-09-03T14:07:09Z" changeset="74043657" uid="9535306" user="Ialomita"/>
  <node id="6769505606" lat="33.9813014" lon="-6.8880631" version="1" timestamp="2019-09-03T14:07:09Z" changeset="74043657" uid="9535306" user="Ialomita"/>
  <node id="6769505607" lat="33.9814301" lon="-6.8879496" version="1" timestamp="2019-09-03T14:07:09Z" changeset="74043657" uid="9535306" user="Ialomita"/>
  <node id="6769505608" lat="33.9811799" lon="-6.8881702" version="1" timestamp="2019-09-03T14:07:09Z" changeset="74043657" uid="9535306" user="Ialomita"/>
  <node id="6769505609" lat="33.9817665" lon="-6.8876606" version="1" timestamp="2019-09-03T14:07:09Z" changeset="74043657" uid="9535306" user="Ialomita"/>
  <node id="6769505610" lat="33.9808574" lon="-6.8884644" version="1" timestamp="2019-09-03T14:07:09Z" changeset="74043657" uid="9535306" user="Ialomita"/>
  <node id="6769586942" lat="33.9772136" lon="-6.8867286" version="1" timestamp="2019-09-03T14:38:37Z" changeset="74045316" uid="9535306" user="Ialomita"/>
  <node id="6769586943" lat="33.9774550" lon="-6.8869190" version="1" timestamp="2019-09-03T14:38:37Z" changeset="74045316" uid="9535306" user="Ialomita"/>
  <node id="6769586957" lat="33.9786382" lon="-6.8893967" version="2" timestamp="2019-09-03T16:10:07Z" changeset="74049316" uid="9535306" user="Ialomita"/>
  <node id="6769616495" lat="33.9799950" lon="-6.8863886" version="2" timestamp="2022-04-13T08:05:19Z" changeset="119654416" uid="13196788" user="Can_Yon"/>
  <node id="6769616496" lat="33.9799772" lon="-6.8864415" version="2" timestamp="2022-04-13T08:05:19Z" changeset="119654416" uid="13196788" user="Can_Yon"/>
  <node id="6769616497" lat="33.9799355" lon="-6.8865784" version="1" timestamp="2019-09-03T14:51:16Z" changeset="74045915" uid="9535306" user="Ialomita"/>
  <node id="6769616498" lat="33.9798921" lon="-6.8867098" version="2" timestamp="2022-04-13T08:05:19Z" changeset="119654416" uid="13196788" user="Can_Yon"/>
  <node id="6769616499" lat="33.9798532" lon="-6.8868479" version="1" timestamp="2019-09-03T14:51:16Z" changeset="74045915" uid="9535306" user="Ialomita"/>
  <node id="6769913973" lat="33.9788145" lon="-6.8892636" version="1" timestamp="2019-09-03T16:10:07Z" changeset="74049316" uid="9535306" user="Ialomita"/>
  <node id="6970242860" lat="33.9844862" lon="-6.8844693" version="1" timestamp="2019-11-12T21:18:37Z" changeset="76982269" uid="10147140" user="HenryFjord"/>
  <node id="6970242861" lat="33.9849320" lon="-6.8836289" version="1" timestamp="2019-11-12T21:18:37Z" changeset="76982269" uid="10147140" user="HenryFjord"/>
  <node id="8612614195" lat="33.9803441" lon="-6.8851789" version="1" timestamp="2021-04-09T18:29:35Z" changeset="102664047" uid="7370308" user="Traktorbek">
    <tag k="craft" v="tailor"/>
  </node>
  <node id="8738943399" lat="33.9783132" lon="-6.8893055" version="1" timestamp="2021-05-17T10:50:42Z" changeset="104819367" uid="2949841" user="devincia1"/>
  <node id="8738943400" lat="33.9780018" lon="-6.8893565" version="1" timestamp="2021-05-17T10:50:42Z" changeset="104819367" uid="2949841" user="devincia1"/>
  <node id="8738943401" lat="33.9779484" lon="-6.8892841" version="1" timestamp="2021-05-17T10:50:42Z" changeset="104819367" uid="2949841" user="devincia1"/>
  <node id="8738943402" lat="33.9778839" lon="-6.8892116" version="1" timestamp="2021-05-17T10:50:42Z" changeset="104819367" uid="2949841" user="devincia1"/>
  <node id="8738943403" lat="33.9778394" lon="-6.8891821" version="1" timestamp="2021-05-17T10:50:42Z" changeset="104819367" uid="2949841" user="devincia1"/>
  <node id="8738943404" lat="33.9777704" lon="-6.8891661" version="1" timestamp="2021-05-17T10:50:42Z" changeset="104819367" uid="2949841" user="devincia1"/>
  <node id="8738943405" lat="33.9777349" lon="-6.8891714" version="1" timestamp="2021-05-17T10:50:42Z" changeset="104819367" uid="2949841" user="devincia1"/>
  <node id="8738943406" lat="33.9776100" lon="-6.8889414" version="2" timestamp="2022-03-03T14:54:09Z" changeset="118059031" uid="14014474" user="Abdelrahman_mahmoud"/>
  <node id="8738943407" lat="33.9774079" lon="-6.8884284" version="1" timestamp="2021-05-17T10:50:42Z" changeset="104819367" uid="2949841" user="devincia1"/>
  <node id="8738943408" lat="33.9771610" lon="-6.8877901" version="1" timestamp="2021-05-17T10:50:42Z" changeset="104819367" uid="2949841" user="devincia1"/>
  <node id="8738943409" lat="33.9770787" lon="-6.8875406" version="1" timestamp="2021-05-17T10:50:42Z" changeset="104819367" uid="2949841" user="devincia1"/>
  <node id="8738943410" lat="33.9771499" lon="-6.8875514" version="1" timestamp="2021-05-17T10:50:42Z" changeset="104819367" uid="2949841" user="devincia1"/>
  <node id="8738943411" lat="33.9774635" lon="-6.8873234" version="1" timestamp="2021-05-17T10:50:42Z" changeset="104819367" uid="2949841" user="devincia1"/>
  <node id="8738943412" lat="33.9774368" lon="-6.8872241" version="1" timestamp="2021-05-17T10:50:42Z" changeset="104819367" uid="2949841" user="devincia1"/>
  <node id="8738943413" lat="33.9777282" lon="-6.8870498" version="1" timestamp="2021-05-17T10:50:42Z" changeset="104819367" uid="2949841" user="devincia1"/>
  <node id="8738943414" lat="33.9779929" lon="-6.8871276" version="1" timestamp="2021-05-17T10:50:42Z" changeset="104819367" uid="2949841" user="devincia1"/>
  <node id="8738943415" lat="33.9777927" lon="-6.8882246" version="1" timestamp="2021-05-17T10:50:42Z" changeset="104819367" uid="2949841" user="devincia1"/>
  <node id="8738943416" lat="33.9784177" lon="-6.8892841" version="1" timestamp="2021-05-17T10:50:42Z" changeset="104819367" uid="2949841" user="devincia1"/>
  <node id="8738953618" lat="33.9770192" lon="-6.8873918" version="2" timestamp="2022-03-03T14:54:09Z" changeset="118059031" uid="14014474" user="Abdelrahman_mahmoud"/>
  <node id="8738953619" lat="33.9777367" lon="-6.8884312" version="2" timestamp="2022-03-03T14:54:09Z" changeset="118059031" uid="14014474" user="Abdelrahman_mahmoud"/>
  <node id="8738953620" lat="33.9777846" lon="-6.8882658" version="2" timestamp="2022-03-03T14:54:09Z" changeset="118059031" uid="14014474" user="Abdelrahman_mahmoud"/>
  <node id="8738953621" lat="33.9781533" lon="-6.8890079" version="1" timestamp="2021-05-17T10:50:42Z" changeset="104819367" uid="2949841" user="devincia1"/>
  <node id="8738953622" lat="33.9780107" lon="-6.8889944" version="1" timestamp="2021-05-17T10:50:42Z" changeset="104819367" uid="2949841" user="devincia1"/>
  <node id="8738953623" lat="33.9778772" lon="-6.8889515" version="1" timestamp="2021-05-17T10:50:42Z" changeset="104819367" uid="2949841" user="devincia1"/>
  <node id="8738953624" lat="33.9777415" lon="-6.8888549" version="1" timestamp="2021-05-17T10:50:42Z" changeset="104819367" uid="2949841" user="devincia1"/>
  <node id="8738953625" lat="33.9776493" lon="-6.8887589" version="2" timestamp="2022-03-03T14:54:09Z" changeset="118059031" uid="14014474" user="Abdelrahman_mahmoud"/>
  <node id="8738953626" lat="33.9775962" lon="-6.8886963" version="2" timestamp="2022-03-03T14:54:09Z" changeset="118059031" uid="14014474" user="Abdelrahman_mahmoud"/>
  <node id="8738953628" lat="33.9773866" lon="-6.8883733" version="2" timestamp="2022-03-03T14:54:09Z" changeset="118059031" uid="14014474" user="Abdelrahman_mahmoud"/>
  <node id="8738953630" lat="33.9776350" lon="-6.8882881" version="2" timestamp="2022-03-03T14:54:09Z" changeset="118059031" uid="14014474" user="Abdelrahman_mahmoud"/>
  <node id="8738953631" lat="33.9777599" lon="-6.8882231" version="2" timestamp="2022-03-03T14:54:09Z" changeset="118059031" uid="14014474" user="Abdelrahman_mahmoud"/>
  <node id="8738953633" lat="33.9782970" lon="-6.8891080" version="2" timestamp="2022-03-03T14:54:09Z" changeset="118059031" uid="14014474" user="Abdelrahman_mahmoud"/>
  <node id="8738953634" lat="33.9774146" lon="-6.8875835" version="1" timestamp="2021-05-17T10:50:42Z" changeset="104819367" uid="2949841" user="devincia1"/>
  <node id="8738953635" lat="33.9771605" lon="-6.8877994" version="2" timestamp="2022-03-03T14:54:09Z" changeset="118059031" uid="14014474" user="Abdelrahman_mahmoud"/>
  <node id="8738953636" lat="33.9772450" lon="-6.8877273" version="2" timestamp="2022-03-03T14:54:09Z" changeset="118059031" uid="14014474" user="Abdelrahman_mahmoud"/>
  <node id="8738953637" lat="33.9779528" lon="-6.8871624" version="1" timestamp="2021-05-17T10:50:42Z" changeset="104819367" uid="2949841" user="devincia1"/>
  <node id="8738953639" lat="33.9774537" lon="-6.8880332" version="2" timestamp="2022-03-03T14:54:09Z" changeset="118059031" uid="14014474" user="Abdelrahman_mahmoud"/>
  <node id="9212376265" lat="33.9812502" lon="-6.8845478" version="2" timestamp="2025-06-22T00:54:25Z" changeset="167934865" uid="21853634" user="ilias_">
    <tag k="addr:city" v="Rabat"/>
    <tag k="addr:postcode" v="10000"/>
    <tag k="addr:street" v="Avenue Al Izdihar شارع الإزدهار"/>
    <tag k="amenity" v="pharmacy"/>
    <tag k="dispensing" v="yes"/>
    <tag k="healthcare" v="pharmacy"/>
    <tag k="name" v="Pharmacie El Mansour صيدلية المنصور"/>
  </node>
  <node id="9212962521" lat="33.9781948" lon="-6.8854167" version="2" timestamp="2025-06-22T00:57:58Z" changeset="167934898" uid="21853634" user="ilias_">
    <tag k="addr:city" v="Rabat"/>
    <tag k="addr:postcode" v="10153"/>
    <tag k="addr:street" v="شارع المسيرة"/>
    <tag k="amenity" v="pharmacy"/>
    <tag k="dispensing" v="yes"/>
    <tag k="healthcare" v="pharmacy"/>
    <tag k="name" v="Pharmacie Tarik صيدلية طارق"/>
  </node>
  <node id="9413400112" lat="33.9786504" lon="-6.8845447" version="1" timestamp="2022-01-12T18:08:54Z" changeset="116077299" uid="3981879" user="سامي ايت علي ولحسن"/>
  <node id="9413400113" lat="33.9780943" lon="-6.8835603" version="1" timestamp="2022-01-12T18:08:54Z" changeset="116077299" uid="3981879" user="سامي ايت علي ولحسن"/>
  <node id="9413400114" lat="33.9782834" lon="-6.8833189" version="1" timestamp="2022-01-12T18:08:54Z" changeset="116077299" uid="3981879" user="سامي ايت علي ولحسن"/>
  <node id="9413400115" lat="33.9785681" lon="-6.8834638" version="1" timestamp="2022-01-12T18:08:54Z" changeset="116077299" uid="3981879" user="سامي ايت علي ولحسن"/>
  <node id="9413400116" lat="33.9786948" lon="-6.8835308" version="1" timestamp="2022-01-12T18:08:54Z" changeset="116077299" uid="3981879" user="سامي ايت علي ولحسن"/>
  <node id="9413433517" lat="33.9787972" lon="-6.8835979" version="1" timestamp="2022-01-12T18:08:54Z" changeset="116077299" uid="3981879" user="سامي ايت علي ولحسن"/>
  <node id="9413433518" lat="33.9789506" lon="-6.8837374" version="1" timestamp="2022-01-12T18:08:54Z" changeset="116077299" uid="3981879" user="سامي ايت علي ولحسن"/>
  <node id="9413433519" lat="33.9790151" lon="-6.8838581" version="1" timestamp="2022-01-12T18:08:54Z" changeset="116077299" uid="3981879" user="سامي ايت علي ولحسن"/>
  <node id="9413433520" lat="33.9790819" lon="-6.8839975" version="1" timestamp="2022-01-12T18:08:54Z" changeset="116077299" uid="3981879" user="سامي ايت علي ولحسن"/>
  <node id="9413433521" lat="33.9790351" lon="-6.8841236" version="1" timestamp="2022-01-12T18:08:54Z" changeset="116077299" uid="3981879" user="سامي ايت علي ولحسن"/>
  <node id="9413433522" lat="33.9774455" lon="-6.8853759" version="1" timestamp="2022-01-12T18:08:54Z" changeset="116077299" uid="3981879" user="سامي ايت علي ولحسن"/>
  <node id="9413433523" lat="33.9776157" lon="-6.8856071" version="1" timestamp="2022-01-12T18:08:54Z" changeset="116077299" uid="3981879" user="سامي ايت علي ولحسن"/>
  <node id="9413433524" lat="33.9785560" lon="-6.8846003" version="1" timestamp="2022-01-12T18:08:54Z" changeset="116077299" uid="3981879" user="سامي ايت علي ولحسن"/>
  <node id="9413433525" lat="33.9783856" lon="-6.8843690" version="1" timestamp="2022-01-12T18:08:54Z" changeset="116077299" uid="3981879" user="سامي ايت علي ولحسن"/>
  <node id="9498319331" lat="33.9774285" lon="-6.8860608" version="1" timestamp="2022-02-11T15:08:37Z" changeset="117291725" uid="3981879" user="سامي ايت علي ولحسن"/>
  <node id="9552080764" lat="33.9782840" lon="-6.8891124" version="1" timestamp="2022-03-03T14:54:09Z" changeset="118059031" uid="14014474" user="Abdelrahman_mahmoud"/>
  <node id="9552080765" lat="33.9782674" lon="-6.8891096" version="1" timestamp="2022-03-03T14:54:09Z" changeset="118059031" uid="14014474" user="Abdelrahman_mahmoud"/>
  <node id="9552080766" lat="33.9782522" lon="-6.8890966" version="1" timestamp="2022-03-03T14:54:09Z" changeset="118059031" uid="14014474" user="Abdelrahman_mahmoud"/>
  <node id="9552080777" lat="33.9775491" lon="-6.8886269" version="1" timestamp="2022-03-03T14:54:09Z" changeset="118059031" uid="14014474" user="Abdelrahman_mahmoud"/>
  <node id="9552080778" lat="33.9774798" lon="-6.8884687" version="1" timestamp="2022-03-03T14:54:09Z" changeset="118059031" uid="14014474" user="Abdelrahman_mahmoud"/>
  <node id="9552080779" lat="33.9775101" lon="-6.8885506" version="1" timestamp="2022-03-03T14:54:09Z" changeset="118059031" uid="14014474" user="Abdelrahman_mahmoud"/>
  <node id="9552080780" lat="33.9774588" lon="-6.8883828" version="1" timestamp="2022-03-03T14:54:09Z" changeset="118059031" uid="14014474" user="Abdelrahman_mahmoud"/>
  <node id="9552080781" lat="33.9773839" lon="-6.8884218" version="1" timestamp="2022-03-03T14:54:09Z" changeset="118059031" uid="14014474" user="Abdelrahman_mahmoud"/>
  <node id="9552080784" lat="33.9776018" lon="-6.8889611" version="1" timestamp="2022-03-03T14:54:09Z" changeset="118059031" uid="14014474" user="Abdelrahman_mahmoud"/>
  <node id="9662462103" lat="33.9803199" lon="-6.8868397" version="1" timestamp="2022-04-13T07:47:30Z" changeset="119653626" uid="13196788" user="Can_Yon"/>
  <node id="9662462104" lat="33.9806250" lon="-6.8873267" version="1" timestamp="2022-04-13T07:47:30Z" changeset="119653626" uid="13196788" user="Can_Yon"/>
  <node id="9662469054" lat="33.9807994" lon="-6.8869061" version="2" timestamp="2022-04-13T11:48:24Z" changeset="119664535" uid="12511110" user="Greenboina"/>
  <node id="9662469055" lat="33.9805719" lon="-6.8866196" version="2" timestamp="2022-04-18T04:04:01Z" changeset="119836863" uid="13196788" user="Can_Yon"/>
  <node id="9662469056" lat="33.9807173" lon="-6.8868989" version="2" timestamp="2022-04-18T04:04:01Z" changeset="119836863" uid="13196788" user="Can_Yon"/>
  <node id="9662469057" lat="33.9807520" lon="-6.8869337" version="2" timestamp="2022-04-13T11:48:24Z" changeset="119664535" uid="12511110" user="Greenboina"/>
  <node id="9662469058" lat="33.9808174" lon="-6.8869002" version="2" timestamp="2022-04-18T04:04:01Z" changeset="119836863" uid="13196788" user="Can_Yon"/>
  <node id="9662469059" lat="33.9808485" lon="-6.8869177" version="1" timestamp="2022-04-13T07:47:02Z" changeset="119653603" uid="13196788" user="Can_Yon"/>
  <node id="9662469060" lat="33.9811778" lon="-6.8874222" version="1" timestamp="2022-04-13T07:47:02Z" changeset="119653603" uid="13196788" user="Can_Yon"/>
  <node id="9662469061" lat="33.9809775" lon="-6.8870920" version="1" timestamp="2022-04-13T07:47:02Z" changeset="119653603" uid="13196788" user="Can_Yon"/>
  <node id="9662469062" lat="33.9809386" lon="-6.8870383" version="2" timestamp="2022-04-18T04:04:01Z" changeset="119836863" uid="13196788" user="Can_Yon"/>
  <node id="9662469063" lat="33.9809141" lon="-6.8870598" version="1" timestamp="2022-04-13T07:47:02Z" changeset="119653603" uid="13196788" user="Can_Yon"/>
  <node id="9662469064" lat="33.9806995" lon="-6.8872570" version="1" timestamp="2022-04-13T07:47:02Z" changeset="119653603" uid="13196788" user="Can_Yon"/>
  <node id="9662469065" lat="33.9803548" lon="-6.8875091" version="1" timestamp="2022-04-13T07:47:02Z" changeset="119653603" uid="13196788" user="Can_Yon"/>
  <node id="9662469066" lat="33.9805549" lon="-6.8874460" version="1" timestamp="2022-04-13T07:47:02Z" changeset="119653603" uid="13196788" user="Can_Yon"/>
  <node id="9662469067" lat="33.9801072" lon="-6.8871884" version="1" timestamp="2022-04-13T07:47:02Z" changeset="119653603" uid="13196788" user="Can_Yon"/>
  <node id="9662469068" lat="33.9803781" lon="-6.8875198" version="1" timestamp="2022-04-13T07:47:02Z" changeset="119653603" uid="13196788" user="Can_Yon"/>
  <node id="9662469069" lat="33.9804048" lon="-6.8875077" version="1" timestamp="2022-04-13T07:47:02Z" changeset="119653603" uid="13196788" user="Can_Yon"/>
  <node id="9662469070" lat="33.9805004" lon="-6.8874434" version="1" timestamp="2022-04-13T07:47:02Z" changeset="119653603" uid="13196788" user="Can_Yon"/>
  <node id="9662469071" lat="33.9805305" lon="-6.8874085" version="1" timestamp="2022-04-13T07:47:02Z" changeset="119653603" uid="13196788" user="Can_Yon"/>
  <node id="9662469072" lat="33.9805832" lon="-6.8874985" version="2" timestamp="2022-04-13T11:48:24Z" changeset="119664535" uid="12511110" user="Greenboina"/>
  <node id="9662469073" lat="33.9807607" lon="-6.8878055" version="1" timestamp="2022-04-13T07:47:02Z" changeset="119653603" uid="13196788" user="Can_Yon"/>
  <node id="9662512925" lat="33.9799611" lon="-6.8867460" version="1" timestamp="2022-04-13T08:05:19Z" changeset="119654416" uid="13196788" user="Can_Yon"/>
  <node id="9662512926" lat="33.9798250" lon="-6.8860328" version="1" timestamp="2022-04-13T08:05:19Z" changeset="119654416" uid="13196788" user="Can_Yon"/>
  <node id="9662512927" lat="33.9796575" lon="-6.8866280" version="1" timestamp="2022-04-13T08:05:19Z" changeset="119654416" uid="13196788" user="Can_Yon"/>
  <node id="9662512928" lat="33.9793549" lon="-6.8865213" version="1" timestamp="2022-04-13T08:05:19Z" changeset="119654416" uid="13196788" user="Can_Yon"/>
  <node id="9662513223" lat="33.9805280" lon="-6.8856839" version="1" timestamp="2022-04-13T08:03:32Z" changeset="119654349" uid="13196788" user="Can_Yon"/>
  <node id="9662513224" lat="33.9807904" lon="-6.8860777" version="1" timestamp="2022-04-13T08:03:32Z" changeset="119654349" uid="13196788" user="Can_Yon"/>
  <node id="9662547797" lat="33.9803511" lon="-6.8846693" version="1" timestamp="2022-04-13T08:26:41Z" changeset="119655361" uid="7370308" user="Traktorbek">
    <tag k="amenity" v="cafe"/>
    <tag k="name" v="Luna Palace"/>
  </node>
  <node id="9663127146" lat="33.9808367" lon="-6.8869065" version="1" timestamp="2022-04-13T11:48:24Z" changeset="119664535" uid="12511110" user="Greenboina"/>
  <node id="9663127147" lat="33.9807670" lon="-6.8869277" version="1" timestamp="2022-04-13T11:48:24Z" changeset="119664535" uid="12511110" user="Greenboina"/>
  <node id="9663127148" lat="33.9807386" lon="-6.8869290" version="1" timestamp="2022-04-13T11:48:24Z" changeset="119664535" uid="12511110" user="Greenboina"/>
  <node id="9663127149" lat="33.9807262" lon="-6.8869153" version="2" timestamp="2022-04-18T04:04:01Z" changeset="119836863" uid="13196788" user="Can_Yon"/>
  <node id="9665159819" lat="33.9791067" lon="-6.8877151" version="1" timestamp="2022-04-14T07:17:28Z" changeset="119697589" uid="14728772" user="Green_wood"/>
  <node id="9665159820" lat="33.9794248" lon="-6.8878063" version="1" timestamp="2022-04-14T07:17:28Z" changeset="119697589" uid="14728772" user="Green_wood"/>
  <node id="9665182917" lat="33.9788856" lon="-6.8877857" version="1" timestamp="2022-04-14T07:21:23Z" changeset="119697732" uid="14728772" user="Green_wood"/>
  <node id="9665182918" lat="33.9790826" lon="-6.8878450" version="1" timestamp="2022-04-14T07:21:23Z" changeset="119697732" uid="14728772" user="Green_wood"/>
  <node id="9673319266" lat="33.9808930" lon="-6.8869767" version="1" timestamp="2022-04-18T04:04:01Z" changeset="119836863" uid="13196788" user="Can_Yon"/>
  <node id="9673945092" lat="33.9794675" lon="-6.8855478" version="1" timestamp="2022-04-18T10:04:26Z" changeset="119849481" uid="13196804" user="Nad_Alley"/>
  <node id="9673945093" lat="33.9796540" lon="-6.8858779" version="1" timestamp="2022-04-18T10:04:26Z" changeset="119849481" uid="13196804" user="Nad_Alley"/>
  <node id="9673945094" lat="33.9790900" lon="-6.8847950" version="1" timestamp="2022-04-18T10:04:26Z" changeset="119849481" uid="13196804" user="Nad_Alley"/>
  <node id="9673945095" lat="33.9790889" lon="-6.8847819" version="1" timestamp="2022-04-18T10:04:26Z" changeset="119849481" uid="13196804" user="Nad_Alley"/>
  <node id="9673945096" lat="33.9790834" lon="-6.8848044" version="1" timestamp="2022-04-18T10:04:26Z" changeset="119849481" uid="13196804" user="Nad_Alley"/>
  <node id="9673945097" lat="33.9789502" lon="-6.8849663" version="1" timestamp="2022-04-18T10:04:26Z" changeset="119849481" uid="13196804" user="Nad_Alley"/>
  <node id="9673945098" lat="33.9791609" lon="-6.8858924" version="1" timestamp="2022-04-18T10:04:26Z" changeset="119849481" uid="13196804" user="Nad_Alley"/>
  <node id="9673945099" lat="33.9791582" lon="-6.8859192" version="1" timestamp="2022-04-18T10:04:26Z" changeset="119849481" uid="13196804" user="Nad_Alley"/>
  <node id="9673945100" lat="33.9791237" lon="-6.8861472" version="1" timestamp="2022-04-18T10:04:26Z" changeset="119849481" uid="13196804" user="Nad_Alley"/>
  <node id="9673945101" lat="33.9791253" lon="-6.8860600" version="1" timestamp="2022-04-18T10:04:26Z" changeset="119849481" uid="13196804" user="Nad_Alley"/>
  <node id="9673945102" lat="33.9793022" lon="-6.8851625" version="1" timestamp="2022-04-18T10:04:26Z" changeset="119849481" uid="13196804" user="Nad_Alley"/>
  <node id="9673945105" lat="33.9793939" lon="-6.8850844" version="2" timestamp="2023-05-21T06:20:42Z" changeset="136360083" uid="454932" user="Cyrille37"/>
  <node id="9673945110" lat="33.9795966" lon="-6.8854313" version="1" timestamp="2022-04-18T10:04:26Z" changeset="119849481" uid="13196804" user="Nad_Alley"/>
  <node id="9673945111" lat="33.9790441" lon="-6.8851923" version="1" timestamp="2022-04-18T10:04:26Z" changeset="119849481" uid="13196804" user="Nad_Alley"/>
  <node id="9673945112" lat="33.9793375" lon="-6.8856651" version="1" timestamp="2022-04-18T10:04:26Z" changeset="119849481" uid="13196804" user="Nad_Alley"/>
  <node id="9673945113" lat="33.9785129" lon="-6.8861088" version="1" timestamp="2022-04-18T10:04:26Z" changeset="119849481" uid="13196804" user="Nad_Alley"/>
  <node id="9676580242" lat="33.9795081" lon="-6.8899475" version="1" timestamp="2022-04-19T08:24:02Z" changeset="119893860" uid="14728720" user="Saa_dani"/>
  <node id="9679058105" lat="33.9800934" lon="-6.8847229" version="1" timestamp="2022-04-20T05:52:51Z" changeset="119934299" uid="14728791" user="Rtanj"/>
  <node id="9679058106" lat="33.9799764" lon="-6.8848231" version="1" timestamp="2022-04-20T05:52:51Z" changeset="119934299" uid="14728791" user="Rtanj"/>
  <node id="9679058107" lat="33.9802194" lon="-6.8846154" version="1" timestamp="2022-04-20T05:52:51Z" changeset="119934299" uid="14728791" user="Rtanj"/>
  <node id="9679513156" lat="33.9870643" lon="-6.8815455" version="1" timestamp="2022-04-20T09:16:24Z" changeset="119943304" uid="14728791" user="Rtanj"/>
  <node id="9684389486" lat="33.9817708" lon="-6.8855037" version="1" timestamp="2022-04-22T05:02:18Z" changeset="120028236" uid="14727398" user="Nar_ach"/>
  <node id="9684441632" lat="33.9815147" lon="-6.8857831" version="1" timestamp="2022-04-22T05:06:15Z" changeset="120028347" uid="14727398" user="Nar_ach"/>
  <node id="9684441633" lat="33.9817884" lon="-6.8855272" version="1" timestamp="2022-04-22T05:06:15Z" changeset="120028347" uid="14727398" user="Nar_ach"/>
  <node id="9713031051" lat="33.9801862" lon="-6.8830346" version="1" timestamp="2022-05-04T06:07:18Z" changeset="120525422" uid="14728681" user="Jebel_Hafeet"/>
  <node id="9713602067" lat="33.9785871" lon="-6.8886323" version="2" timestamp="2024-04-23T18:08:49Z" changeset="150409484" uid="8792857" user="Admasawi"/>
  <node id="9713602068" lat="33.9786119" lon="-6.8883618" version="2" timestamp="2024-04-23T18:08:49Z" changeset="150409484" uid="8792857" user="Admasawi"/>
  <node id="10082114859" lat="33.9778666" lon="-6.8855980" version="1" timestamp="2022-10-07T14:39:45Z" changeset="127156107" uid="578772" user="alain2003">
    <tag k="bus" v="yes"/>
    <tag k="highway" v="bus_stop"/>
    <tag k="name" v="Complexe sportif Al Amal"/>
    <tag k="network" v="ALSA Citybus RST"/>
    <tag k="operator" v="ALSA Citybus RST"/>
    <tag k="public_transport" v="platform"/>
    <tag k="public_transport:version" v="2"/>
  </node>
  <node id="10082114860" lat="33.9777397" lon="-6.8837622" version="1" timestamp="2022-10-07T14:39:45Z" changeset="127156107" uid="578772" user="alain2003"/>
  <node id="10082114861" lat="33.9779639" lon="-6.8835240" version="1" timestamp="2022-10-07T14:39:45Z" changeset="127156107" uid="578772" user="alain2003"/>
  <node id="10082114862" lat="33.9782518" lon="-6.8839183" version="1" timestamp="2022-10-07T14:39:45Z" changeset="127156107" uid="578772" user="alain2003"/>
  <node id="10082114863" lat="33.9782255" lon="-6.8839462" version="1" timestamp="2022-10-07T14:39:45Z" changeset="127156107" uid="578772" user="alain2003"/>
  <node id="10082114864" lat="33.9782685" lon="-6.8840051" version="1" timestamp="2022-10-07T14:39:45Z" changeset="127156107" uid="578772" user="alain2003"/>
  <node id="10082114865" lat="33.9780706" lon="-6.8842153" version="1" timestamp="2022-10-07T14:39:45Z" changeset="127156107" uid="578772" user="alain2003"/>
  <node id="10082114884" lat="33.9786311" lon="-6.8840611" version="1" timestamp="2022-10-07T14:39:45Z" changeset="127156107" uid="578772" user="alain2003"/>
  <node id="10082114885" lat="33.9786967" lon="-6.8840405" version="1" timestamp="2022-10-07T14:39:45Z" changeset="127156107" uid="578772" user="alain2003"/>
  <node id="10082114886" lat="33.9787141" lon="-6.8841208" version="1" timestamp="2022-10-07T14:39:45Z" changeset="127156107" uid="578772" user="alain2003"/>
  <node id="10082114887" lat="33.9787912" lon="-6.8840966" version="1" timestamp="2022-10-07T14:39:45Z" changeset="127156107" uid="578772" user="alain2003"/>
  <node id="10082114888" lat="33.9788104" lon="-6.8841855" version="1" timestamp="2022-10-07T14:39:45Z" changeset="127156107" uid="578772" user="alain2003"/>
  <node id="10082114889" lat="33.9787426" lon="-6.8842068" version="1" timestamp="2022-10-07T14:39:45Z" changeset="127156107" uid="578772" user="alain2003"/>
  <node id="10082114890" lat="33.9787611" lon="-6.8842922" version="1" timestamp="2022-10-07T14:39:45Z" changeset="127156107" uid="578772" user="alain2003"/>
  <node id="10082114891" lat="33.9786861" lon="-6.8843157" version="1" timestamp="2022-10-07T14:39:45Z" changeset="127156107" uid="578772" user="alain2003"/>
  <node id="10082114892" lat="33.9785828" lon="-6.8841648" version="1" timestamp="2022-10-07T14:39:45Z" changeset="127156107" uid="578772" user="alain2003"/>
  <node id="10082114893" lat="33.9786120" lon="-6.8842801" version="1" timestamp="2022-10-07T14:39:45Z" changeset="127156107" uid="578772" user="alain2003"/>
  <node id="10082114894" lat="33.9785387" lon="-6.8843071" version="1" timestamp="2022-10-07T14:39:45Z" changeset="127156107" uid="578772" user="alain2003"/>
  <node id="10082114895" lat="33.9785096" lon="-6.8841917" version="1" timestamp="2022-10-07T14:39:45Z" changeset="127156107" uid="578772" user="alain2003"/>
  <node id="10082141120" lat="33.9784061" lon="-6.8842925" version="1" timestamp="2022-10-07T14:39:45Z" changeset="127156107" uid="578772" user="alain2003"/>
  <node id="10082141121" lat="33.9786735" lon="-6.8846774" version="1" timestamp="2022-10-07T14:39:45Z" changeset="127156107" uid="578772" user="alain2003"/>
  <node id="10082141122" lat="33.9774015" lon="-6.8853706" version="1" timestamp="2022-10-07T14:39:45Z" changeset="127156107" uid="578772" user="alain2003"/>
  <node id="10082141123" lat="33.9776924" lon="-6.8857510" version="1" timestamp="2022-10-07T14:39:45Z" changeset="127156107" uid="578772" user="alain2003"/>
  <node id="11842008611" lat="33.9785778" lon="-6.8874875" version="1" timestamp="2024-04-23T18:08:49Z" changeset="150409484" uid="8792857" user="Admasawi"/>
  <node id="11842008612" lat="33.9782932" lon="-6.8874008" version="1" timestamp="2024-04-23T18:08:49Z" changeset="150409484" uid="8792857" user="Admasawi"/>
  <node id="11842008613" lat="33.9792109" lon="-6.8841585" version="1" timestamp="2024-04-23T18:08:49Z" changeset="150409484" uid="8792857" user="Admasawi"/>
  <node id="11842008614" lat="33.9791788" lon="-6.8842395" version="1" timestamp="2024-04-23T18:08:49Z" changeset="150409484" uid="8792857" user="Admasawi"/>
  <node id="11842008615" lat="33.9789812" lon="-6.8844829" version="1" timestamp="2024-04-23T18:08:49Z" changeset="150409484" uid="8792857" user="Admasawi"/>
  <node id="11842008616" lat="33.9788890" lon="-6.8845121" version="1" timestamp="2024-04-23T18:08:49Z" changeset="150409484" uid="8792857" user="Admasawi"/>
  <node id="11842008624" lat="33.9814725" lon="-6.8850752" version="1" timestamp="2024-04-23T18:08:49Z" changeset="150409484" uid="8792857" user="Admasawi"/>
  <node id="11842008625" lat="33.9813310" lon="-6.8848692" version="1" timestamp="2024-04-23T18:08:49Z" changeset="150409484" uid="8792857" user="Admasawi"/>
  <node id="11842008626" lat="33.9811738" lon="-6.8850563" version="1" timestamp="2024-04-23T18:08:49Z" changeset="150409484" uid="8792857" user="Admasawi"/>
  <node id="11842008627" lat="33.9812947" lon="-6.8852309" version="1" timestamp="2024-04-23T18:08:49Z" changeset="150409484" uid="8792857" user="Admasawi"/>
  <node id="11842008636" lat="33.9819243" lon="-6.8857084" version="1" timestamp="2024-04-23T18:08:49Z" changeset="150409484" uid="8792857" user="Admasawi"/>
  <node id="11842008640" lat="33.9820207" lon="-6.8858370" version="1" timestamp="2024-04-23T18:08:49Z" changeset="150409484" uid="8792857" user="Admasawi"/>
  <node id="11946398707" lat="33.9817953" lon="-6.8838191" version="1" timestamp="2024-05-31T01:51:00Z" changeset="152059168" uid="15058556" user="JiangjunMNT"/>
  <node id="11946398709" lat="33.9817828" lon="-6.8838320" version="1" timestamp="2024-05-31T01:51:00Z" changeset="152059168" uid="15058556" user="JiangjunMNT"/>
  <node id="12152808700" lat="33.9806981" lon="-6.8879565" version="1" timestamp="2024-09-03T00:20:33Z" changeset="156120476" uid="578772" user="alain2003">
    <tag k="bus" v="yes"/>
    <tag k="highway" v="bus_stop"/>
    <tag k="name" v="Ec.Hohamed Belghazi"/>
    <tag k="network" v="ALSA Citybus RST"/>
    <tag k="network:wikidata" v="Q111211361"/>
    <tag k="operator" v="ALSA Citybus RST"/>
    <tag k="public_transport" v="platform"/>
    <tag k="public_transport:version" v="2"/>
  </node>
  <node id="12152808701" lat="33.9805689" lon="-6.8878704" version="1" timestamp="2024-09-03T00:20:33Z" changeset="156120476" uid="578772" user="alain2003">
    <tag k="bus" v="yes"/>
    <tag k="highway" v="bus_stop"/>
    <tag k="name" v="Ec.Hohamed Belghazi"/>
    <tag k="network" v="ALSA Citybus RST"/>
    <tag k="network:wikidata" v="Q111211361"/>
    <tag k="operator" v="ALSA Citybus RST"/>
    <tag k="public_transport" v="platform"/>
    <tag k="public_transport:version" v="2"/>
  </node>
  <node id="12152848313" lat="33.9853775" lon="-6.8774094" version="1" timestamp="2024-09-03T01:15:59Z" changeset="156121155" uid="578772" user="alain2003">
    <tag k="highway" v="traffic_signals"/>
    <tag k="traffic_signals" v="signal"/>
  </node>
  <node id="12152848315" lat="33.9855563" lon="-6.8771771" version="1" timestamp="2024-09-03T01:15:59Z" changeset="156121155" uid="578772" user="alain2003"/>
  <node id="13271444967" lat="33.9854876" lon="-6.8830390" version="2" timestamp="2025-11-03T13:36:11Z" changeset="174148289" uid="23310642" user="LakeTorrens"/>
  <node id="13299402891" lat="33.9814058" lon="-6.8872143" version="1" timestamp="2025-11-12T11:55:48Z" changeset="174555938" uid="11538330" user="Hel23"/>
  <node id="13299402892" lat="33.9813526" lon="-6.8871288" version="1" timestamp="2025-11-12T11:55:48Z" changeset="174555938" uid="11538330" user="Hel23"/>
  <node id="13299402893" lat="33.9810447" lon="-6.8866518" version="1" timestamp="2025-11-12T11:55:48Z" changeset="174555938" uid="11538330" user="Hel23"/>
  <node id="13299402894" lat="33.9813393" lon="-6.8863943" version="1" timestamp="2025-11-12T11:55:48Z" changeset="174555938" uid="11538330" user="Hel23"/>
  <node id="13299402895" lat="33.9808409" lon="-6.8868318" version="1" timestamp="2025-11-12T11:55:48Z" changeset="174555938" uid="11538330" user="Hel23"/>
  <node id="13299402896" lat="33.9808223" lon="-6.8868645" version="1" timestamp="2025-11-12T11:55:48Z" changeset="174555938" uid="11538330" user="Hel23"/>
  <node id="13825985203" lat="33.9812120" lon="-6.8842230" version="1" timestamp="2026-05-13T22:01:01Z" changeset="182622413" uid="24040477" user="Mohamed mkm">
    <tag k="amenity" v="cafe"/>
    <tag k="name" v="Café chopp"/>
  </node>
  <node id="13825985307" lat="33.9813820" lon="-6.8870790" version="1" timestamp="2026-05-13T22:01:02Z" changeset="182622413" uid="24040477" user="Mohamed mkm">
    <tag k="amenity" v="restaurant"/>
    <tag k="name" v="Skemo Za3za3"/>
  </node>
  <node id="13825988501" lat="33.9813149" lon="-6.8861343" version="1" timestamp="2026-05-13T22:01:02Z" changeset="182622413" uid="24040477" user="Mohamed mkm">
    <tag k="amenity" v="restaurant"/>
    <tag k="name" v="SEA FOOD MQILLA"/>
  </node>
  <node id="13922851081" lat="33.9773473" lon="-6.8861591" version="1" timestamp="2026-06-09T12:18:19Z" changeset="183873006" uid="22866534" user="WasserMountain">
    <tag k="highway" v="crossing"/>
  </node>
  <way id="121088450" version="35" timestamp="2026-06-09T12:18:19Z" changeset="183873006" uid="22866534" user="WasserMountain">
    <nd ref="410956490"/>
    <nd ref="13922851081"/>
    <nd ref="5764484823"/>
    <nd ref="9498319331"/>
    <nd ref="10082141123"/>
    <nd ref="2189105537"/>
    <nd ref="2189105393"/>
    <nd ref="6769470109"/>
    <nd ref="10082141121"/>
    <nd ref="6739400797"/>
    <nd ref="6746192719"/>
    <nd ref="2189105542"/>
    <nd ref="2189105494"/>
    <nd ref="5766588146"/>
    <nd ref="9713031051"/>
    <nd ref="5766588147"/>
    <nd ref="2189105512"/>
    <nd ref="5766588149"/>
    <nd ref="2189105500"/>
    <nd ref="5766440891"/>
    <nd ref="2189105389"/>
    <nd ref="6739400796"/>
    <nd ref="2189105495"/>
    <nd ref="6739400794"/>
    <nd ref="6739400795"/>
    <nd ref="2189105521"/>
    <nd ref="2187492060"/>
    <nd ref="2189105447"/>
    <nd ref="2189105510"/>
    <nd ref="2187492117"/>
    <nd ref="6755788905"/>
    <nd ref="2187492113"/>
    <nd ref="5766440892"/>
    <nd ref="5766588136"/>
    <nd ref="6755788895"/>
    <nd ref="5588778835"/>
    <nd ref="5766588133"/>
    <nd ref="5766440893"/>
    <nd ref="2189105538"/>
    <nd ref="5588778833"/>
    <nd ref="5766440894"/>
    <nd ref="2189105525"/>
    <nd ref="12152848313"/>
    <nd ref="5766588137"/>
    <nd ref="12152848315"/>
    <tag k="highway" v="tertiary"/>
    <tag k="lanes" v="4"/>
    <tag k="lit" v="yes"/>
    <tag k="maxspeed" v="60"/>
    <tag k="name" v="شارع المسيرة"/>
    <tag k="name:ar" v="شارع المسيرة"/>
    <tag k="name:fr" v="Avenue El Massira"/>
    <tag k="oneway" v="no"/>
    <tag k="shoulder" v="both"/>
    <tag k="sidewalk" v="both"/>
    <tag k="surface" v="asphalt"/>
  </way>
  <way id="121088452" version="32" timestamp="2025-11-03T13:36:11Z" changeset="174148289" uid="23310642" user="LakeTorrens">
    <nd ref="30062561"/>
    <nd ref="6769325361"/>
    <nd ref="6769452654"/>
    <nd ref="30062562"/>
    <nd ref="6769452653"/>
    <nd ref="30062563"/>
    <nd ref="6750622749"/>
    <nd ref="30062564"/>
    <nd ref="6752847175"/>
    <nd ref="6750622748"/>
    <nd ref="6750622747"/>
    <nd ref="30062565"/>
    <nd ref="30062566"/>
    <nd ref="6970242860"/>
    <nd ref="6657079647"/>
    <nd ref="30062567"/>
    <nd ref="30062568"/>
    <nd ref="6754008829"/>
    <nd ref="6970242861"/>
    <nd ref="30062569"/>
    <nd ref="30062570"/>
    <nd ref="4431802271"/>
    <nd ref="13271444967"/>
    <nd ref="2189105320"/>
    <nd ref="30062571"/>
    <nd ref="30062572"/>
    <nd ref="30062573"/>
    <nd ref="5588778840"/>
    <nd ref="30062574"/>
    <nd ref="6754008830"/>
    <nd ref="9679513156"/>
    <nd ref="30062578"/>
    <tag k="highway" v="tertiary"/>
    <tag k="lanes" v="4"/>
    <tag k="name" v="Avenue Al Mostakbal شارع المستقبل"/>
    <tag k="name:ar" v="شارع المستقبل"/>
    <tag k="name:fr" v="Avenue Al Mostakbal"/>
    <tag k="surface" v="asphalt"/>
  </way>
  <way id="176729644" version="17" timestamp="2025-11-12T11:55:48Z" changeset="174555938" uid="11538330" user="Hel23">
    <nd ref="6769325361"/>
    <nd ref="13299402894"/>
    <nd ref="2189105418"/>
    <nd ref="6769178344"/>
    <nd ref="6769505599"/>
    <nd ref="6769505596"/>
    <nd ref="5766387586"/>
    <nd ref="1872091370"/>
    <nd ref="6745901213"/>
    <nd ref="6745901212"/>
    <nd ref="2189105391"/>
    <nd ref="9679058107"/>
    <nd ref="6746192711"/>
    <nd ref="6745901216"/>
    <nd ref="6745901214"/>
    <nd ref="6745901215"/>
    <nd ref="5588803279"/>
    <tag k="highway" v="residential"/>
    <tag k="name" v="Rue Ibn Al Haitam"/>
    <tag k="surface" v="asphalt"/>
  </way>
  <way id="208638515" version="19" timestamp="2024-05-31T01:51:00Z" changeset="152059168" uid="15058556" user="JiangjunMNT">
    <nd ref="6769913973"/>
    <nd ref="5766387592"/>
    <nd ref="5588783836"/>
    <nd ref="5766387650"/>
    <nd ref="2189105524"/>
    <nd ref="9665182918"/>
    <nd ref="9665159819"/>
    <nd ref="6769325344"/>
    <nd ref="2189105476"/>
    <nd ref="9662512928"/>
    <nd ref="2189105316"/>
    <nd ref="6769325343"/>
    <nd ref="2189105502"/>
    <nd ref="9673945093"/>
    <nd ref="5766388061"/>
    <nd ref="2189105398"/>
    <nd ref="2189105531"/>
    <nd ref="5766387649"/>
    <nd ref="2189105496"/>
    <nd ref="6769325342"/>
    <nd ref="6769325341"/>
    <nd ref="1872091370"/>
    <nd ref="5588803278"/>
    <nd ref="5588803282"/>
    <nd ref="5588803281"/>
    <nd ref="2189105491"/>
    <nd ref="2189105332"/>
    <nd ref="11946398709"/>
    <nd ref="11946398707"/>
    <nd ref="5766387583"/>
    <nd ref="2189105536"/>
    <nd ref="2189105527"/>
    <nd ref="5588803273"/>
    <nd ref="2189105466"/>
    <nd ref="1872091150"/>
    <nd ref="2189105366"/>
    <nd ref="2189105457"/>
    <nd ref="6754008823"/>
    <nd ref="2189105323"/>
    <nd ref="5766387645"/>
    <nd ref="5766387643"/>
    <nd ref="5766387641"/>
    <nd ref="5766588356"/>
    <nd ref="4431802284"/>
    <tag k="highway" v="residential"/>
    <tag k="name" v="Avenue Al Izdihar شارع الإزدهار"/>
    <tag k="name:ar" v="شارع الإزدهار"/>
    <tag k="name:fr" v="Avenue Al Izdihar"/>
    <tag k="surface" v="asphalt"/>
  </way>
  <way id="208638519" version="3" timestamp="2018-07-27T00:09:14Z" changeset="61103532" uid="7674729" user="UncoolGuyJake">
    <nd ref="2189105503"/>
    <nd ref="2189105367"/>
    <tag k="highway" v="residential"/>
    <tag k="surface" v="asphalt"/>
  </way>
  <way id="208638523" version="7" timestamp="2019-09-03T14:07:09Z" changeset="74043657" uid="9535306" user="Ialomita">
    <nd ref="2189105393"/>
    <nd ref="6769505594"/>
    <nd ref="2189105371"/>
    <nd ref="6769407657"/>
    <nd ref="6769407658"/>
    <nd ref="6746192704"/>
    <nd ref="2189105350"/>
    <nd ref="6769407656"/>
    <nd ref="6769407655"/>
    <nd ref="6769407654"/>
    <nd ref="6769407653"/>
    <nd ref="5588783840"/>
    <tag k="highway" v="residential"/>
    <tag k="surface" v="asphalt"/>
  </way>
  <way id="208638526" version="4" timestamp="2019-09-03T14:38:37Z" changeset="74045316" uid="9535306" user="Ialomita">
    <nd ref="6769586957"/>
    <nd ref="1872090938"/>
    <nd ref="2189105404"/>
    <nd ref="5766388065"/>
    <nd ref="2189105351"/>
    <nd ref="6769407664"/>
    <nd ref="6769407663"/>
    <nd ref="2189105354"/>
    <nd ref="6769407667"/>
    <nd ref="6769407666"/>
    <nd ref="6769407665"/>
    <nd ref="2189105394"/>
    <nd ref="2189105497"/>
    <nd ref="2189105419"/>
    <nd ref="2189105460"/>
    <tag k="highway" v="residential"/>
    <tag k="surface" v="asphalt"/>
  </way>
  <way id="208638536" version="10" timestamp="2022-04-13T07:47:30Z" changeset="119653626" uid="13196788" user="Can_Yon">
    <nd ref="2189105418"/>
    <nd ref="6769325330"/>
    <nd ref="6769325331"/>
    <nd ref="2189105432"/>
    <nd ref="6769325332"/>
    <nd ref="2189105374"/>
    <nd ref="9662469055"/>
    <nd ref="6769325333"/>
    <nd ref="5766388058"/>
    <nd ref="9662462103"/>
    <nd ref="6769407643"/>
    <nd ref="2189105399"/>
    <nd ref="6050364425"/>
    <nd ref="9662469067"/>
    <nd ref="2189105421"/>
    <nd ref="6769325334"/>
    <tag k="highway" v="residential"/>
    <tag k="surface" v="asphalt"/>
  </way>
  <way id="208638539" version="7" timestamp="2026-06-14T01:38:55Z" changeset="184077151" uid="22449695" user="ghitsssssssss">
    <nd ref="2189105316"/>
    <nd ref="6769407652"/>
    <nd ref="6769407651"/>
    <nd ref="6769407650"/>
    <nd ref="6769407649"/>
    <nd ref="2189105416"/>
    <nd ref="2189105479"/>
    <nd ref="5588803283"/>
    <nd ref="9673945113"/>
    <nd ref="2189105460"/>
    <nd ref="2189105469"/>
    <nd ref="2189105537"/>
    <tag k="highway" v="residential"/>
    <tag k="surface" v="asphalt"/>
  </way>
  <way id="208638551" version="4" timestamp="2018-07-17T17:45:03Z" changeset="60808848" uid="8282035" user="lacielrouge">
    <nd ref="2189105313"/>
    <nd ref="5588783837"/>
    <nd ref="2189105427"/>
    <nd ref="2189105524"/>
    <nd ref="5588803265"/>
    <nd ref="5588803286"/>
    <nd ref="5766387590"/>
    <nd ref="2189105394"/>
    <tag k="highway" v="residential"/>
    <tag k="surface" v="asphalt"/>
  </way>
  <way id="208638557" version="5" timestamp="2019-09-03T12:43:25Z" changeset="74039320" uid="9535306" user="Ialomita">
    <nd ref="5656786474"/>
    <nd ref="2189105419"/>
    <nd ref="5588803284"/>
    <nd ref="2189105503"/>
    <nd ref="5766387587"/>
    <nd ref="5588803264"/>
    <nd ref="2189105476"/>
    <nd ref="2189105483"/>
    <nd ref="6769325327"/>
    <nd ref="6769325328"/>
    <nd ref="6769325329"/>
    <nd ref="2189105368"/>
    <nd ref="6769325334"/>
    <nd ref="2189105437"/>
    <nd ref="2189105378"/>
    <tag k="highway" v="residential"/>
    <tag k="surface" v="asphalt"/>
  </way>
  <way id="241288378" version="1" timestamp="2013-10-09T16:45:21Z" changeset="18267961" uid="1502046" user="Human65536">
    <nd ref="2489699972"/>
    <nd ref="2489699994"/>
    <nd ref="2489699982"/>
    <nd ref="2489699971"/>
    <nd ref="2489699972"/>
    <tag k="leisure" v="pitch"/>
    <tag k="sport" v="soccer"/>
  </way>
  <way id="368640491" version="8" timestamp="2019-09-03T14:38:37Z" changeset="74045316" uid="9535306" user="Ialomita">
    <nd ref="2189105367"/>
    <nd ref="6769407659"/>
    <nd ref="6769407660"/>
    <nd ref="6769407661"/>
    <nd ref="6769407662"/>
    <nd ref="5588803285"/>
    <nd ref="2189105497"/>
    <nd ref="2189105338"/>
    <nd ref="6769505593"/>
    <nd ref="6769586943"/>
    <nd ref="2189105330"/>
    <nd ref="6769586942"/>
    <nd ref="5656786475"/>
    <tag k="highway" v="residential"/>
    <tag k="surface" v="asphalt"/>
  </way>
  <way id="454404529" version="1" timestamp="2016-11-19T00:35:09Z" changeset="43785136" uid="4816089" user="osm10005">
    <nd ref="4509644788"/>
    <nd ref="4509644989"/>
    <nd ref="4509644990"/>
    <nd ref="4509644991"/>
    <nd ref="4509644788"/>
    <tag k="amenity" v="place_of_worship"/>
    <tag k="building" v="yes"/>
    <tag k="name" v="Masjid Ouhoud"/>
    <tag k="religion" v="muslim"/>
  </way>
  <way id="584727016" version="3" timestamp="2019-09-03T12:43:25Z" changeset="74039320" uid="9535306" user="Ialomita">
    <nd ref="5766387650"/>
    <nd ref="5766387651"/>
    <nd ref="6769325340"/>
    <nd ref="6769325339"/>
    <nd ref="6769325338"/>
    <nd ref="5588783837"/>
    <tag k="highway" v="residential"/>
    <tag k="surface" v="asphalt"/>
  </way>
  <way id="584727017" version="2" timestamp="2018-07-17T17:45:07Z" changeset="60808848" uid="8282035" user="lacielrouge">
    <nd ref="5588783836"/>
    <nd ref="5766387593"/>
    <nd ref="5588783838"/>
    <tag k="highway" v="residential"/>
    <tag k="oneway" v="yes"/>
    <tag k="surface" v="asphalt"/>
  </way>
  <way id="584727018" version="2" timestamp="2018-07-17T17:45:07Z" changeset="60808848" uid="8282035" user="lacielrouge">
    <nd ref="30062558"/>
    <nd ref="5588783839"/>
    <tag k="highway" v="residential"/>
    <tag k="surface" v="asphalt"/>
  </way>
  <way id="584727019" version="2" timestamp="2018-07-17T17:45:07Z" changeset="60808848" uid="8282035" user="lacielrouge">
    <nd ref="2189105350"/>
    <nd ref="2189105479"/>
    <tag k="highway" v="residential"/>
    <tag k="surface" v="asphalt"/>
  </way>
  <way id="584727025" version="5" timestamp="2022-04-19T08:24:02Z" changeset="119893860" uid="14728720" user="Saa_dani">
    <nd ref="5588783844"/>
    <nd ref="9676580242"/>
    <nd ref="5588783843"/>
    <nd ref="5766387596"/>
    <nd ref="5588783845"/>
    <nd ref="5766388055"/>
    <nd ref="5588783842"/>
    <tag k="highway" v="residential"/>
    <tag k="name" v="Rue Abou Zaid Al Qorchi"/>
    <tag k="surface" v="asphalt"/>
  </way>
  <way id="584727026" version="3" timestamp="2019-09-03T14:07:09Z" changeset="74043657" uid="9535306" user="Ialomita">
    <nd ref="30062557"/>
    <nd ref="6769505603"/>
    <nd ref="5588783845"/>
    <tag k="highway" v="residential"/>
    <tag k="surface" v="asphalt"/>
  </way>
  <way id="584727027" version="3" timestamp="2019-09-03T12:43:25Z" changeset="74039320" uid="9535306" user="Ialomita">
    <nd ref="1913335233"/>
    <nd ref="5766387597"/>
    <nd ref="5588783847"/>
    <nd ref="6769325348"/>
    <nd ref="6769325347"/>
    <nd ref="5766387625"/>
    <nd ref="5588783846"/>
    <tag k="highway" v="residential"/>
    <tag k="surface" v="asphalt"/>
  </way>
  <way id="584727028" version="4" timestamp="2019-09-03T14:07:09Z" changeset="74043657" uid="9535306" user="Ialomita">
    <nd ref="30062559"/>
    <nd ref="5766388053"/>
    <nd ref="6769505610"/>
    <nd ref="5588783842"/>
    <nd ref="5766387628"/>
    <nd ref="5588783847"/>
    <tag k="highway" v="residential"/>
    <tag k="surface" v="asphalt"/>
  </way>
  <way id="584727029" version="3" timestamp="2022-04-14T07:17:28Z" changeset="119697589" uid="14728772" user="Green_wood">
    <nd ref="5588783848"/>
    <nd ref="9665159820"/>
    <nd ref="2189105483"/>
    <tag k="highway" v="residential"/>
    <tag k="surface" v="asphalt"/>
  </way>
  <way id="584727030" version="9" timestamp="2022-10-08T22:39:44Z" changeset="127223680" uid="578772" user="alain2003">
    <nd ref="1913335327"/>
    <nd ref="1872091126"/>
    <nd ref="6752852169"/>
    <nd ref="5588783846"/>
    <nd ref="30062561"/>
    <tag k="highway" v="residential"/>
    <tag k="name" v="Rue Ibn Al Haitam"/>
    <tag k="surface" v="asphalt"/>
  </way>
  <way id="584727752" version="4" timestamp="2019-09-03T14:07:09Z" changeset="74043657" uid="9535306" user="Ialomita">
    <nd ref="2189105330"/>
    <nd ref="6769505590"/>
    <nd ref="5656786474"/>
    <nd ref="5656786473"/>
    <nd ref="2189105469"/>
    <tag k="highway" v="residential"/>
    <tag k="surface" v="asphalt"/>
  </way>
  <way id="584727753" version="3" timestamp="2019-09-03T12:43:25Z" changeset="74039320" uid="9535306" user="Ialomita">
    <nd ref="2189105437"/>
    <nd ref="5588783839"/>
    <nd ref="5588783848"/>
    <nd ref="6769325335"/>
    <nd ref="6769325336"/>
    <nd ref="6769325337"/>
    <nd ref="2189105427"/>
    <tag k="highway" v="residential"/>
    <tag k="surface" v="asphalt"/>
  </way>
  <way id="584729657" version="3" timestamp="2022-04-14T07:21:23Z" changeset="119697732" uid="14728772" user="Green_wood">
    <nd ref="5588803265"/>
    <nd ref="9665182917"/>
    <nd ref="5588803264"/>
    <tag k="highway" v="residential"/>
    <tag k="surface" v="asphalt"/>
  </way>
  <way id="584729663" version="8" timestamp="2019-11-11T22:41:11Z" changeset="76932818" uid="10147140" user="HenryFjord">
    <nd ref="5588803278"/>
    <nd ref="6739843121"/>
    <nd ref="6739843119"/>
    <nd ref="6739843120"/>
    <nd ref="2189105475"/>
    <nd ref="6739843118"/>
    <nd ref="6739843116"/>
    <nd ref="6739843117"/>
    <nd ref="2189105494"/>
    <nd ref="6746059390"/>
    <nd ref="6739843114"/>
    <nd ref="6739843115"/>
    <tag k="highway" v="residential"/>
    <tag k="surface" v="asphalt"/>
  </way>
  <way id="584729665" version="4" timestamp="2019-08-26T12:49:11Z" changeset="73751254" uid="9535055" user="HanaumaBay">
    <nd ref="5588803281"/>
    <nd ref="6746055389"/>
    <nd ref="6746055388"/>
    <nd ref="6746115499"/>
    <nd ref="6746055391"/>
    <nd ref="6746055390"/>
    <nd ref="5588803280"/>
    <tag k="highway" v="residential"/>
    <tag k="surface" v="asphalt"/>
  </way>
  <way id="584729666" version="5" timestamp="2024-04-23T18:08:49Z" changeset="150409484" uid="8792857" user="Admasawi">
    <nd ref="5588803282"/>
    <nd ref="11842008625"/>
    <nd ref="11842008624"/>
    <nd ref="9684389486"/>
    <nd ref="9684441633"/>
    <nd ref="11842008636"/>
    <nd ref="11842008640"/>
    <nd ref="30062562"/>
    <tag k="highway" v="residential"/>
    <tag k="surface" v="asphalt"/>
  </way>
  <way id="584729667" version="2" timestamp="2018-07-17T17:45:08Z" changeset="60808848" uid="8282035" user="lacielrouge">
    <nd ref="5588803284"/>
    <nd ref="5588803283"/>
    <tag k="highway" v="residential"/>
    <tag k="surface" v="asphalt"/>
  </way>
  <way id="584729668" version="3" timestamp="2024-04-23T18:08:49Z" changeset="150409484" uid="8792857" user="Admasawi">
    <nd ref="5588803286"/>
    <nd ref="11842008612"/>
    <nd ref="5588803285"/>
    <tag k="highway" v="residential"/>
    <tag k="surface" v="asphalt"/>
  </way>
  <way id="589852494" version="5" timestamp="2024-04-23T18:08:49Z" changeset="150409484" uid="8792857" user="Admasawi">
    <nd ref="2189105542"/>
    <nd ref="11842008613"/>
    <nd ref="6746192708"/>
    <nd ref="6746192705"/>
    <nd ref="6746192707"/>
    <nd ref="5656786472"/>
    <nd ref="2189105531"/>
    <tag k="highway" v="residential"/>
    <tag k="surface" v="asphalt"/>
  </way>
  <way id="592800185" version="3" timestamp="2022-04-18T10:04:26Z" changeset="119849481" uid="13196804" user="Nad_Alley">
    <nd ref="5588783840"/>
    <nd ref="9673945112"/>
    <nd ref="9673945092"/>
    <nd ref="9673945110"/>
    <nd ref="5656786472"/>
    <tag k="highway" v="residential"/>
    <tag k="surface" v="asphalt"/>
  </way>
  <way id="592800186" version="3" timestamp="2018-07-27T00:09:24Z" changeset="61103532" uid="7674729" user="UncoolGuyJake">
    <nd ref="5656786473"/>
    <nd ref="5764484823"/>
    <tag k="highway" v="residential"/>
    <tag k="surface" v="asphalt"/>
  </way>
  <way id="608701489" version="2" timestamp="2019-09-03T11:28:43Z" changeset="74035729" uid="9535306" user="Ialomita">
    <nd ref="5766387586"/>
    <nd ref="6769178338"/>
    <nd ref="6769178337"/>
    <nd ref="6769178336"/>
    <nd ref="6769178339"/>
    <nd ref="5766387585"/>
    <nd ref="6769178340"/>
    <nd ref="6769178341"/>
    <nd ref="6769178342"/>
    <nd ref="6769178343"/>
    <nd ref="5766387584"/>
    <nd ref="6769178344"/>
    <tag k="highway" v="service"/>
    <tag k="surface" v="asphalt"/>
  </way>
  <way id="608701490" version="1" timestamp="2018-07-17T17:44:54Z" changeset="60808848" uid="8282035" user="lacielrouge">
    <nd ref="2189105416"/>
    <nd ref="5766387587"/>
    <tag k="highway" v="residential"/>
    <tag k="surface" v="asphalt"/>
  </way>
  <way id="608701491" version="3" timestamp="2020-11-20T01:50:08Z" changeset="94468212" uid="9535554" user="MustafaQasim">
    <nd ref="5766387590"/>
    <nd ref="6769407668"/>
    <nd ref="6769407669"/>
    <nd ref="6769407670"/>
    <nd ref="5766387589"/>
    <nd ref="5766387588"/>
    <tag k="highway" v="residential"/>
    <tag k="surface" v="asphalt"/>
  </way>
  <way id="608701492" version="4" timestamp="2022-05-04T10:08:47Z" changeset="120535704" uid="15458667" user="Meh_aR">
    <nd ref="2189105351"/>
    <nd ref="5766387588"/>
    <nd ref="9713602068"/>
    <nd ref="5766387650"/>
    <tag k="highway" v="residential"/>
    <tag k="surface" v="asphalt"/>
  </way>
  <way id="608701505" version="2" timestamp="2019-09-03T14:07:09Z" changeset="74043657" uid="9535306" user="Ialomita">
    <nd ref="5766387626"/>
    <nd ref="6769505609"/>
    <nd ref="5766387627"/>
    <nd ref="5766387625"/>
    <tag k="highway" v="residential"/>
    <tag k="surface" v="asphalt"/>
  </way>
  <way id="608701506" version="2" timestamp="2019-09-03T12:43:25Z" changeset="74039320" uid="9535306" user="Ialomita">
    <nd ref="5766387628"/>
    <nd ref="6769325346"/>
    <nd ref="5766387627"/>
    <tag k="highway" v="residential"/>
    <tag k="surface" v="asphalt"/>
  </way>
  <way id="608701513" version="3" timestamp="2019-09-03T14:07:09Z" changeset="74043657" uid="9535306" user="Ialomita">
    <nd ref="5766387649"/>
    <nd ref="6769407647"/>
    <nd ref="5766387648"/>
    <nd ref="5766387647"/>
    <nd ref="6769505597"/>
    <nd ref="6769407648"/>
    <nd ref="6769505598"/>
    <nd ref="6769505600"/>
    <nd ref="2189105374"/>
    <tag k="highway" v="residential"/>
    <tag k="surface" v="asphalt"/>
  </way>
  <way id="608701514" version="1" timestamp="2018-07-17T17:44:56Z" changeset="60808848" uid="8282035" user="lacielrouge">
    <nd ref="5766388053"/>
    <nd ref="5766387652"/>
    <tag k="highway" v="residential"/>
    <tag k="surface" v="concrete"/>
  </way>
  <way id="608701515" version="1" timestamp="2018-07-17T17:44:56Z" changeset="60808848" uid="8282035" user="lacielrouge">
    <nd ref="5766388055"/>
    <nd ref="5766387652"/>
    <nd ref="5766388054"/>
    <tag k="highway" v="residential"/>
    <tag k="surface" v="concrete"/>
  </way>
  <way id="608701516" version="3" timestamp="2022-04-13T08:05:19Z" changeset="119654416" uid="13196788" user="Can_Yon">
    <nd ref="5766388061"/>
    <nd ref="9662512926"/>
    <nd ref="6769407644"/>
    <nd ref="5766388060"/>
    <nd ref="6769407645"/>
    <nd ref="6769407646"/>
    <nd ref="5766388059"/>
    <nd ref="5766388058"/>
    <tag k="highway" v="residential"/>
    <tag k="surface" v="asphalt"/>
  </way>
  <way id="608701517" version="2" timestamp="2019-09-03T11:30:07Z" changeset="74035798" uid="9535306" user="Ialomita">
    <nd ref="5766388065"/>
    <nd ref="6769172293"/>
    <nd ref="6769172292"/>
    <nd ref="5766388064"/>
    <nd ref="6769172291"/>
    <nd ref="5766388063"/>
    <nd ref="6769172286"/>
    <nd ref="5766388062"/>
    <nd ref="6769172290"/>
    <nd ref="6769172289"/>
    <nd ref="6769172288"/>
    <nd ref="6769172287"/>
    <nd ref="2189105354"/>
    <tag k="highway" v="service"/>
    <tag k="surface" v="asphalt"/>
  </way>
  <way id="642782443" version="1" timestamp="2018-11-10T03:14:29Z" changeset="64344158" uid="6726608" user="Joel Navarrete">
    <nd ref="6050364209"/>
    <nd ref="6050364210"/>
    <nd ref="6050364211"/>
    <nd ref="6050364212"/>
    <nd ref="6050364209"/>
    <tag k="building" v="terrace"/>
  </way>
  <way id="642782444" version="1" timestamp="2018-11-10T03:14:29Z" changeset="64344158" uid="6726608" user="Joel Navarrete">
    <nd ref="6050364213"/>
    <nd ref="6050364214"/>
    <nd ref="6050364215"/>
    <nd ref="6050364216"/>
    <nd ref="6050364217"/>
    <nd ref="6050364218"/>
    <nd ref="6050364219"/>
    <nd ref="6050364220"/>
    <nd ref="6050364221"/>
    <nd ref="6050364222"/>
    <nd ref="6050364213"/>
    <tag k="building" v="terrace"/>
  </way>
  <way id="642782446" version="1" timestamp="2018-11-10T03:14:29Z" changeset="64344158" uid="6726608" user="Joel Navarrete">
    <nd ref="6050364231"/>
    <nd ref="6050364232"/>
    <nd ref="6050364233"/>
    <nd ref="6050364234"/>
    <nd ref="6050364235"/>
    <nd ref="6050364236"/>
    <nd ref="6050364237"/>
    <nd ref="6050364238"/>
    <nd ref="6050364239"/>
    <nd ref="6050364240"/>
    <nd ref="6050364241"/>
    <nd ref="6050364242"/>
    <nd ref="6050364231"/>
    <tag k="building" v="terrace"/>
  </way>
  <way id="642782447" version="1" timestamp="2018-11-10T03:14:29Z" changeset="64344158" uid="6726608" user="Joel Navarrete">
    <nd ref="6050364243"/>
    <nd ref="6050364244"/>
    <nd ref="6050364245"/>
    <nd ref="6050364246"/>
    <nd ref="6050364247"/>
    <nd ref="6050364248"/>
    <nd ref="6050364249"/>
    <nd ref="6050364250"/>
    <nd ref="6050364243"/>
    <tag k="building" v="terrace"/>
  </way>
  <way id="642782449" version="1" timestamp="2018-11-10T03:14:29Z" changeset="64344158" uid="6726608" user="Joel Navarrete">
    <nd ref="6050364259"/>
    <nd ref="6050364260"/>
    <nd ref="6050364261"/>
    <nd ref="6050364262"/>
    <nd ref="6050364263"/>
    <nd ref="6050364264"/>
    <nd ref="6050364259"/>
    <tag k="building" v="terrace"/>
  </way>
  <way id="642782451" version="1" timestamp="2018-11-10T03:14:30Z" changeset="64344158" uid="6726608" user="Joel Navarrete">
    <nd ref="6050364265"/>
    <nd ref="6050364266"/>
    <nd ref="6050364267"/>
    <nd ref="6050364268"/>
    <nd ref="6050364269"/>
    <nd ref="6050364270"/>
    <nd ref="6050364265"/>
    <tag k="building" v="terrace"/>
  </way>
  <way id="642782452" version="1" timestamp="2018-11-10T03:14:30Z" changeset="64344158" uid="6726608" user="Joel Navarrete">
    <nd ref="6050364271"/>
    <nd ref="6050364272"/>
    <nd ref="6050364273"/>
    <nd ref="6050364274"/>
    <nd ref="6050364271"/>
    <tag k="building" v="terrace"/>
  </way>
  <way id="642782454" version="1" timestamp="2018-11-10T03:14:30Z" changeset="64344158" uid="6726608" user="Joel Navarrete">
    <nd ref="6050364275"/>
    <nd ref="6050364276"/>
    <nd ref="6050364277"/>
    <nd ref="6050364278"/>
    <nd ref="6050364275"/>
    <tag k="building" v="terrace"/>
  </way>
  <way id="642782456" version="1" timestamp="2018-11-10T03:14:30Z" changeset="64344158" uid="6726608" user="Joel Navarrete">
    <nd ref="6050364279"/>
    <nd ref="6050364280"/>
    <nd ref="6050364281"/>
    <nd ref="6050364282"/>
    <nd ref="6050364283"/>
    <nd ref="6050364284"/>
    <nd ref="6050364285"/>
    <nd ref="6050364286"/>
    <nd ref="6050364287"/>
    <nd ref="6050364288"/>
    <nd ref="6050364279"/>
    <tag k="building" v="terrace"/>
  </way>
  <way id="642782458" version="1" timestamp="2018-11-10T03:14:30Z" changeset="64344158" uid="6726608" user="Joel Navarrete">
    <nd ref="6050364289"/>
    <nd ref="6050364290"/>
    <nd ref="6050364291"/>
    <nd ref="6050364292"/>
    <nd ref="6050364293"/>
    <nd ref="6050364294"/>
    <nd ref="6050364295"/>
    <nd ref="6050364296"/>
    <nd ref="6050364289"/>
    <tag k="building" v="terrace"/>
  </way>
  <way id="642782460" version="1" timestamp="2018-11-10T03:14:30Z" changeset="64344158" uid="6726608" user="Joel Navarrete">
    <nd ref="6050364297"/>
    <nd ref="6050364298"/>
    <nd ref="6050364299"/>
    <nd ref="6050364300"/>
    <nd ref="6050364297"/>
    <tag k="building" v="terrace"/>
  </way>
  <way id="642782461" version="1" timestamp="2018-11-10T03:14:30Z" changeset="64344158" uid="6726608" user="Joel Navarrete">
    <nd ref="6050364301"/>
    <nd ref="6050364302"/>
    <nd ref="6050364303"/>
    <nd ref="6050364304"/>
    <nd ref="6050364305"/>
    <nd ref="6050364306"/>
    <nd ref="6050364301"/>
    <tag k="building" v="terrace"/>
  </way>
  <way id="642782463" version="1" timestamp="2018-11-10T03:14:30Z" changeset="64344158" uid="6726608" user="Joel Navarrete">
    <nd ref="6050364307"/>
    <nd ref="6050364308"/>
    <nd ref="6050364309"/>
    <nd ref="6050364310"/>
    <nd ref="6050364311"/>
    <nd ref="6050364312"/>
    <nd ref="6050364313"/>
    <nd ref="6050364314"/>
    <nd ref="6050364307"/>
    <tag k="building" v="terrace"/>
  </way>
  <way id="642782465" version="1" timestamp="2018-11-10T03:14:30Z" changeset="64344158" uid="6726608" user="Joel Navarrete">
    <nd ref="6050364315"/>
    <nd ref="6050364316"/>
    <nd ref="6050364317"/>
    <nd ref="6050364318"/>
    <nd ref="6050364319"/>
    <nd ref="6050364320"/>
    <nd ref="6050364315"/>
    <tag k="building" v="terrace"/>
  </way>
  <way id="642782467" version="2" timestamp="2026-06-14T01:38:55Z" changeset="184077151" uid="22449695" user="ghitsssssssss">
    <nd ref="6050364321"/>
    <nd ref="6050364322"/>
    <nd ref="6050364323"/>
    <nd ref="6050364324"/>
    <nd ref="6050364321"/>
    <tag k="building" v="terrace"/>
    <tag k="building:levels" v="4"/>
  </way>
  <way id="642782469" version="3" timestamp="2026-06-14T01:53:35Z" changeset="184077329" uid="22449695" user="ghitsssssssss">
    <nd ref="6050364325"/>
    <nd ref="6050364326"/>
    <nd ref="6050364327"/>
    <nd ref="6050364328"/>
    <nd ref="6050364325"/>
    <tag k="building" v="yes"/>
    <tag k="building:levels" v="4"/>
    <tag k="height" v="16"/>
  </way>
  <way id="642782471" version="3" timestamp="2026-06-14T01:53:35Z" changeset="184077329" uid="22449695" user="ghitsssssssss">
    <nd ref="6050364329"/>
    <nd ref="6050364330"/>
    <nd ref="6050364331"/>
    <nd ref="6050364332"/>
    <nd ref="6050364329"/>
    <tag k="building" v="yes"/>
    <tag k="building:levels" v="4"/>
    <tag k="height" v="16"/>
  </way>
  <way id="642782473" version="3" timestamp="2026-06-14T01:53:35Z" changeset="184077329" uid="22449695" user="ghitsssssssss">
    <nd ref="6050364333"/>
    <nd ref="6050364334"/>
    <nd ref="6050364335"/>
    <nd ref="6050364336"/>
    <nd ref="6050364333"/>
    <tag k="building" v="yes"/>
    <tag k="building:levels" v="4"/>
    <tag k="height" v="16"/>
  </way>
  <way id="642782475" version="2" timestamp="2026-06-14T01:53:35Z" changeset="184077329" uid="22449695" user="ghitsssssssss">
    <nd ref="6050364337"/>
    <nd ref="6050364338"/>
    <nd ref="6050364339"/>
    <nd ref="6050364340"/>
    <nd ref="6050364341"/>
    <nd ref="6050364342"/>
    <nd ref="6050364343"/>
    <nd ref="6050364344"/>
    <nd ref="6050364337"/>
    <tag k="building" v="yes"/>
    <tag k="building:levels" v="4"/>
    <tag k="height" v="16"/>
  </way>
  <way id="642782477" version="3" timestamp="2026-06-14T01:53:35Z" changeset="184077329" uid="22449695" user="ghitsssssssss">
    <nd ref="6050364345"/>
    <nd ref="6050364346"/>
    <nd ref="6050364347"/>
    <nd ref="6050364348"/>
    <nd ref="6050364345"/>
    <tag k="building" v="yes"/>
    <tag k="building:levels" v="4"/>
    <tag k="height" v="16"/>
  </way>
  <way id="642782478" version="1" timestamp="2018-11-10T03:14:30Z" changeset="64344158" uid="6726608" user="Joel Navarrete">
    <nd ref="6050364349"/>
    <nd ref="6050364350"/>
    <nd ref="6050364340"/>
    <nd ref="6050364351"/>
    <nd ref="6050364349"/>
    <tag k="building" v="terrace"/>
  </way>
  <way id="642782480" version="3" timestamp="2026-06-14T01:53:35Z" changeset="184077329" uid="22449695" user="ghitsssssssss">
    <nd ref="6050364352"/>
    <nd ref="6050364353"/>
    <nd ref="6050364354"/>
    <nd ref="6050364355"/>
    <nd ref="6050364356"/>
    <nd ref="6050364357"/>
    <nd ref="6050364352"/>
    <tag k="building" v="yes"/>
    <tag k="building:levels" v="4"/>
    <tag k="height" v="16"/>
  </way>
  <way id="642782482" version="2" timestamp="2026-06-14T01:53:35Z" changeset="184077329" uid="22449695" user="ghitsssssssss">
    <nd ref="6050364358"/>
    <nd ref="6050364359"/>
    <nd ref="6050364360"/>
    <nd ref="6050364361"/>
    <nd ref="6050364362"/>
    <nd ref="6050364363"/>
    <nd ref="6050364364"/>
    <nd ref="6050364365"/>
    <nd ref="6050364358"/>
    <tag k="building" v="yes"/>
    <tag k="building:levels" v="4"/>
    <tag k="height" v="16"/>
  </way>
  <way id="642782484" version="3" timestamp="2026-06-14T01:53:35Z" changeset="184077329" uid="22449695" user="ghitsssssssss">
    <nd ref="6050364366"/>
    <nd ref="6050364367"/>
    <nd ref="6050364368"/>
    <nd ref="6050364369"/>
    <nd ref="6050364366"/>
    <tag k="building" v="yes"/>
    <tag k="building:levels" v="4"/>
    <tag k="height" v="16"/>
  </way>
  <way id="642782486" version="3" timestamp="2026-06-14T01:53:35Z" changeset="184077329" uid="22449695" user="ghitsssssssss">
    <nd ref="6050364370"/>
    <nd ref="6050364371"/>
    <nd ref="6050364372"/>
    <nd ref="6050364373"/>
    <nd ref="6050364370"/>
    <tag k="building" v="yes"/>
    <tag k="building:levels" v="4"/>
    <tag k="height" v="16"/>
  </way>
  <way id="642782487" version="3" timestamp="2026-06-14T01:53:35Z" changeset="184077329" uid="22449695" user="ghitsssssssss">
    <nd ref="6050364374"/>
    <nd ref="6050364375"/>
    <nd ref="6050364376"/>
    <nd ref="6050364377"/>
    <nd ref="6050364374"/>
    <tag k="building" v="yes"/>
    <tag k="building:levels" v="4"/>
    <tag k="height" v="16"/>
  </way>
  <way id="642782489" version="3" timestamp="2026-06-14T01:53:35Z" changeset="184077329" uid="22449695" user="ghitsssssssss">
    <nd ref="6050364378"/>
    <nd ref="6050364379"/>
    <nd ref="6050364380"/>
    <nd ref="6050364381"/>
    <nd ref="6050364378"/>
    <tag k="building" v="yes"/>
    <tag k="building:levels" v="4"/>
    <tag k="height" v="16"/>
  </way>
  <way id="642782490" version="3" timestamp="2026-06-14T01:53:35Z" changeset="184077329" uid="22449695" user="ghitsssssssss">
    <nd ref="6050364382"/>
    <nd ref="6050364383"/>
    <nd ref="6050364384"/>
    <nd ref="6050364385"/>
    <nd ref="6050364382"/>
    <tag k="building" v="yes"/>
    <tag k="building:levels" v="4"/>
    <tag k="height" v="16"/>
  </way>
  <way id="642782491" version="2" timestamp="2026-06-14T01:53:35Z" changeset="184077329" uid="22449695" user="ghitsssssssss">
    <nd ref="6050364386"/>
    <nd ref="6050364387"/>
    <nd ref="6050364388"/>
    <nd ref="6050364389"/>
    <nd ref="6050364386"/>
    <tag k="building" v="yes"/>
    <tag k="building:levels" v="4"/>
    <tag k="height" v="16"/>
  </way>
  <way id="642782493" version="2" timestamp="2026-06-14T01:53:35Z" changeset="184077329" uid="22449695" user="ghitsssssssss">
    <nd ref="6050364390"/>
    <nd ref="6050364391"/>
    <nd ref="6050364392"/>
    <nd ref="6050364393"/>
    <nd ref="6050364390"/>
    <tag k="building" v="yes"/>
    <tag k="building:levels" v="4"/>
    <tag k="height" v="16"/>
  </way>
  <way id="642782495" version="3" timestamp="2026-06-14T01:53:35Z" changeset="184077329" uid="22449695" user="ghitsssssssss">
    <nd ref="6050364394"/>
    <nd ref="6050364395"/>
    <nd ref="6050364396"/>
    <nd ref="6050364397"/>
    <nd ref="6050364398"/>
    <nd ref="6050364399"/>
    <nd ref="6050364394"/>
    <tag k="building" v="yes"/>
    <tag k="building:levels" v="4"/>
    <tag k="height" v="16"/>
  </way>
  <way id="642782497" version="3" timestamp="2026-06-14T01:53:35Z" changeset="184077329" uid="22449695" user="ghitsssssssss">
    <nd ref="6050364400"/>
    <nd ref="6050364401"/>
    <nd ref="6050364402"/>
    <nd ref="6050364403"/>
    <nd ref="6050364404"/>
    <nd ref="6050364405"/>
    <nd ref="6050364406"/>
    <nd ref="6050364407"/>
    <nd ref="6050364400"/>
    <tag k="building" v="yes"/>
    <tag k="building:levels" v="4"/>
    <tag k="height" v="16"/>
  </way>
  <way id="642782499" version="2" timestamp="2026-06-14T01:38:55Z" changeset="184077151" uid="22449695" user="ghitsssssssss">
    <nd ref="6050364408"/>
    <nd ref="6050364409"/>
    <nd ref="6050364410"/>
    <nd ref="6050364411"/>
    <nd ref="6050364412"/>
    <nd ref="6050364413"/>
    <nd ref="6050364408"/>
    <tag k="building" v="terrace"/>
    <tag k="building:levels" v="4"/>
  </way>
  <way id="642782501" version="3" timestamp="2026-06-14T01:53:35Z" changeset="184077329" uid="22449695" user="ghitsssssssss">
    <nd ref="6050364414"/>
    <nd ref="6050364415"/>
    <nd ref="6050364416"/>
    <nd ref="6050364417"/>
    <nd ref="6050364418"/>
    <nd ref="6050364419"/>
    <nd ref="6050364414"/>
    <tag k="building" v="yes"/>
    <tag k="building:levels" v="4"/>
    <tag k="height" v="16"/>
  </way>
  <way id="642782503" version="3" timestamp="2026-06-14T01:53:35Z" changeset="184077329" uid="22449695" user="ghitsssssssss">
    <nd ref="6050364420"/>
    <nd ref="6050364421"/>
    <nd ref="6050364422"/>
    <nd ref="6050364423"/>
    <nd ref="6050364420"/>
    <tag k="building" v="yes"/>
    <tag k="building:levels" v="4"/>
    <tag k="height" v="16"/>
  </way>
  <way id="642782505" version="4" timestamp="2026-06-14T01:53:35Z" changeset="184077329" uid="22449695" user="ghitsssssssss">
    <nd ref="6050364424"/>
    <nd ref="6642530076"/>
    <nd ref="6050364426"/>
    <nd ref="6050364427"/>
    <nd ref="6050364428"/>
    <nd ref="6050364429"/>
    <nd ref="6050364430"/>
    <nd ref="6050364424"/>
    <tag k="building" v="yes"/>
    <tag k="building:levels" v="4"/>
    <tag k="height" v="16"/>
  </way>
  <way id="642782506" version="3" timestamp="2026-06-14T01:53:35Z" changeset="184077329" uid="22449695" user="ghitsssssssss">
    <nd ref="6050364431"/>
    <nd ref="6050364432"/>
    <nd ref="6050364433"/>
    <nd ref="6050364434"/>
    <nd ref="6050364431"/>
    <tag k="building" v="yes"/>
    <tag k="building:levels" v="4"/>
    <tag k="height" v="16"/>
  </way>
  <way id="642782508" version="3" timestamp="2026-06-14T01:53:35Z" changeset="184077329" uid="22449695" user="ghitsssssssss">
    <nd ref="6050364435"/>
    <nd ref="6050364436"/>
    <nd ref="6050364437"/>
    <nd ref="6050364438"/>
    <nd ref="6050364435"/>
    <tag k="building" v="yes"/>
    <tag k="building:levels" v="4"/>
    <tag k="height" v="16"/>
  </way>
  <way id="642782510" version="3" timestamp="2026-06-14T01:53:35Z" changeset="184077329" uid="22449695" user="ghitsssssssss">
    <nd ref="6050364439"/>
    <nd ref="6050364440"/>
    <nd ref="6050364441"/>
    <nd ref="6050364442"/>
    <nd ref="6050364443"/>
    <nd ref="6050364444"/>
    <nd ref="6050364445"/>
    <nd ref="6050364446"/>
    <nd ref="6050364439"/>
    <tag k="building" v="yes"/>
    <tag k="building:levels" v="4"/>
    <tag k="height" v="16"/>
  </way>
  <way id="642782511" version="3" timestamp="2026-06-14T01:53:35Z" changeset="184077329" uid="22449695" user="ghitsssssssss">
    <nd ref="6050364447"/>
    <nd ref="6050364448"/>
    <nd ref="6050364449"/>
    <nd ref="6050364450"/>
    <nd ref="6050364447"/>
    <tag k="building" v="yes"/>
    <tag k="building:levels" v="4"/>
    <tag k="height" v="16"/>
  </way>
  <way id="642782513" version="3" timestamp="2026-06-14T01:53:35Z" changeset="184077329" uid="22449695" user="ghitsssssssss">
    <nd ref="6050364451"/>
    <nd ref="6050364452"/>
    <nd ref="6050364453"/>
    <nd ref="6050364454"/>
    <nd ref="6050364455"/>
    <nd ref="6050364456"/>
    <nd ref="6050364457"/>
    <nd ref="6050364458"/>
    <nd ref="6050364451"/>
    <tag k="building" v="yes"/>
    <tag k="building:levels" v="4"/>
    <tag k="height" v="16"/>
  </way>
  <way id="642782515" version="3" timestamp="2026-06-14T01:53:35Z" changeset="184077329" uid="22449695" user="ghitsssssssss">
    <nd ref="6050364459"/>
    <nd ref="6050364460"/>
    <nd ref="6050364461"/>
    <nd ref="6050364462"/>
    <nd ref="6050364459"/>
    <tag k="building" v="yes"/>
    <tag k="building:levels" v="4"/>
    <tag k="height" v="16"/>
  </way>
  <way id="642782517" version="3" timestamp="2026-06-14T01:53:35Z" changeset="184077329" uid="22449695" user="ghitsssssssss">
    <nd ref="6050364463"/>
    <nd ref="6050364464"/>
    <nd ref="6050364465"/>
    <nd ref="6050364466"/>
    <nd ref="6050364467"/>
    <nd ref="6050364468"/>
    <nd ref="6050364463"/>
    <tag k="building" v="yes"/>
    <tag k="building:levels" v="4"/>
    <tag k="height" v="16"/>
  </way>
  <way id="642782518" version="2" timestamp="2026-06-14T01:53:35Z" changeset="184077329" uid="22449695" user="ghitsssssssss">
    <nd ref="6050364469"/>
    <nd ref="6050364470"/>
    <nd ref="6050364471"/>
    <nd ref="6050364472"/>
    <nd ref="6050364473"/>
    <nd ref="6050364474"/>
    <nd ref="6050364475"/>
    <nd ref="6050364476"/>
    <nd ref="6050364469"/>
    <tag k="building" v="yes"/>
    <tag k="building:levels" v="4"/>
    <tag k="height" v="16"/>
  </way>
  <way id="642782519" version="3" timestamp="2026-06-14T01:53:35Z" changeset="184077329" uid="22449695" user="ghitsssssssss">
    <nd ref="6050364477"/>
    <nd ref="6050364478"/>
    <nd ref="6050364479"/>
    <nd ref="6050364480"/>
    <nd ref="6050364481"/>
    <nd ref="6050364482"/>
    <nd ref="6050364477"/>
    <tag k="building" v="yes"/>
    <tag k="building:levels" v="4"/>
    <tag k="height" v="16"/>
  </way>
  <way id="642782520" version="3" timestamp="2026-06-14T01:53:35Z" changeset="184077329" uid="22449695" user="ghitsssssssss">
    <nd ref="6050364483"/>
    <nd ref="6050364484"/>
    <nd ref="6050364485"/>
    <nd ref="6050364486"/>
    <nd ref="6050364487"/>
    <nd ref="6050364488"/>
    <nd ref="6050364483"/>
    <tag k="building" v="yes"/>
    <tag k="building:levels" v="4"/>
    <tag k="height" v="16"/>
  </way>
  <way id="642782521" version="2" timestamp="2026-06-14T01:53:35Z" changeset="184077329" uid="22449695" user="ghitsssssssss">
    <nd ref="6050364489"/>
    <nd ref="6050364490"/>
    <nd ref="6050364491"/>
    <nd ref="6050364492"/>
    <nd ref="6050364489"/>
    <tag k="building" v="yes"/>
    <tag k="building:levels" v="4"/>
    <tag k="height" v="16"/>
  </way>
  <way id="642782522" version="2" timestamp="2026-06-14T01:53:35Z" changeset="184077329" uid="22449695" user="ghitsssssssss">
    <nd ref="6050364493"/>
    <nd ref="6050364494"/>
    <nd ref="6050364495"/>
    <nd ref="6050364496"/>
    <nd ref="6050364493"/>
    <tag k="building" v="yes"/>
    <tag k="building:levels" v="4"/>
    <tag k="height" v="16"/>
  </way>
  <way id="642782523" version="3" timestamp="2026-06-14T01:53:35Z" changeset="184077329" uid="22449695" user="ghitsssssssss">
    <nd ref="6050364497"/>
    <nd ref="6050364498"/>
    <nd ref="6050364499"/>
    <nd ref="6050364500"/>
    <nd ref="6050364497"/>
    <tag k="building" v="yes"/>
    <tag k="building:levels" v="4"/>
    <tag k="height" v="16"/>
  </way>
  <way id="642782524" version="3" timestamp="2026-06-14T01:53:35Z" changeset="184077329" uid="22449695" user="ghitsssssssss">
    <nd ref="6050364501"/>
    <nd ref="6050364502"/>
    <nd ref="6050364503"/>
    <nd ref="6050364504"/>
    <nd ref="6050364501"/>
    <tag k="building" v="yes"/>
    <tag k="building:levels" v="4"/>
    <tag k="height" v="16"/>
  </way>
  <way id="642782525" version="2" timestamp="2026-06-14T01:53:35Z" changeset="184077329" uid="22449695" user="ghitsssssssss">
    <nd ref="6050364505"/>
    <nd ref="6050364506"/>
    <nd ref="6050364507"/>
    <nd ref="6050364508"/>
    <nd ref="6050364505"/>
    <tag k="building" v="yes"/>
    <tag k="building:levels" v="4"/>
    <tag k="height" v="16"/>
  </way>
  <way id="642782526" version="2" timestamp="2026-06-14T01:53:35Z" changeset="184077329" uid="22449695" user="ghitsssssssss">
    <nd ref="6050364509"/>
    <nd ref="6050364510"/>
    <nd ref="6050364511"/>
    <nd ref="6050364512"/>
    <nd ref="6050364509"/>
    <tag k="building" v="yes"/>
    <tag k="building:levels" v="4"/>
    <tag k="height" v="16"/>
  </way>
  <way id="642782527" version="2" timestamp="2026-06-14T01:53:35Z" changeset="184077329" uid="22449695" user="ghitsssssssss">
    <nd ref="6050364513"/>
    <nd ref="6050364514"/>
    <nd ref="6050364515"/>
    <nd ref="6050364516"/>
    <nd ref="6050364513"/>
    <tag k="building" v="yes"/>
    <tag k="building:levels" v="4"/>
    <tag k="height" v="16"/>
  </way>
  <way id="642782528" version="2" timestamp="2026-06-14T01:53:35Z" changeset="184077329" uid="22449695" user="ghitsssssssss">
    <nd ref="6050364517"/>
    <nd ref="6050364518"/>
    <nd ref="6050364519"/>
    <nd ref="6050364520"/>
    <nd ref="6050364517"/>
    <tag k="building" v="yes"/>
    <tag k="building:levels" v="4"/>
    <tag k="height" v="16"/>
  </way>
  <way id="642782529" version="2" timestamp="2026-06-14T01:53:35Z" changeset="184077329" uid="22449695" user="ghitsssssssss">
    <nd ref="6050364521"/>
    <nd ref="6050364522"/>
    <nd ref="6050364523"/>
    <nd ref="6050364524"/>
    <nd ref="6050364521"/>
    <tag k="building" v="yes"/>
    <tag k="building:levels" v="4"/>
    <tag k="height" v="16"/>
  </way>
  <way id="642782530" version="1" timestamp="2018-11-10T03:14:32Z" changeset="64344158" uid="6726608" user="Joel Navarrete">
    <nd ref="6050364525"/>
    <nd ref="6050364526"/>
    <nd ref="6050364527"/>
    <nd ref="6050364528"/>
    <nd ref="6050364525"/>
    <tag k="building" v="terrace"/>
  </way>
  <way id="642782531" version="1" timestamp="2018-11-10T03:14:32Z" changeset="64344158" uid="6726608" user="Joel Navarrete">
    <nd ref="6050364529"/>
    <nd ref="6050364530"/>
    <nd ref="6050364531"/>
    <nd ref="6050364532"/>
    <nd ref="6050364529"/>
    <tag k="building" v="terrace"/>
  </way>
  <way id="642782532" version="1" timestamp="2018-11-10T03:14:32Z" changeset="64344158" uid="6726608" user="Joel Navarrete">
    <nd ref="6050364533"/>
    <nd ref="6050364534"/>
    <nd ref="6050364535"/>
    <nd ref="6050364536"/>
    <nd ref="6050364533"/>
    <tag k="building" v="terrace"/>
  </way>
  <way id="642782533" version="2" timestamp="2026-06-14T01:53:35Z" changeset="184077329" uid="22449695" user="ghitsssssssss">
    <nd ref="6050364537"/>
    <nd ref="6050364538"/>
    <nd ref="6050364539"/>
    <nd ref="6050364540"/>
    <nd ref="6050364541"/>
    <nd ref="6050364542"/>
    <nd ref="6050364543"/>
    <nd ref="6050364544"/>
    <nd ref="6050364537"/>
    <tag k="building" v="yes"/>
    <tag k="building:levels" v="4"/>
    <tag k="height" v="16"/>
  </way>
  <way id="642782534" version="1" timestamp="2018-11-10T03:14:33Z" changeset="64344158" uid="6726608" user="Joel Navarrete">
    <nd ref="6050364545"/>
    <nd ref="6050364546"/>
    <nd ref="6050364547"/>
    <nd ref="6050364548"/>
    <nd ref="6050364545"/>
    <tag k="building" v="terrace"/>
  </way>
  <way id="642782535" version="1" timestamp="2018-11-10T03:14:33Z" changeset="64344158" uid="6726608" user="Joel Navarrete">
    <nd ref="6050364549"/>
    <nd ref="6050364550"/>
    <nd ref="6050364551"/>
    <nd ref="6050364552"/>
    <nd ref="6050364549"/>
    <tag k="building" v="terrace"/>
  </way>
  <way id="642782536" version="1" timestamp="2018-11-10T03:14:33Z" changeset="64344158" uid="6726608" user="Joel Navarrete">
    <nd ref="6050364553"/>
    <nd ref="6050364554"/>
    <nd ref="6050364555"/>
    <nd ref="6050364556"/>
    <nd ref="6050364553"/>
    <tag k="building" v="terrace"/>
  </way>
  <way id="642782537" version="2" timestamp="2026-06-14T01:53:35Z" changeset="184077329" uid="22449695" user="ghitsssssssss">
    <nd ref="6050364557"/>
    <nd ref="6050364558"/>
    <nd ref="6050364559"/>
    <nd ref="6050364560"/>
    <nd ref="6050364557"/>
    <tag k="building" v="yes"/>
    <tag k="building:levels" v="4"/>
    <tag k="height" v="16"/>
  </way>
  <way id="642782539" version="3" timestamp="2026-06-14T01:53:35Z" changeset="184077329" uid="22449695" user="ghitsssssssss">
    <nd ref="6050364565"/>
    <nd ref="6050364566"/>
    <nd ref="6050364567"/>
    <nd ref="6050364568"/>
    <nd ref="6050364569"/>
    <nd ref="6050364570"/>
    <nd ref="6050364565"/>
    <tag k="building" v="yes"/>
    <tag k="building:levels" v="4"/>
    <tag k="height" v="16"/>
  </way>
  <way id="642782540" version="2" timestamp="2026-06-14T01:53:35Z" changeset="184077329" uid="22449695" user="ghitsssssssss">
    <nd ref="6050364571"/>
    <nd ref="6050364572"/>
    <nd ref="6050364573"/>
    <nd ref="6050364574"/>
    <nd ref="6050364571"/>
    <tag k="building" v="yes"/>
    <tag k="building:levels" v="4"/>
    <tag k="height" v="16"/>
  </way>
  <way id="642782541" version="1" timestamp="2018-11-10T03:14:33Z" changeset="64344158" uid="6726608" user="Joel Navarrete">
    <nd ref="6050364575"/>
    <nd ref="6050364576"/>
    <nd ref="6050364577"/>
    <nd ref="6050364578"/>
    <nd ref="6050364575"/>
    <tag k="building" v="terrace"/>
  </way>
  <way id="642782542" version="3" timestamp="2026-06-14T01:53:35Z" changeset="184077329" uid="22449695" user="ghitsssssssss">
    <nd ref="6050364579"/>
    <nd ref="6050364580"/>
    <nd ref="6050364581"/>
    <nd ref="6050364582"/>
    <nd ref="6050364579"/>
    <tag k="building" v="yes"/>
    <tag k="building:levels" v="4"/>
    <tag k="height" v="16"/>
  </way>
  <way id="642782543" version="3" timestamp="2026-06-14T01:53:35Z" changeset="184077329" uid="22449695" user="ghitsssssssss">
    <nd ref="6050364583"/>
    <nd ref="6050364584"/>
    <nd ref="6050364585"/>
    <nd ref="6050364586"/>
    <nd ref="6050364587"/>
    <nd ref="6050364588"/>
    <nd ref="6050364589"/>
    <nd ref="6050364583"/>
    <tag k="building" v="yes"/>
    <tag k="building:levels" v="4"/>
    <tag k="height" v="16"/>
  </way>
  <way id="642782544" version="3" timestamp="2026-06-14T01:53:35Z" changeset="184077329" uid="22449695" user="ghitsssssssss">
    <nd ref="6050364590"/>
    <nd ref="6050364591"/>
    <nd ref="6050364592"/>
    <nd ref="6050364593"/>
    <nd ref="6050364594"/>
    <nd ref="6050364595"/>
    <nd ref="6050364596"/>
    <nd ref="6050364597"/>
    <nd ref="6050364590"/>
    <tag k="building" v="yes"/>
    <tag k="building:levels" v="4"/>
    <tag k="height" v="16"/>
  </way>
  <way id="642782545" version="3" timestamp="2026-06-14T01:53:35Z" changeset="184077329" uid="22449695" user="ghitsssssssss">
    <nd ref="6050364598"/>
    <nd ref="6050364599"/>
    <nd ref="6050364600"/>
    <nd ref="6050364601"/>
    <nd ref="6050364598"/>
    <tag k="building" v="yes"/>
    <tag k="building:levels" v="4"/>
    <tag k="height" v="16"/>
  </way>
  <way id="642782546" version="2" timestamp="2026-06-14T01:53:35Z" changeset="184077329" uid="22449695" user="ghitsssssssss">
    <nd ref="6050364602"/>
    <nd ref="6050364603"/>
    <nd ref="6050364604"/>
    <nd ref="6050364605"/>
    <nd ref="6050364602"/>
    <tag k="building" v="yes"/>
    <tag k="building:levels" v="4"/>
    <tag k="height" v="16"/>
  </way>
  <way id="642782547" version="3" timestamp="2026-06-14T01:53:35Z" changeset="184077329" uid="22449695" user="ghitsssssssss">
    <nd ref="6050364606"/>
    <nd ref="6050364607"/>
    <nd ref="6050364608"/>
    <nd ref="6050364609"/>
    <nd ref="6050364610"/>
    <nd ref="6050364606"/>
    <tag k="building" v="yes"/>
    <tag k="building:levels" v="4"/>
    <tag k="height" v="16"/>
  </way>
  <way id="642782548" version="2" timestamp="2026-06-14T01:53:35Z" changeset="184077329" uid="22449695" user="ghitsssssssss">
    <nd ref="6050364611"/>
    <nd ref="6050364612"/>
    <nd ref="6050364613"/>
    <nd ref="6050364614"/>
    <nd ref="6050364611"/>
    <tag k="building" v="yes"/>
    <tag k="building:levels" v="4"/>
    <tag k="height" v="16"/>
  </way>
  <way id="642782549" version="2" timestamp="2026-06-14T01:53:35Z" changeset="184077329" uid="22449695" user="ghitsssssssss">
    <nd ref="6050364615"/>
    <nd ref="6050364616"/>
    <nd ref="6050364617"/>
    <nd ref="6050364618"/>
    <nd ref="6050364615"/>
    <tag k="building" v="yes"/>
    <tag k="building:levels" v="4"/>
    <tag k="height" v="16"/>
  </way>
  <way id="642782550" version="3" timestamp="2026-06-14T01:53:35Z" changeset="184077329" uid="22449695" user="ghitsssssssss">
    <nd ref="6050364619"/>
    <nd ref="6050364620"/>
    <nd ref="6050364621"/>
    <nd ref="6050364622"/>
    <nd ref="6050364619"/>
    <tag k="building" v="yes"/>
    <tag k="building:levels" v="4"/>
    <tag k="height" v="16"/>
  </way>
  <way id="642782551" version="3" timestamp="2026-06-14T01:53:35Z" changeset="184077329" uid="22449695" user="ghitsssssssss">
    <nd ref="6050364623"/>
    <nd ref="6050364624"/>
    <nd ref="6050364625"/>
    <nd ref="6050364626"/>
    <nd ref="6050364623"/>
    <tag k="building" v="yes"/>
    <tag k="building:levels" v="4"/>
    <tag k="height" v="16"/>
  </way>
  <way id="642782552" version="3" timestamp="2026-06-14T01:53:35Z" changeset="184077329" uid="22449695" user="ghitsssssssss">
    <nd ref="6050364627"/>
    <nd ref="6050364628"/>
    <nd ref="6050364629"/>
    <nd ref="6050364630"/>
    <nd ref="6050364627"/>
    <tag k="building" v="yes"/>
    <tag k="building:levels" v="4"/>
    <tag k="height" v="16"/>
  </way>
  <way id="642782553" version="3" timestamp="2026-06-14T01:53:35Z" changeset="184077329" uid="22449695" user="ghitsssssssss">
    <nd ref="6050364631"/>
    <nd ref="6050364632"/>
    <nd ref="6050364633"/>
    <nd ref="6050364634"/>
    <nd ref="6050364631"/>
    <tag k="building" v="yes"/>
    <tag k="building:levels" v="4"/>
    <tag k="height" v="16"/>
  </way>
  <way id="642782554" version="3" timestamp="2026-06-14T01:53:35Z" changeset="184077329" uid="22449695" user="ghitsssssssss">
    <nd ref="6050364635"/>
    <nd ref="6050364636"/>
    <nd ref="6050364637"/>
    <nd ref="6050364638"/>
    <nd ref="6050364635"/>
    <tag k="building" v="yes"/>
    <tag k="building:levels" v="4"/>
    <tag k="height" v="16"/>
  </way>
  <way id="642782555" version="3" timestamp="2026-06-14T01:53:35Z" changeset="184077329" uid="22449695" user="ghitsssssssss">
    <nd ref="6050364639"/>
    <nd ref="6050364640"/>
    <nd ref="6050364641"/>
    <nd ref="6050364642"/>
    <nd ref="6050364639"/>
    <tag k="building" v="yes"/>
    <tag k="building:levels" v="4"/>
    <tag k="height" v="16"/>
  </way>
  <way id="642782556" version="3" timestamp="2026-06-14T01:53:35Z" changeset="184077329" uid="22449695" user="ghitsssssssss">
    <nd ref="6050364643"/>
    <nd ref="6050364644"/>
    <nd ref="6050364645"/>
    <nd ref="6050364646"/>
    <nd ref="6050364643"/>
    <tag k="building" v="yes"/>
    <tag k="building:levels" v="4"/>
    <tag k="height" v="16"/>
  </way>
  <way id="642782557" version="3" timestamp="2026-06-14T01:53:35Z" changeset="184077329" uid="22449695" user="ghitsssssssss">
    <nd ref="6050364647"/>
    <nd ref="6050364648"/>
    <nd ref="6050364649"/>
    <nd ref="6050364650"/>
    <nd ref="6050364647"/>
    <tag k="building" v="yes"/>
    <tag k="building:levels" v="4"/>
    <tag k="height" v="16"/>
  </way>
  <way id="642782558" version="3" timestamp="2026-06-14T01:53:35Z" changeset="184077329" uid="22449695" user="ghitsssssssss">
    <nd ref="6050364651"/>
    <nd ref="6050364652"/>
    <nd ref="6050364653"/>
    <nd ref="6050364654"/>
    <nd ref="6050364651"/>
    <tag k="building" v="yes"/>
    <tag k="building:levels" v="4"/>
    <tag k="height" v="16"/>
  </way>
  <way id="642782559" version="3" timestamp="2026-06-14T01:53:35Z" changeset="184077329" uid="22449695" user="ghitsssssssss">
    <nd ref="6050364655"/>
    <nd ref="6050364656"/>
    <nd ref="6050364657"/>
    <nd ref="6050364658"/>
    <nd ref="6050364655"/>
    <tag k="building" v="yes"/>
    <tag k="building:levels" v="4"/>
    <tag k="height" v="16"/>
  </way>
  <way id="642782560" version="3" timestamp="2026-06-14T01:53:35Z" changeset="184077329" uid="22449695" user="ghitsssssssss">
    <nd ref="6050364659"/>
    <nd ref="6050364660"/>
    <nd ref="6050364661"/>
    <nd ref="6050364662"/>
    <nd ref="6050364659"/>
    <tag k="building" v="yes"/>
    <tag k="building:levels" v="4"/>
    <tag k="height" v="16"/>
  </way>
  <way id="642782561" version="3" timestamp="2026-06-14T01:53:35Z" changeset="184077329" uid="22449695" user="ghitsssssssss">
    <nd ref="6050364663"/>
    <nd ref="6050364664"/>
    <nd ref="6050364665"/>
    <nd ref="6050364666"/>
    <nd ref="6050364667"/>
    <nd ref="6050364668"/>
    <nd ref="6050364669"/>
    <nd ref="6050364670"/>
    <nd ref="6050364671"/>
    <nd ref="6050364672"/>
    <nd ref="6050364663"/>
    <tag k="building" v="yes"/>
    <tag k="building:levels" v="4"/>
    <tag k="height" v="16"/>
  </way>
  <way id="642782562" version="3" timestamp="2026-06-14T01:53:35Z" changeset="184077329" uid="22449695" user="ghitsssssssss">
    <nd ref="6050364673"/>
    <nd ref="6050364674"/>
    <nd ref="6050364675"/>
    <nd ref="6050364676"/>
    <nd ref="6050364677"/>
    <nd ref="6050364678"/>
    <nd ref="6050364679"/>
    <nd ref="6050364680"/>
    <nd ref="6050364681"/>
    <nd ref="6050364682"/>
    <nd ref="6050364683"/>
    <nd ref="6050364684"/>
    <nd ref="6050364673"/>
    <tag k="building" v="terrace"/>
    <tag k="building:levels" v="4"/>
    <tag k="height" v="16"/>
  </way>
  <way id="642782564" version="2" timestamp="2026-06-14T01:38:55Z" changeset="184077151" uid="22449695" user="ghitsssssssss">
    <nd ref="6050364789"/>
    <nd ref="6050364790"/>
    <nd ref="6050364791"/>
    <nd ref="6050364792"/>
    <nd ref="6050364789"/>
    <tag k="building" v="terrace"/>
    <tag k="building:levels" v="4"/>
  </way>
  <way id="642782565" version="2" timestamp="2026-06-14T01:38:55Z" changeset="184077151" uid="22449695" user="ghitsssssssss">
    <nd ref="6050364793"/>
    <nd ref="6050364794"/>
    <nd ref="6050364795"/>
    <nd ref="6050364796"/>
    <nd ref="6050364797"/>
    <nd ref="6050364798"/>
    <nd ref="6050364793"/>
    <tag k="building" v="terrace"/>
    <tag k="building:levels" v="4"/>
  </way>
  <way id="642782566" version="1" timestamp="2018-11-10T03:14:34Z" changeset="64344158" uid="6726608" user="Joel Navarrete">
    <nd ref="6050364799"/>
    <nd ref="6050364800"/>
    <nd ref="6050364801"/>
    <nd ref="6050364802"/>
    <nd ref="6050364799"/>
    <tag k="building" v="terrace"/>
  </way>
  <way id="642782567" version="3" timestamp="2026-06-14T01:53:35Z" changeset="184077329" uid="22449695" user="ghitsssssssss">
    <nd ref="6050364803"/>
    <nd ref="6050364804"/>
    <nd ref="6050364805"/>
    <nd ref="6050364806"/>
    <nd ref="6050364807"/>
    <nd ref="6050364808"/>
    <nd ref="6050364803"/>
    <tag k="building" v="yes"/>
    <tag k="building:levels" v="4"/>
    <tag k="height" v="16"/>
  </way>
  <way id="642782568" version="3" timestamp="2026-06-14T01:53:35Z" changeset="184077329" uid="22449695" user="ghitsssssssss">
    <nd ref="6050364809"/>
    <nd ref="6050364810"/>
    <nd ref="6050364811"/>
    <nd ref="6050364812"/>
    <nd ref="6050364813"/>
    <nd ref="6050364814"/>
    <nd ref="6050364815"/>
    <nd ref="6050364816"/>
    <nd ref="6050364817"/>
    <nd ref="6050364818"/>
    <nd ref="6050364819"/>
    <nd ref="6050364820"/>
    <nd ref="6050364821"/>
    <nd ref="6050364809"/>
    <tag k="building" v="yes"/>
    <tag k="building:levels" v="4"/>
    <tag k="height" v="16"/>
  </way>
  <way id="642782569" version="3" timestamp="2026-06-14T01:53:35Z" changeset="184077329" uid="22449695" user="ghitsssssssss">
    <nd ref="6050364822"/>
    <nd ref="6050364823"/>
    <nd ref="6050364824"/>
    <nd ref="6050364825"/>
    <nd ref="6050364822"/>
    <tag k="building" v="yes"/>
    <tag k="building:levels" v="4"/>
    <tag k="height" v="16"/>
  </way>
  <way id="642782570" version="1" timestamp="2018-11-10T03:14:35Z" changeset="64344158" uid="6726608" user="Joel Navarrete">
    <nd ref="6050364826"/>
    <nd ref="6050364827"/>
    <nd ref="6050364828"/>
    <nd ref="6050364829"/>
    <nd ref="6050364830"/>
    <nd ref="6050364831"/>
    <nd ref="6050364832"/>
    <nd ref="6050364833"/>
    <nd ref="6050364834"/>
    <nd ref="6050364835"/>
    <nd ref="6050364836"/>
    <nd ref="6050364837"/>
    <nd ref="6050364826"/>
    <tag k="building" v="terrace"/>
  </way>
  <way id="642782571" version="1" timestamp="2018-11-10T03:14:35Z" changeset="64344158" uid="6726608" user="Joel Navarrete">
    <nd ref="6050364838"/>
    <nd ref="6050364839"/>
    <nd ref="6050364840"/>
    <nd ref="6050364841"/>
    <nd ref="6050364838"/>
    <tag k="building" v="terrace"/>
  </way>
  <way id="642782572" version="1" timestamp="2018-11-10T03:14:35Z" changeset="64344158" uid="6726608" user="Joel Navarrete">
    <nd ref="6050364842"/>
    <nd ref="6050364843"/>
    <nd ref="6050364844"/>
    <nd ref="6050364845"/>
    <nd ref="6050364842"/>
    <tag k="building" v="terrace"/>
  </way>
  <way id="642782573" version="1" timestamp="2018-11-10T03:14:35Z" changeset="64344158" uid="6726608" user="Joel Navarrete">
    <nd ref="6050364846"/>
    <nd ref="6050364847"/>
    <nd ref="6050364848"/>
    <nd ref="6050364849"/>
    <nd ref="6050364850"/>
    <nd ref="6050364851"/>
    <nd ref="6050364852"/>
    <nd ref="6050364853"/>
    <nd ref="6050364846"/>
    <tag k="building" v="terrace"/>
  </way>
  <way id="642782574" version="1" timestamp="2018-11-10T03:14:35Z" changeset="64344158" uid="6726608" user="Joel Navarrete">
    <nd ref="6050364854"/>
    <nd ref="6050364855"/>
    <nd ref="6050364856"/>
    <nd ref="6050364857"/>
    <nd ref="6050364858"/>
    <nd ref="6050364859"/>
    <nd ref="6050364860"/>
    <nd ref="6050364861"/>
    <nd ref="6050364854"/>
    <tag k="building" v="terrace"/>
  </way>
  <way id="642782575" version="1" timestamp="2018-11-10T03:14:35Z" changeset="64344158" uid="6726608" user="Joel Navarrete">
    <nd ref="6050364862"/>
    <nd ref="6050364863"/>
    <nd ref="6050364864"/>
    <nd ref="6050364865"/>
    <nd ref="6050364866"/>
    <nd ref="6050364867"/>
    <nd ref="6050364862"/>
    <tag k="building" v="terrace"/>
  </way>
  <way id="642782578" version="1" timestamp="2018-11-10T03:14:35Z" changeset="64344158" uid="6726608" user="Joel Navarrete">
    <nd ref="6050364876"/>
    <nd ref="6050364877"/>
    <nd ref="6050364878"/>
    <nd ref="6050364879"/>
    <nd ref="6050364876"/>
    <tag k="building" v="terrace"/>
  </way>
  <way id="718377588" version="2" timestamp="2022-04-18T10:04:26Z" changeset="119849481" uid="13196804" user="Nad_Alley">
    <nd ref="6746192705"/>
    <nd ref="6746192701"/>
    <nd ref="6746192699"/>
    <nd ref="6746192702"/>
    <nd ref="6746192700"/>
    <nd ref="9673945111"/>
    <nd ref="6746192703"/>
    <nd ref="6746192704"/>
    <tag k="highway" v="residential"/>
  </way>
  <way id="718377589" version="1" timestamp="2019-08-26T13:15:39Z" changeset="73752575" uid="9535055" user="HanaumaBay">
    <nd ref="6746192707"/>
    <nd ref="6746192706"/>
    <tag k="highway" v="residential"/>
  </way>
  <way id="718377590" version="1" timestamp="2019-08-26T13:15:39Z" changeset="73752575" uid="9535055" user="HanaumaBay">
    <nd ref="6746192710"/>
    <nd ref="6746192708"/>
    <tag k="highway" v="residential"/>
  </way>
  <way id="718377591" version="2" timestamp="2022-04-20T05:52:51Z" changeset="119934299" uid="14728791" user="Rtanj">
    <nd ref="6746192711"/>
    <nd ref="6746192710"/>
    <nd ref="6746192706"/>
    <nd ref="9679058106"/>
    <nd ref="6746192709"/>
    <tag k="highway" v="residential"/>
  </way>
  <way id="721634494" version="2" timestamp="2026-06-14T01:38:55Z" changeset="184077151" uid="22449695" user="ghitsssssssss">
    <nd ref="2189105469"/>
    <nd ref="6769505594"/>
    <tag k="highway" v="residential"/>
  </way>
  <way id="721634495" version="2" timestamp="2022-04-13T08:03:32Z" changeset="119654349" uid="13196788" user="Can_Yon">
    <nd ref="6769505597"/>
    <nd ref="9662513223"/>
    <nd ref="6769505596"/>
    <tag k="highway" v="residential"/>
  </way>
  <way id="721634496" version="1" timestamp="2019-09-03T14:07:09Z" changeset="74043657" uid="9535306" user="Ialomita">
    <nd ref="6769407645"/>
    <nd ref="6769505598"/>
    <tag k="highway" v="residential"/>
  </way>
  <way id="721634497" version="2" timestamp="2022-04-13T08:03:32Z" changeset="119654349" uid="13196788" user="Can_Yon">
    <nd ref="6769505600"/>
    <nd ref="9662513224"/>
    <nd ref="6769505599"/>
    <tag k="highway" v="residential"/>
  </way>
  <way id="721634500" version="1" timestamp="2019-09-03T14:07:09Z" changeset="74043657" uid="9535306" user="Ialomita">
    <nd ref="6769505606"/>
    <nd ref="6769505605"/>
    <tag k="highway" v="residential"/>
  </way>
  <way id="721634501" version="1" timestamp="2019-09-03T14:07:09Z" changeset="74043657" uid="9535306" user="Ialomita">
    <nd ref="6769505610"/>
    <nd ref="6769505608"/>
    <nd ref="6769505606"/>
    <nd ref="6769505607"/>
    <nd ref="6769505609"/>
    <tag k="highway" v="residential"/>
  </way>
  <way id="721644695" version="1" timestamp="2019-09-03T14:51:16Z" changeset="74045915" uid="9535306" user="Ialomita">
    <nd ref="6769325327"/>
    <nd ref="6769616499"/>
    <nd ref="6769616498"/>
    <nd ref="6769616497"/>
    <nd ref="6769616496"/>
    <nd ref="6769616495"/>
    <nd ref="6769407645"/>
    <tag k="highway" v="residential"/>
  </way>
  <way id="943848899" version="2" timestamp="2021-09-21T16:10:11Z" changeset="111503969" uid="3981879" user="سامي ايت علي ولحسن">
    <nd ref="8738943399"/>
    <nd ref="8738943400"/>
    <nd ref="8738943401"/>
    <nd ref="8738943402"/>
    <nd ref="8738943403"/>
    <nd ref="8738943404"/>
    <nd ref="8738943405"/>
    <nd ref="8738943406"/>
    <nd ref="8738943407"/>
    <nd ref="8738953628"/>
    <nd ref="8738943408"/>
    <nd ref="8738943409"/>
    <nd ref="8738943410"/>
    <nd ref="8738943411"/>
    <nd ref="8738943412"/>
    <nd ref="8738943413"/>
    <nd ref="8738943414"/>
    <nd ref="8738943415"/>
    <nd ref="8738943416"/>
    <nd ref="8738943399"/>
    <tag k="leisure" v="park"/>
  </way>
  <way id="943848900" version="2" timestamp="2022-03-03T14:54:09Z" changeset="118059031" uid="14014474" user="Abdelrahman_mahmoud">
    <nd ref="6769452660"/>
    <nd ref="8738953621"/>
    <nd ref="8738953619"/>
    <nd ref="8738953630"/>
    <nd ref="8738953639"/>
    <nd ref="8738953636"/>
    <nd ref="8738953618"/>
    <tag k="highway" v="footway"/>
  </way>
  <way id="943848901" version="2" timestamp="2022-03-03T14:54:09Z" changeset="118059031" uid="14014474" user="Abdelrahman_mahmoud">
    <nd ref="9552080784"/>
    <nd ref="8738953625"/>
    <nd ref="8738953619"/>
    <nd ref="8738953620"/>
    <nd ref="6769172288"/>
    <tag k="highway" v="footway"/>
  </way>
  <way id="943848902" version="2" timestamp="2022-03-03T14:54:09Z" changeset="118059031" uid="14014474" user="Abdelrahman_mahmoud">
    <nd ref="8738953621"/>
    <nd ref="8738953622"/>
    <nd ref="8738953623"/>
    <nd ref="8738953624"/>
    <nd ref="8738953625"/>
    <nd ref="8738953626"/>
    <nd ref="9552080777"/>
    <nd ref="9552080779"/>
    <nd ref="9552080778"/>
    <nd ref="9552080780"/>
    <tag k="highway" v="footway"/>
  </way>
  <way id="943848903" version="2" timestamp="2022-03-03T14:54:09Z" changeset="118059031" uid="14014474" user="Abdelrahman_mahmoud">
    <nd ref="9552080781"/>
    <nd ref="9552080780"/>
    <nd ref="8738953630"/>
    <nd ref="8738953631"/>
    <tag k="highway" v="footway"/>
  </way>
  <way id="943848904" version="2" timestamp="2022-03-03T14:54:09Z" changeset="118059031" uid="14014474" user="Abdelrahman_mahmoud">
    <nd ref="6769172291"/>
    <nd ref="8738953633"/>
    <nd ref="9552080764"/>
    <nd ref="9552080765"/>
    <nd ref="9552080766"/>
    <nd ref="8738953620"/>
    <nd ref="8738953631"/>
    <nd ref="8738953634"/>
    <tag k="highway" v="footway"/>
  </way>
  <way id="943848905" version="1" timestamp="2021-05-17T10:50:42Z" changeset="104819367" uid="2949841" user="devincia1">
    <nd ref="8738953635"/>
    <nd ref="8738953636"/>
    <nd ref="8738953634"/>
    <nd ref="8738953637"/>
    <tag k="highway" v="footway"/>
  </way>
  <way id="1020625452" version="1" timestamp="2022-01-12T18:08:54Z" changeset="116077299" uid="3981879" user="سامي ايت علي ولحسن">
    <nd ref="9413400112"/>
    <nd ref="9413400113"/>
    <nd ref="9413400114"/>
    <nd ref="9413400115"/>
    <nd ref="9413400116"/>
    <nd ref="9413433517"/>
    <nd ref="9413433518"/>
    <nd ref="9413433519"/>
    <nd ref="9413433520"/>
    <nd ref="9413433521"/>
    <nd ref="9413400112"/>
    <tag k="barrier" v="wall"/>
  </way>
  <way id="1020625453" version="1" timestamp="2022-01-12T18:08:54Z" changeset="116077299" uid="3981879" user="سامي ايت علي ولحسن">
    <nd ref="9413433522"/>
    <nd ref="9413433523"/>
    <nd ref="9413433524"/>
    <nd ref="9413433525"/>
    <nd ref="9413433522"/>
    <tag k="landuse" v="retail"/>
  </way>
  <way id="1020625454" version="1" timestamp="2022-01-12T18:08:54Z" changeset="116077299" uid="3981879" user="سامي ايت علي ولحسن">
    <nd ref="9413433523"/>
    <nd ref="9413433524"/>
    <nd ref="9413433525"/>
    <nd ref="9413433522"/>
    <nd ref="9413433523"/>
    <tag k="addr:city" v="الرباط"/>
    <tag k="addr:street" v="شارع المسيرة"/>
    <tag k="building" v="commercial"/>
    <tag k="building:levels" v="1"/>
  </way>
  <way id="1051455027" version="3" timestamp="2022-04-18T04:04:01Z" changeset="119836863" uid="13196788" user="Can_Yon">
    <nd ref="9662469062"/>
    <nd ref="9673319266"/>
    <nd ref="9662469059"/>
    <nd ref="9663127146"/>
    <nd ref="9662469058"/>
    <nd ref="9662469054"/>
    <nd ref="9663127147"/>
    <nd ref="9662469057"/>
    <nd ref="9663127148"/>
    <nd ref="9663127149"/>
    <nd ref="9662469056"/>
    <nd ref="9662469055"/>
    <tag k="highway" v="residential"/>
  </way>
  <way id="1051455028" version="2" timestamp="2022-04-13T07:47:30Z" changeset="119653626" uid="13196788" user="Can_Yon">
    <nd ref="9662469071"/>
    <nd ref="9662462104"/>
    <nd ref="9662469064"/>
    <nd ref="9662469063"/>
    <nd ref="9662469062"/>
    <nd ref="9662469061"/>
    <nd ref="9662469060"/>
    <tag k="highway" v="residential"/>
  </way>
  <way id="1051455029" version="1" timestamp="2022-04-13T07:47:02Z" changeset="119653603" uid="13196788" user="Can_Yon">
    <nd ref="9662469073"/>
    <nd ref="9662469072"/>
    <nd ref="9662469066"/>
    <nd ref="9662469071"/>
    <nd ref="9662469070"/>
    <nd ref="9662469069"/>
    <nd ref="9662469068"/>
    <nd ref="9662469065"/>
    <nd ref="9662469067"/>
    <tag k="highway" v="residential"/>
  </way>
  <way id="1051455065" version="1" timestamp="2022-04-13T07:47:30Z" changeset="119653626" uid="13196788" user="Can_Yon">
    <nd ref="9662462104"/>
    <nd ref="9662462103"/>
    <tag k="highway" v="residential"/>
  </way>
  <way id="1051458455" version="1" timestamp="2022-04-13T08:03:32Z" changeset="119654349" uid="13196788" user="Can_Yon">
    <nd ref="9662513224"/>
    <nd ref="9662513223"/>
    <tag k="highway" v="residential"/>
  </way>
  <way id="1051458896" version="1" timestamp="2022-04-13T08:05:19Z" changeset="119654416" uid="13196788" user="Can_Yon">
    <nd ref="9662512927"/>
    <nd ref="9662512926"/>
    <tag k="highway" v="residential"/>
  </way>
  <way id="1051458897" version="1" timestamp="2022-04-13T08:05:19Z" changeset="119654416" uid="13196788" user="Can_Yon">
    <nd ref="9662512928"/>
    <nd ref="9662512927"/>
    <nd ref="6769616498"/>
    <nd ref="9662512925"/>
    <nd ref="6769407643"/>
    <tag k="highway" v="residential"/>
  </way>
  <way id="1051754663" version="1" timestamp="2022-04-14T07:17:28Z" changeset="119697589" uid="14728772" user="Green_wood">
    <nd ref="9665159820"/>
    <nd ref="9665159819"/>
    <tag k="highway" v="residential"/>
  </way>
  <way id="1051755554" version="2" timestamp="2022-04-14T07:27:37Z" changeset="119697950" uid="14728772" user="Green_wood">
    <nd ref="9665182918"/>
    <nd ref="9665182917"/>
    <tag k="highway" v="service"/>
  </way>
  <way id="1052642909" version="1" timestamp="2022-04-18T10:04:26Z" changeset="119849481" uid="13196804" user="Nad_Alley">
    <nd ref="9673945093"/>
    <nd ref="9673945092"/>
    <tag k="highway" v="residential"/>
  </way>
  <way id="1052642910" version="2" timestamp="2024-04-23T18:08:49Z" changeset="150409484" uid="8792857" user="Admasawi">
    <nd ref="6769505594"/>
    <nd ref="9673945097"/>
    <nd ref="9673945096"/>
    <nd ref="9673945094"/>
    <nd ref="9673945095"/>
    <nd ref="11842008616"/>
    <nd ref="6746192719"/>
    <tag k="highway" v="residential"/>
  </way>
  <way id="1052642911" version="2" timestamp="2023-05-21T06:20:42Z" changeset="136360083" uid="454932" user="Cyrille37">
    <nd ref="9673945110"/>
    <nd ref="9673945105"/>
    <nd ref="9673945102"/>
    <nd ref="6746192702"/>
    <tag k="highway" v="residential"/>
  </way>
  <way id="1052642912" version="1" timestamp="2022-04-18T10:04:26Z" changeset="119849481" uid="13196804" user="Nad_Alley">
    <nd ref="9673945112"/>
    <nd ref="9673945111"/>
    <tag k="highway" v="residential"/>
  </way>
  <way id="1052642913" version="1" timestamp="2022-04-18T10:04:26Z" changeset="119849481" uid="13196804" user="Nad_Alley">
    <nd ref="9673945113"/>
    <nd ref="6769407658"/>
    <tag k="highway" v="residential"/>
  </way>
  <way id="1052642914" version="1" timestamp="2022-04-18T10:04:26Z" changeset="119849481" uid="13196804" user="Nad_Alley">
    <nd ref="6769407649"/>
    <nd ref="9673945100"/>
    <nd ref="9673945101"/>
    <nd ref="9673945099"/>
    <nd ref="9673945098"/>
    <nd ref="6769407654"/>
    <tag k="highway" v="residential"/>
  </way>
  <way id="1053227528" version="1" timestamp="2022-04-20T05:52:51Z" changeset="119934299" uid="14728791" user="Rtanj">
    <nd ref="9679058107"/>
    <nd ref="9679058105"/>
    <nd ref="9679058106"/>
    <tag k="highway" v="residential"/>
  </way>
  <way id="1053816385" version="1" timestamp="2022-04-22T05:06:15Z" changeset="120028347" uid="14727398" user="Nar_ach">
    <nd ref="9684441633"/>
    <nd ref="9684441632"/>
    <nd ref="6769178344"/>
    <tag k="highway" v="residential"/>
  </way>
  <way id="1057134654" version="1" timestamp="2022-05-04T10:08:47Z" changeset="120535704" uid="15458667" user="Meh_aR">
    <nd ref="9713602068"/>
    <nd ref="9713602067"/>
    <tag k="highway" v="service"/>
  </way>
  <way id="1101751293" version="1" timestamp="2022-10-07T14:39:45Z" changeset="127156107" uid="578772" user="alain2003">
    <nd ref="10082114860"/>
    <nd ref="10082114861"/>
    <nd ref="10082114862"/>
    <nd ref="10082114863"/>
    <nd ref="10082114864"/>
    <nd ref="10082114865"/>
    <nd ref="10082114860"/>
    <tag k="building" v="yes"/>
    <tag k="source" v="microsoft/BuildingFootprints"/>
  </way>
  <way id="1101751296" version="1" timestamp="2022-10-07T14:39:45Z" changeset="127156107" uid="578772" user="alain2003">
    <nd ref="10082114884"/>
    <nd ref="10082114885"/>
    <nd ref="10082114886"/>
    <nd ref="10082114887"/>
    <nd ref="10082114888"/>
    <nd ref="10082114889"/>
    <nd ref="10082114890"/>
    <nd ref="10082114891"/>
    <nd ref="10082114884"/>
    <tag k="building" v="yes"/>
    <tag k="source" v="microsoft/BuildingFootprints"/>
  </way>
  <way id="1101751297" version="1" timestamp="2022-10-07T14:39:45Z" changeset="127156107" uid="578772" user="alain2003">
    <nd ref="10082114892"/>
    <nd ref="10082114893"/>
    <nd ref="10082114894"/>
    <nd ref="10082114895"/>
    <nd ref="10082114892"/>
    <tag k="building" v="yes"/>
    <tag k="source" v="microsoft/BuildingFootprints"/>
  </way>
  <way id="1101751303" version="1" timestamp="2022-10-07T14:39:45Z" changeset="127156107" uid="578772" user="alain2003">
    <nd ref="10082141123"/>
    <nd ref="10082141122"/>
    <nd ref="10082141120"/>
    <nd ref="10082141121"/>
    <tag k="highway" v="service"/>
  </way>
  <way id="1102233963" version="2" timestamp="2025-11-12T11:55:48Z" changeset="174555938" uid="11538330" user="Hel23">
    <nd ref="1356353654"/>
    <nd ref="6769325345"/>
    <nd ref="5588783838"/>
    <nd ref="30062545"/>
    <nd ref="5766387594"/>
    <nd ref="2189105313"/>
    <nd ref="30062557"/>
    <nd ref="30062558"/>
    <nd ref="5766388054"/>
    <nd ref="2189105378"/>
    <nd ref="30062559"/>
    <nd ref="9662469073"/>
    <nd ref="6769505605"/>
    <nd ref="30062560"/>
    <nd ref="9662469060"/>
    <nd ref="13299402891"/>
    <nd ref="5766387626"/>
    <nd ref="30062561"/>
    <tag k="highway" v="tertiary"/>
    <tag k="lanes" v="4"/>
    <tag k="name" v="Avenue Al Mostakbal شارع المستقبل"/>
    <tag k="name:ar" v="شارع المستقبل"/>
    <tag k="name:fr" v="Avenue Al Mostakbal"/>
    <tag k="surface" v="asphalt"/>
  </way>
  <way id="1275365567" version="1" timestamp="2024-04-23T18:08:49Z" changeset="150409484" uid="8792857" user="Admasawi">
    <nd ref="11842008612"/>
    <nd ref="11842008611"/>
    <tag k="highway" v="service"/>
  </way>
  <way id="1275365568" version="1" timestamp="2024-04-23T18:08:49Z" changeset="150409484" uid="8792857" user="Admasawi">
    <nd ref="11842008616"/>
    <nd ref="11842008615"/>
    <nd ref="11842008614"/>
    <nd ref="11842008613"/>
    <tag k="highway" v="service"/>
  </way>
  <way id="1275365571" version="1" timestamp="2024-04-23T18:08:49Z" changeset="150409484" uid="8792857" user="Admasawi">
    <nd ref="11842008624"/>
    <nd ref="11842008627"/>
    <nd ref="11842008626"/>
    <nd ref="11842008625"/>
    <tag k="highway" v="service"/>
  </way>
  <way id="1450006795" version="1" timestamp="2025-11-12T11:55:48Z" changeset="174555938" uid="11538330" user="Hel23">
    <nd ref="13299402891"/>
    <nd ref="13299402892"/>
    <nd ref="13299402893"/>
    <nd ref="13299402894"/>
    <tag k="highway" v="residential"/>
    <tag k="source" v="maxar"/>
  </way>
  <way id="1450006796" version="1" timestamp="2025-11-12T11:55:48Z" changeset="174555938" uid="11538330" user="Hel23">
    <nd ref="13299402893"/>
    <nd ref="13299402895"/>
    <nd ref="13299402896"/>
    <nd ref="9662469058"/>
    <tag k="highway" v="residential"/>
    <tag k="source" v="maxar"/>
  </way>
  <relation id="12951805" version="48" timestamp="2025-05-06T09:24:41Z" changeset="165881700" uid="22377393" user="shery1">
    <member type="node" ref="8977069409" role="platform"/>
    <member type="node" ref="8977069399" role="platform"/>
    <member type="node" ref="10080333233" role="platform"/>
    <member type="node" ref="10082141489" role="platform"/>
    <member type="node" ref="8974356430" role="platform"/>
    <member type="node" ref="10087870501" role="platform"/>
    <member type="node" ref="10082141487" role="platform"/>
    <member type="node" ref="10092266825" role="platform"/>
    <member type="node" ref="10092266824" role="platform"/>
    <member type="node" ref="10082141274" role="platform"/>
    <member type="node" ref="1824603870" role="platform"/>
    <member type="node" ref="10078618983" role="platform"/>
    <member type="node" ref="10082141273" role="platform"/>
    <member type="node" ref="8977069412" role="platform"/>
    <member type="node" ref="12155980910" role="platform"/>
    <member type="node" ref="10082141250" role="platform"/>
    <member type="node" ref="8977069414" role="platform"/>
    <member type="node" ref="10082141191" role="platform"/>
    <member type="node" ref="10082141124" role="platform"/>
    <member type="node" ref="10082114859" role="platform"/>
    <member type="node" ref="8977071017" role="platform"/>
    <member type="node" ref="10083597364" role="platform"/>
    <member type="node" ref="8977071019" role="platform"/>
    <member type="node" ref="10080562327" role="platform"/>
    <member type="node" ref="10108899405" role="platform"/>
    <member type="node" ref="10080562329" role="platform"/>
    <member type="way" ref="1102174132" role=""/>
    <member type="way" ref="1375544791" role=""/>
    <member type="way" ref="585546574" role=""/>
    <member type="way" ref="35160536" role=""/>
    <member type="way" ref="1375544790" role=""/>
    <member type="way" ref="1375544789" role=""/>
    <member type="way" ref="1278556655" role=""/>
    <member type="way" ref="411814373" role=""/>
    <member type="way" ref="152850453" role=""/>
    <member type="way" ref="152673859" role=""/>
    <member type="way" ref="610890131" role=""/>
    <member type="way" ref="610890130" role=""/>
    <member type="way" ref="612347912" role=""/>
    <member type="way" ref="4724293" role=""/>
    <member type="way" ref="1101363568" role=""/>
    <member type="way" ref="1312477637" role=""/>
    <member type="way" ref="4004875" role=""/>
    <member type="way" ref="1101363566" role=""/>
    <member type="way" ref="1101363567" role=""/>
    <member type="way" ref="1102641119" role=""/>
    <member type="way" ref="731143612" role=""/>
    <member type="way" ref="4050114" role=""/>
    <member type="way" ref="1102221193" role=""/>
    <member type="way" ref="1101346501" role=""/>
    <member type="way" ref="1102221194" role=""/>
    <member type="way" ref="97673186" role=""/>
    <member type="way" ref="288715992" role=""/>
    <member type="way" ref="1375577556" role=""/>
    <member type="way" ref="288715986" role=""/>
    <member type="way" ref="4330424" role=""/>
    <member type="way" ref="1313302752" role=""/>
    <member type="way" ref="1058028975" role=""/>
    <member type="way" ref="1101751323" role=""/>
    <member type="way" ref="1101553919" role=""/>
    <member type="way" ref="1101751324" role=""/>
    <member type="way" ref="970083542" role=""/>
    <member type="way" ref="1101751318" role=""/>
    <member type="way" ref="589854052" role=""/>
    <member type="way" ref="121088450" role=""/>
    <member type="way" ref="121088453" role=""/>
    <member type="way" ref="1101553901" role=""/>
    <member type="way" ref="8035602" role=""/>
    <member type="way" ref="527239192" role=""/>
    <member type="way" ref="1101762136" role=""/>
    <member type="way" ref="719423828" role=""/>
    <member type="way" ref="121089788" role=""/>
    <member type="way" ref="584732742" role=""/>
    <member type="way" ref="1101553900" role=""/>
    <member type="way" ref="1315506572" role=""/>
    <member type="way" ref="1312895380" role=""/>
    <tag k="from" v="mini parc"/>
    <tag k="name" v="L104:mini parc-Hay Fath"/>
    <tag k="network" v="ALSA Citybus RST"/>
    <tag k="network:wikidata" v="Q111211361"/>
    <tag k="operator" v="ALSA"/>
    <tag k="public_transport:version" v="2"/>
    <tag k="ref" v="104"/>
    <tag k="route" v="bus"/>
    <tag k="to" v="Hay Fath"/>
    <tag k="type" v="route"/>
  </relation>
  <relation id="14670810" version="45" timestamp="2025-05-06T09:24:41Z" changeset="165881700" uid="22377393" user="shery1">
    <member type="node" ref="12184198155" role="platform"/>
    <member type="node" ref="10080562328" role="platform"/>
    <member type="node" ref="10108899406" role="platform"/>
    <member type="node" ref="8977071020" role="platform"/>
    <member type="node" ref="10083597363" role="platform"/>
    <member type="node" ref="8977071018" role="platform"/>
    <member type="node" ref="10096554684" role="platform"/>
    <member type="node" ref="8977069415" role="platform"/>
    <member type="node" ref="10082141251" role="platform"/>
    <member type="node" ref="12155980909" role="platform"/>
    <member type="node" ref="10083629461" role="platform"/>
    <member type="node" ref="10083629619" role="platform"/>
    <member type="node" ref="8974699713" role="platform"/>
    <member type="node" ref="10080562296" role="platform"/>
    <member type="node" ref="3586387006" role="platform"/>
    <member type="node" ref="10083629621" role="platform"/>
    <member type="node" ref="10083629622" role="platform"/>
    <member type="node" ref="10083629623" role="platform"/>
    <member type="node" ref="10083629624" role="platform"/>
    <member type="node" ref="10083629625" role="platform"/>
    <member type="node" ref="12174760312" role="platform"/>
    <member type="way" ref="719685849" role=""/>
    <member type="way" ref="1101553900" role=""/>
    <member type="way" ref="584732742" role=""/>
    <member type="way" ref="121089788" role=""/>
    <member type="way" ref="719423829" role=""/>
    <member type="way" ref="527239191" role=""/>
    <member type="way" ref="121089783" role=""/>
    <member type="way" ref="4061048" role=""/>
    <member type="way" ref="1101553903" role=""/>
    <member type="way" ref="1101553902" role=""/>
    <member type="way" ref="4061138" role=""/>
    <member type="way" ref="121088450" role=""/>
    <member type="way" ref="589854052" role=""/>
    <member type="way" ref="1101751319" role=""/>
    <member type="way" ref="1101751322" role=""/>
    <member type="way" ref="1101553920" role=""/>
    <member type="way" ref="1102174136" role=""/>
    <member type="way" ref="160213182" role=""/>
    <member type="way" ref="1312652331" role=""/>
    <member type="way" ref="608410947" role=""/>
    <member type="way" ref="172993765" role=""/>
    <member type="way" ref="608410927" role=""/>
    <member type="way" ref="1102174135" role=""/>
    <member type="way" ref="1375577554" role=""/>
    <member type="way" ref="607475407" role=""/>
    <member type="way" ref="1376133237" role=""/>
    <member type="way" ref="8039366" role=""/>
    <member type="way" ref="1312883850" role=""/>
    <member type="way" ref="1101553923" role=""/>
    <member type="way" ref="607475410" role=""/>
    <member type="way" ref="1375845700" role=""/>
    <member type="way" ref="1375845699" role=""/>
    <member type="way" ref="607475416" role=""/>
    <member type="way" ref="1312520845" role=""/>
    <member type="way" ref="1312520848" role=""/>
    <member type="way" ref="1312520847" role=""/>
    <member type="way" ref="160201037" role=""/>
    <member type="way" ref="1101929290" role=""/>
    <member type="way" ref="160201041" role=""/>
    <member type="way" ref="1349956438" role=""/>
    <member type="way" ref="1101528871" role=""/>
    <member type="way" ref="583999762" role=""/>
    <member type="way" ref="744489634" role=""/>
    <member type="way" ref="611284774" role=""/>
    <member type="way" ref="611284772" role=""/>
    <member type="way" ref="1058657648" role=""/>
    <member type="way" ref="1058657649" role=""/>
    <member type="way" ref="852711782" role=""/>
    <member type="way" ref="4061206" role=""/>
    <member type="way" ref="855429446" role=""/>
    <member type="way" ref="852711781" role=""/>
    <member type="way" ref="1056990347" role=""/>
    <member type="way" ref="725692781" role=""/>
    <member type="way" ref="1383773475" role=""/>
    <member type="way" ref="411814342" role=""/>
    <member type="way" ref="343197571" role=""/>
    <member type="way" ref="1058687159" role=""/>
    <member type="way" ref="1101929285" role=""/>
    <member type="way" ref="1102462008" role=""/>
    <member type="way" ref="1101515920" role=""/>
    <member type="way" ref="1102462009" role=""/>
    <member type="way" ref="4049989" role=""/>
    <member type="way" ref="1101929286" role=""/>
    <member type="way" ref="4061146" role=""/>
    <member type="way" ref="608428080" role=""/>
    <member type="way" ref="608428079" role=""/>
    <member type="way" ref="607200442" role=""/>
    <member type="way" ref="1101929288" role=""/>
    <member type="way" ref="1101929289" role=""/>
    <member type="way" ref="1312596242" role=""/>
    <tag k="from" v="Hay Fath"/>
    <tag k="name" v="L106:Hay Fath-Abdelmoumen"/>
    <tag k="network" v="ALSA Citybus RST"/>
    <tag k="network:wikidata" v="Q111211361"/>
    <tag k="operator" v="ALSA"/>
    <tag k="operator:wikidata" v="Q294510"/>
    <tag k="operator:wikipedia" v="fr:Alsa (entreprise)"/>
    <tag k="public_transport:version" v="2"/>
    <tag k="ref" v="106"/>
    <tag k="route" v="bus"/>
    <tag k="to" v="Abdelmoumen"/>
    <tag k="type" v="route"/>
  </relation>
  <relation id="14670811" version="40" timestamp="2025-05-06T09:24:41Z" changeset="165881700" uid="22377393" user="shery1">
    <member type="node" ref="3696236925" role="platform"/>
    <member type="node" ref="3696236724" role="platform"/>
    <member type="node" ref="10076848820" role="platform"/>
    <member type="node" ref="8968579006" role="platform"/>
    <member type="node" ref="10115253878" role="platform"/>
    <member type="node" ref="10115253879" role="platform"/>
    <member type="node" ref="10115253880" role="platform"/>
    <member type="node" ref="10080562297" role="platform"/>
    <member type="node" ref="8974699714" role="platform"/>
    <member type="node" ref="10083629620" role="platform"/>
    <member type="node" ref="10083629463" role="platform"/>
    <member type="node" ref="12155980910" role="platform"/>
    <member type="node" ref="10082141250" role="platform"/>
    <member type="node" ref="8977069414" role="platform"/>
    <member type="node" ref="10082141191" role="platform"/>
    <member type="node" ref="10082141124" role="platform"/>
    <member type="node" ref="8977071017" role="platform"/>
    <member type="node" ref="10083597364" role="platform"/>
    <member type="node" ref="8977071019" role="platform"/>
    <member type="node" ref="10080562327" role="platform"/>
    <member type="node" ref="10108899405" role="platform"/>
    <member type="node" ref="10080562329" role="platform"/>
    <member type="way" ref="365618918" role=""/>
    <member type="way" ref="1383728091" role=""/>
    <member type="way" ref="1312714885" role=""/>
    <member type="way" ref="1383728090" role=""/>
    <member type="way" ref="967516351" role=""/>
    <member type="way" ref="1101515914" role=""/>
    <member type="way" ref="1100961768" role=""/>
    <member type="way" ref="1101060712" role=""/>
    <member type="way" ref="4071198" role=""/>
    <member type="way" ref="965582930" role=""/>
    <member type="way" ref="731077374" role=""/>
    <member type="way" ref="176730637" role=""/>
    <member type="way" ref="159739115" role=""/>
    <member type="way" ref="1102457007" role=""/>
    <member type="way" ref="156345557" role=""/>
    <member type="way" ref="1382275611" role=""/>
    <member type="way" ref="159739113" role=""/>
    <member type="way" ref="1101929293" role=""/>
    <member type="way" ref="35162952" role=""/>
    <member type="way" ref="160201037" role=""/>
    <member type="way" ref="1312520846" role=""/>
    <member type="way" ref="1312520851" role=""/>
    <member type="way" ref="4049976" role=""/>
    <member type="way" ref="1312520849" role=""/>
    <member type="way" ref="607475417" role=""/>
    <member type="way" ref="413359532" role=""/>
    <member type="way" ref="1279045421" role=""/>
    <member type="way" ref="1279045420" role=""/>
    <member type="way" ref="1101553921" role=""/>
    <member type="way" ref="1376122606" role=""/>
    <member type="way" ref="1101929280" role=""/>
    <member type="way" ref="1375845703" role=""/>
    <member type="way" ref="607475413" role=""/>
    <member type="way" ref="4330424" role=""/>
    <member type="way" ref="1313302752" role=""/>
    <member type="way" ref="1058028975" role=""/>
    <member type="way" ref="1101751323" role=""/>
    <member type="way" ref="1101553919" role=""/>
    <member type="way" ref="1101751324" role=""/>
    <member type="way" ref="970083542" role=""/>
    <member type="way" ref="1101751318" role=""/>
    <member type="way" ref="589854052" role=""/>
    <member type="way" ref="121088450" role=""/>
    <member type="way" ref="121088453" role=""/>
    <member type="way" ref="1101553901" role=""/>
    <member type="way" ref="8035602" role=""/>
    <member type="way" ref="527239192" role=""/>
    <member type="way" ref="1101762136" role=""/>
    <member type="way" ref="719423828" role=""/>
    <member type="way" ref="121089788" role=""/>
    <member type="way" ref="584732742" role=""/>
    <member type="way" ref="1101553900" role=""/>
    <member type="way" ref="1315506572" role=""/>
    <member type="way" ref="1312895380" role=""/>
    <tag k="from" v="Abdelmoumen"/>
    <tag k="name" v="L106:Abdelmoumen-Hay Fath"/>
    <tag k="network" v="ALSA Citybus RST"/>
    <tag k="network:wikidata" v="Q111211361"/>
    <tag k="network:wikipedia" v="fr:Réseau de bus de Rabat-Salé-Témara"/>
    <tag k="operator" v="ALSA"/>
    <tag k="operator:wikidata" v="Q294510"/>
    <tag k="operator:wikipedia" v="fr:Alsa (entreprise)"/>
    <tag k="public_transport:version" v="2"/>
    <tag k="ref" v="106"/>
    <tag k="route" v="bus"/>
    <tag k="to" v="Hay Fath"/>
    <tag k="type" v="route"/>
  </relation>
  <relation id="14672369" version="54" timestamp="2026-04-28T18:09:37Z" changeset="181954766" uid="23046090" user="SonoranDesert1">
    <member type="node" ref="10078956087" role="platform"/>
    <member type="node" ref="10078956090" role="platform"/>
    <member type="node" ref="10082225567" role="platform"/>
    <member type="node" ref="10080562297" role="platform"/>
    <member type="node" ref="10080562298" role="platform"/>
    <member type="node" ref="10080562300" role="platform"/>
    <member type="node" ref="10085898587" role="platform"/>
    <member type="node" ref="10085893534" role="platform"/>
    <member type="node" ref="10085893532" role="platform"/>
    <member type="node" ref="10085893530" role="platform"/>
    <member type="node" ref="10085893528" role="platform"/>
    <member type="node" ref="12152808719" role="platform"/>
    <member type="node" ref="12152808708" role="platform"/>
    <member type="node" ref="12152808707" role="platform"/>
    <member type="node" ref="12152808705" role="platform"/>
    <member type="node" ref="12152808703" role="platform"/>
    <member type="node" ref="10085893522" role="platform"/>
    <member type="node" ref="12152808700" role="platform"/>
    <member type="node" ref="12152808699" role="platform"/>
    <member type="node" ref="10080562320" role="platform"/>
    <member type="node" ref="10080562321" role="platform"/>
    <member type="node" ref="10080562324" role="platform"/>
    <member type="node" ref="12150223463" role="platform"/>
    <member type="node" ref="12150223462" role="platform"/>
    <member type="node" ref="6745875630" role="platform"/>
    <member type="node" ref="10085893455" role="platform"/>
    <member type="node" ref="1700427465" role="platform"/>
    <member type="node" ref="10085893452" role="platform"/>
    <member type="node" ref="10085893448" role="platform"/>
    <member type="node" ref="12150223418" role="platform"/>
    <member type="node" ref="8974733431" role="platform"/>
    <member type="node" ref="10095745830" role="platform"/>
    <member type="node" ref="10095745838" role="platform"/>
    <member type="node" ref="12150141201" role="platform"/>
    <member type="node" ref="8974733437" role="platform"/>
    <member type="node" ref="1700427704" role="platform"/>
    <member type="node" ref="12150021637" role="platform"/>
    <member type="node" ref="12150021635" role="platform"/>
    <member type="node" ref="8974733439" role="platform"/>
    <member type="node" ref="12150021625" role="platform"/>
    <member type="node" ref="8974733442" role="platform"/>
    <member type="node" ref="12150021624" role="platform"/>
    <member type="node" ref="8974733443" role="platform"/>
    <member type="node" ref="12150021622" role="platform"/>
    <member type="node" ref="8974733445" role="platform"/>
    <member type="node" ref="12150021619" role="platform"/>
    <member type="node" ref="8974733446" role="platform"/>
    <member type="node" ref="10085839242" role="platform"/>
    <member type="way" ref="1382305289" role=""/>
    <member type="way" ref="155789365" role=""/>
    <member type="way" ref="70192790" role=""/>
    <member type="way" ref="70192792" role=""/>
    <member type="way" ref="4049976" role=""/>
    <member type="way" ref="1312520849" role=""/>
    <member type="way" ref="607475417" role=""/>
    <member type="way" ref="413359532" role=""/>
    <member type="way" ref="8039372" role=""/>
    <member type="way" ref="208145468" role=""/>
    <member type="way" ref="1102995650" role=""/>
    <member type="way" ref="668373850" role=""/>
    <member type="way" ref="1505183735" role=""/>
    <member type="way" ref="1102235588" role=""/>
    <member type="way" ref="1102235587" role=""/>
    <member type="way" ref="390604998" role=""/>
    <member type="way" ref="1314059915" role=""/>
    <member type="way" ref="445834600" role=""/>
    <member type="way" ref="196224384" role=""/>
    <member type="way" ref="607506092" role=""/>
    <member type="way" ref="607506104" role=""/>
    <member type="way" ref="1312929261" role=""/>
    <member type="way" ref="589844537" role=""/>
    <member type="way" ref="584727030" role=""/>
    <member type="way" ref="1102233963" role=""/>
    <member type="way" ref="584727021" role=""/>
    <member type="way" ref="4330450" role=""/>
    <member type="way" ref="45016629" role=""/>
    <member type="way" ref="1312929259" role=""/>
    <member type="way" ref="719423831" role=""/>
    <member type="way" ref="445834569" role=""/>
    <member type="way" ref="1312929253" role=""/>
    <member type="way" ref="1102233950" role=""/>
    <member type="way" ref="1102233949" role=""/>
    <member type="way" ref="255626256" role=""/>
    <member type="way" ref="445834576" role=""/>
    <member type="way" ref="157777859" role=""/>
    <member type="way" ref="1102233944" role=""/>
    <member type="way" ref="1036214366" role=""/>
    <member type="way" ref="1102233938" role=""/>
    <member type="way" ref="157777872" role=""/>
    <member type="way" ref="1102233935" role=""/>
    <member type="way" ref="157777874" role=""/>
    <member type="way" ref="1254433672" role=""/>
    <member type="way" ref="1041990669" role=""/>
    <member type="way" ref="1103235359" role=""/>
    <member type="way" ref="142444700" role=""/>
    <member type="way" ref="1460790128" role=""/>
    <member type="way" ref="1460790129" role=""/>
    <member type="way" ref="585498367" role=""/>
    <member type="way" ref="165398434" role=""/>
    <member type="way" ref="1313042414" role=""/>
    <member type="way" ref="142444710" role=""/>
    <member type="way" ref="142444704" role=""/>
    <member type="way" ref="142444714" role=""/>
    <member type="way" ref="157777853" role=""/>
    <member type="way" ref="157777830" role=""/>
    <member type="way" ref="157777820" role=""/>
    <member type="way" ref="577898729" role=""/>
    <member type="way" ref="186261539" role=""/>
    <member type="way" ref="1102233871" role=""/>
    <member type="way" ref="539703799" role=""/>
    <member type="way" ref="1102233866" role=""/>
    <member type="way" ref="1102233865" role=""/>
    <member type="way" ref="181033987" role=""/>
    <member type="way" ref="1147829944" role=""/>
    <member type="way" ref="1312523388" role=""/>
    <member type="way" ref="1147252323" role=""/>
    <member type="way" ref="1312523385" role=""/>
    <member type="way" ref="181033986" role=""/>
    <member type="way" ref="1102233859" role=""/>
    <member type="way" ref="1312523383" role=""/>
    <member type="way" ref="181373968" role=""/>
    <tag k="from" v="Avenue Hassan II (Bab El Had)Terminus"/>
    <tag k="name" v="L33:Bab El Had-Plage de Skhirat"/>
    <tag k="network" v="ALSA Citybus RST"/>
    <tag k="network:wikidata" v="Q111211361"/>
    <tag k="network:wikipedia" v="fr:Réseau de bus de Rabat-Salé-Témara"/>
    <tag k="operator" v="ALSA"/>
    <tag k="public_transport:version" v="2"/>
    <tag k="ref" v="33"/>
    <tag k="route" v="bus"/>
    <tag k="to" v="Plage de Skhirat"/>
    <tag k="type" v="route"/>
  </relation>
  <relation id="14672370" version="56" timestamp="2025-12-23T16:09:21Z" changeset="176315667" uid="23046107" user="NapoRiver">
    <member type="node" ref="6817166408" role="platform"/>
    <member type="node" ref="12150021617" role="platform"/>
    <member type="node" ref="10085839243" role="platform"/>
    <member type="node" ref="12150021620" role="platform"/>
    <member type="node" ref="12150021621" role="platform"/>
    <member type="node" ref="12150021623" role="platform"/>
    <member type="node" ref="11005642178" role="platform"/>
    <member type="node" ref="1558969227" role="platform"/>
    <member type="node" ref="8974733441" role="platform"/>
    <member type="node" ref="8974733440" role="platform"/>
    <member type="node" ref="12150021634" role="platform"/>
    <member type="node" ref="12150021636" role="platform"/>
    <member type="node" ref="12150137791" role="platform"/>
    <member type="node" ref="8974733436" role="platform"/>
    <member type="node" ref="12150137800" role="platform"/>
    <member type="node" ref="12150141202" role="platform"/>
    <member type="node" ref="10095745839" role="platform"/>
    <member type="node" ref="10095745831" role="platform"/>
    <member type="node" ref="8974733430" role="platform"/>
    <member type="node" ref="12150223419" role="platform"/>
    <member type="node" ref="10085893447" role="platform"/>
    <member type="node" ref="10085893451" role="platform"/>
    <member type="node" ref="12150223420" role="platform"/>
    <member type="node" ref="10085893456" role="platform"/>
    <member type="node" ref="12150223421" role="platform"/>
    <member type="node" ref="12150223461" role="platform"/>
    <member type="node" ref="10085893457" role="platform"/>
    <member type="node" ref="10080562323" role="platform"/>
    <member type="node" ref="10080562322" role="platform"/>
    <member type="node" ref="10080562319" role="platform"/>
    <member type="node" ref="12152808698" role="platform"/>
    <member type="node" ref="12152808701" role="platform"/>
    <member type="node" ref="12152808702" role="platform"/>
    <member type="node" ref="12152808704" role="platform"/>
    <member type="node" ref="12152808706" role="platform"/>
    <member type="node" ref="10085893525" role="platform"/>
    <member type="node" ref="12152808709" role="platform"/>
    <member type="node" ref="12152808718" role="platform"/>
    <member type="node" ref="10085893527" role="platform"/>
    <member type="node" ref="10085893529" role="platform"/>
    <member type="node" ref="10085893531" role="platform"/>
    <member type="node" ref="10085893533" role="platform"/>
    <member type="node" ref="10085898588" role="platform"/>
    <member type="node" ref="10080562301" role="platform"/>
    <member type="node" ref="10080562299" role="platform"/>
    <member type="node" ref="10082225566" role="platform"/>
    <member type="node" ref="10078956088" role="platform"/>
    <member type="way" ref="350560178" role=""/>
    <member type="way" ref="1409525578" role=""/>
    <member type="way" ref="1409525577" role=""/>
    <member type="way" ref="204734711" role=""/>
    <member type="way" ref="1409525579" role=""/>
    <member type="way" ref="1312523382" role=""/>
    <member type="way" ref="1102233856" role=""/>
    <member type="way" ref="1147829945" role=""/>
    <member type="way" ref="1312523386" role=""/>
    <member type="way" ref="1147252326" role=""/>
    <member type="way" ref="1147252320" role=""/>
    <member type="way" ref="1147252321" role=""/>
    <member type="way" ref="1184815631" role=""/>
    <member type="way" ref="1184815630" role=""/>
    <member type="way" ref="183236730" role=""/>
    <member type="way" ref="137318476" role=""/>
    <member type="way" ref="1102233870" role=""/>
    <member type="way" ref="1102233873" role=""/>
    <member type="way" ref="539703800" role=""/>
    <member type="way" ref="1102233874" role=""/>
    <member type="way" ref="585498359" role=""/>
    <member type="way" ref="1102233917" role=""/>
    <member type="way" ref="1102233916" role=""/>
    <member type="way" ref="142444697" role=""/>
    <member type="way" ref="1102233920" role=""/>
    <member type="way" ref="142444712" role=""/>
    <member type="way" ref="1312523391" role=""/>
    <member type="way" ref="1312875674" role=""/>
    <member type="way" ref="142444706" role=""/>
    <member type="way" ref="1102233927" role=""/>
    <member type="way" ref="1460790130" role=""/>
    <member type="way" ref="165398435" role=""/>
    <member type="way" ref="1460790127" role=""/>
    <member type="way" ref="1103235358" role=""/>
    <member type="way" ref="964640017" role=""/>
    <member type="way" ref="1254433673" role=""/>
    <member type="way" ref="146652926" role=""/>
    <member type="way" ref="157777843" role=""/>
    <member type="way" ref="157777855" role=""/>
    <member type="way" ref="157777841" role=""/>
    <member type="way" ref="157777892" role=""/>
    <member type="way" ref="1036214365" role=""/>
    <member type="way" ref="445834582" role=""/>
    <member type="way" ref="1102233945" role=""/>
    <member type="way" ref="1102233947" role=""/>
    <member type="way" ref="445834590" role=""/>
    <member type="way" ref="1102233951" role=""/>
    <member type="way" ref="1312929254" role=""/>
    <member type="way" ref="445834569" role=""/>
    <member type="way" ref="719423830" role=""/>
    <member type="way" ref="1312929257" role=""/>
    <member type="way" ref="1312929256" role=""/>
    <member type="way" ref="4330402" role=""/>
    <member type="way" ref="1102233961" role=""/>
    <member type="way" ref="1102233959" role=""/>
    <member type="way" ref="121088455" role=""/>
    <member type="way" ref="1102233963" role=""/>
    <member type="way" ref="584727030" role=""/>
    <member type="way" ref="589844537" role=""/>
    <member type="way" ref="1312929260" role=""/>
    <member type="way" ref="1102233966" role=""/>
    <member type="way" ref="1102233967" role=""/>
    <member type="way" ref="607506093" role=""/>
    <member type="way" ref="196224383" role=""/>
    <member type="way" ref="1102233969" role=""/>
    <member type="way" ref="445834598" role=""/>
    <member type="way" ref="1102235590" role=""/>
    <member type="way" ref="8039373" role=""/>
    <member type="way" ref="1102995648" role=""/>
    <member type="way" ref="668373872" role=""/>
    <member type="way" ref="1279045423" role=""/>
    <member type="way" ref="1279045422" role=""/>
    <member type="way" ref="607475410" role=""/>
    <member type="way" ref="1375845700" role=""/>
    <member type="way" ref="1375845699" role=""/>
    <member type="way" ref="607475416" role=""/>
    <member type="way" ref="1312520845" role=""/>
    <member type="way" ref="1312520848" role=""/>
    <member type="way" ref="1312520847" role=""/>
    <member type="way" ref="1312520846" role=""/>
    <member type="way" ref="413359541" role=""/>
    <member type="way" ref="1382305298" role=""/>
    <member type="way" ref="1312477649" role=""/>
    <member type="way" ref="1312477647" role=""/>
    <member type="way" ref="1312477645" role=""/>
    <member type="way" ref="1382305286" role=""/>
    <member type="way" ref="70192785" role=""/>
    <tag k="from" v="Plage de Skhirat"/>
    <tag k="name" v="L33:Plage de Skhirat-Bab El Had"/>
    <tag k="network" v="ALSA Citybus RST"/>
    <tag k="network:wikidata" v="Q111211361"/>
    <tag k="network:wikipedia" v="fr:Réseau de bus de Rabat-Salé-Témara"/>
    <tag k="operator" v="ALSA"/>
    <tag k="operator:wikidata" v="Q294510"/>
    <tag k="operator:wikipedia" v="fr:Alsa (entreprise)"/>
    <tag k="public_transport:version" v="2"/>
    <tag k="ref" v="33"/>
    <tag k="route" v="bus"/>
    <tag k="to" v="Avenue Hassan II (Bab El Had)Terminus"/>
    <tag k="type" v="route"/>
  </relation>

</osm>
