<?xml version="1.0" encoding="UTF-8"?>
<osm version="0.6" generator="Overpass API 0.7.62.11 87bfad18">
<note>The data included in this document is from www.openstreetmap.org. The data is made available under ODbL.</note>
<meta osm_base="2026-08-14T16:10:03Z"/>

  <bounds minlat="34.0316315" minlon="-6.8263502" maxlat="34.0344009" maxlon="-6.8219299"/>

  <node id="410870017" lat="34.0320770" lon="-6.8203783" version="5" timestamp="2024-04-24T09:49:27Z" changeset="150435765" uid="9945354" user="salma_z"/>
  <node id="410870021" lat="34.0346680" lon="-6.8234985" version="8" timestamp="2024-04-24T09:49:27Z" changeset="150435765" uid="9945354" user="salma_z"/>
  <node id="410870023" lat="34.0334974" lon="-6.8220626" version="5" timestamp="2024-04-24T09:49:27Z" changeset="150435765" uid="9945354" user="salma_z"/>
  <node id="410870039" lat="34.0349518" lon="-6.8238228" version="9" timestamp="2024-04-29T14:07:26Z" changeset="150665557" uid="9945354" user="salma_z"/>
  <node id="410870040" lat="34.0352966" lon="-6.8239543" version="9" timestamp="2024-04-29T14:07:26Z" changeset="150665557" uid="9945354" user="salma_z"/>
  <node id="499401036" lat="34.0336992" lon="-6.8253234" version="6" timestamp="2019-11-08T01:54:42Z" changeset="76783291" uid="9202927" user="Araucaria_araucana"/>
  <node id="499401040" lat="34.0348952" lon="-6.8271593" version="7" timestamp="2024-04-22T11:46:57Z" changeset="150342706" uid="9945354" user="salma_z"/>
  <node id="616653708" lat="34.0321694" lon="-6.8204624" version="6" timestamp="2024-04-24T09:49:27Z" changeset="150435765" uid="9945354" user="salma_z"/>
  <node id="898154135" lat="34.0322720" lon="-6.8266884" version="6" timestamp="2024-04-22T11:46:57Z" changeset="150342706" uid="9945354" user="salma_z"/>
  <node id="898155431" lat="34.0292478" lon="-6.8240083" version="6" timestamp="2024-04-22T11:46:57Z" changeset="150342706" uid="9945354" user="salma_z"/>
  <node id="898155713" lat="34.0345197" lon="-6.8272522" version="7" timestamp="2024-04-22T11:46:57Z" changeset="150342706" uid="9945354" user="salma_z"/>
  <node id="898156759" lat="34.0344654" lon="-6.8265061" version="5" timestamp="2024-04-24T09:49:27Z" changeset="150435765" uid="9945354" user="salma_z"/>
  <node id="898156879" lat="34.0344540" lon="-6.8246058" version="6" timestamp="2024-04-24T09:49:27Z" changeset="150435765" uid="9945354" user="salma_z"/>
  <node id="898159855" lat="34.0335929" lon="-6.8239561" version="6" timestamp="2024-04-24T09:49:27Z" changeset="150435765" uid="9945354" user="salma_z"/>
  <node id="898159861" lat="34.0349200" lon="-6.8238047" version="6" timestamp="2024-04-29T14:07:26Z" changeset="150665557" uid="9945354" user="salma_z"/>
  <node id="898160098" lat="34.0340586" lon="-6.8227559" version="6" timestamp="2024-04-24T09:49:27Z" changeset="150435765" uid="9945354" user="salma_z"/>
  <node id="898160701" lat="34.0335071" lon="-6.8222943" version="7" timestamp="2024-04-24T09:49:27Z" changeset="150435765" uid="9945354" user="salma_z"/>
  <node id="898160708" lat="34.0336760" lon="-6.8222846" version="5" timestamp="2024-04-24T09:49:27Z" changeset="150435765" uid="9945354" user="salma_z"/>
  <node id="898160757" lat="34.0329352" lon="-6.8260529" version="3" timestamp="2024-04-22T11:46:57Z" changeset="150342706" uid="9945354" user="salma_z"/>
  <node id="898160938" lat="34.0328727" lon="-6.8240117" version="5" timestamp="2024-04-24T09:49:27Z" changeset="150435765" uid="9945354" user="salma_z"/>
  <node id="898160940" lat="34.0328388" lon="-6.8223422" version="5" timestamp="2024-04-24T09:49:27Z" changeset="150435765" uid="9945354" user="salma_z"/>
  <node id="898160941" lat="34.0328299" lon="-6.8212413" version="5" timestamp="2024-04-24T09:49:27Z" changeset="150435765" uid="9945354" user="salma_z"/>
  <node id="898162726" lat="34.0322683" lon="-6.8223980" version="4" timestamp="2024-04-24T09:49:27Z" changeset="150435765" uid="9945354" user="salma_z">
    <tag k="highway" v="crossing"/>
  </node>
  <node id="898162727" lat="34.0322390" lon="-6.8237672" version="4" timestamp="2024-04-24T09:49:27Z" changeset="150435765" uid="9945354" user="salma_z"/>
  <node id="898163094" lat="34.0336281" lon="-6.8199432" version="6" timestamp="2024-04-24T13:49:17Z" changeset="150448847" uid="9945354" user="salma_z">
    <tag k="barrier" v="entrance"/>
    <tag k="historic" v="city_gate"/>
  </node>
  <node id="898166090" lat="34.0351263" lon="-6.8238334" version="7" timestamp="2024-04-29T14:07:26Z" changeset="150665557" uid="9945354" user="salma_z"/>
  <node id="898166338" lat="34.0331883" lon="-6.8208231" version="4" timestamp="2019-11-08T01:54:42Z" changeset="76783291" uid="9202927" user="Araucaria_araucana"/>
  <node id="898166339" lat="34.0335450" lon="-6.8214751" version="6" timestamp="2023-05-18T07:46:21Z" changeset="136241103" uid="454932" user="Cyrille37"/>
  <node id="898166341" lat="34.0345083" lon="-6.8225962" version="2" timestamp="2014-01-11T03:10:47Z" changeset="19928769" uid="23981" user="NaSH"/>
  <node id="898166342" lat="34.0352162" lon="-6.8237058" version="7" timestamp="2023-05-17T21:10:17Z" changeset="136229283" uid="454932" user="Cyrille37"/>
  <node id="898166589" lat="34.0338784" lon="-6.8218412" version="4" timestamp="2019-11-13T02:59:58Z" changeset="76989002" uid="9202927" user="Araucaria_araucana"/>
  <node id="898166626" lat="34.0344552" lon="-6.8225275" version="3" timestamp="2019-09-04T11:27:48Z" changeset="74080419" uid="9446707" user="PenokeanRange"/>
  <node id="898166657" lat="34.0346252" lon="-6.8227521" version="3" timestamp="2019-11-13T02:59:58Z" changeset="76989002" uid="9202927" user="Araucaria_araucana"/>
  <node id="898166732" lat="34.0347648" lon="-6.8229578" version="4" timestamp="2019-11-13T02:59:58Z" changeset="76989002" uid="9202927" user="Araucaria_araucana"/>
  <node id="898166779" lat="34.0349049" lon="-6.8231733" version="5" timestamp="2019-11-13T02:59:58Z" changeset="76989002" uid="9202927" user="Araucaria_araucana"/>
  <node id="898166825" lat="34.0346019" lon="-6.8219274" version="3" timestamp="2023-05-17T21:10:17Z" changeset="136229283" uid="454932" user="Cyrille37"/>
  <node id="898166827" lat="34.0342683" lon="-6.8223362" version="4" timestamp="2023-05-17T21:10:17Z" changeset="136229283" uid="454932" user="Cyrille37"/>
  <node id="898166884" lat="34.0340775" lon="-6.8220880" version="4" timestamp="2019-09-03T16:44:22Z" changeset="74050582" uid="9446707" user="PenokeanRange"/>
  <node id="898166900" lat="34.0346329" lon="-6.8213975" version="4" timestamp="2019-11-13T02:59:58Z" changeset="76989002" uid="9202927" user="Araucaria_araucana"/>
  <node id="898166932" lat="34.0336973" lon="-6.8216270" version="4" timestamp="2019-11-13T02:59:58Z" changeset="76989002" uid="9202927" user="Araucaria_araucana"/>
  <node id="898167443" lat="34.0332108" lon="-6.8210065" version="5" timestamp="2023-05-18T07:46:21Z" changeset="136241103" uid="454932" user="Cyrille37"/>
  <node id="898168028" lat="34.0333663" lon="-6.8212572" version="4" timestamp="2023-05-18T07:46:21Z" changeset="136241103" uid="454932" user="Cyrille37"/>
  <node id="1448860937" lat="34.0403929" lon="-6.7809565" version="4" timestamp="2021-08-22T22:23:15Z" changeset="110080873" uid="13744382" user="imel15"/>
  <node id="1448875158" lat="34.0322756" lon="-6.8205737" version="4" timestamp="2024-04-24T09:49:27Z" changeset="150435765" uid="9945354" user="salma_z"/>
  <node id="1654142263" lat="34.0326163" lon="-6.8206189" version="3" timestamp="2022-10-10T22:05:18Z" changeset="127325462" uid="6556551" user="TWHB"/>
  <node id="1654142273" lat="34.0346516" lon="-6.8193011" version="6" timestamp="2024-04-28T12:55:56Z" changeset="150617456" uid="9945354" user="salma_z"/>
  <node id="1654142281" lat="34.0349195" lon="-6.8235068" version="4" timestamp="2024-04-28T12:55:56Z" changeset="150617456" uid="9945354" user="salma_z"/>
  <node id="1654142318" lat="34.0361538" lon="-6.8265299" version="4" timestamp="2024-04-28T12:55:56Z" changeset="150617456" uid="9945354" user="salma_z"/>
  <node id="1654142319" lat="34.0365221" lon="-6.8267742" version="4" timestamp="2024-04-28T12:55:56Z" changeset="150617456" uid="9945354" user="salma_z"/>
  <node id="1654142320" lat="34.0363505" lon="-6.8180497" version="4" timestamp="2024-04-28T12:55:56Z" changeset="150617456" uid="9945354" user="salma_z"/>
  <node id="1654142327" lat="34.0367022" lon="-6.8269122" version="4" timestamp="2024-04-28T12:55:56Z" changeset="150617456" uid="9945354" user="salma_z"/>
  <node id="1654142334" lat="34.0373648" lon="-6.8273396" version="4" timestamp="2022-10-10T22:05:18Z" changeset="127325462" uid="6556551" user="TWHB"/>
  <node id="1654142341" lat="34.0376413" lon="-6.8276467" version="4" timestamp="2022-10-10T22:05:18Z" changeset="127325462" uid="6556551" user="TWHB"/>
  <node id="1654142349" lat="34.0382950" lon="-6.8285163" version="5" timestamp="2024-04-28T12:55:56Z" changeset="150617456" uid="9945354" user="salma_z"/>
  <node id="1654142354" lat="34.0387639" lon="-6.8291461" version="5" timestamp="2024-04-28T12:55:56Z" changeset="150617456" uid="9945354" user="salma_z"/>
  <node id="1654142359" lat="34.0392247" lon="-6.8295914" version="5" timestamp="2024-04-28T12:55:56Z" changeset="150617456" uid="9945354" user="salma_z"/>
  <node id="1654142368" lat="34.0398486" lon="-6.8292759" version="3" timestamp="2022-10-10T22:05:18Z" changeset="127325462" uid="6556551" user="TWHB"/>
  <node id="1776501258" lat="34.0393817" lon="-6.7856677" version="6" timestamp="2021-08-22T22:23:15Z" changeset="110080873" uid="13744382" user="imel15"/>
  <node id="2114851115" lat="34.0404829" lon="-6.7807951" version="5" timestamp="2021-08-22T22:23:15Z" changeset="110080873" uid="13744382" user="imel15"/>
  <node id="2161284859" lat="34.0355862" lon="-6.8163934" version="4" timestamp="2021-08-22T22:23:15Z" changeset="110080873" uid="13744382" user="imel15"/>
  <node id="2161284871" lat="34.0761543" lon="-6.7544949" version="4" timestamp="2021-08-22T22:23:15Z" changeset="110080873" uid="13744382" user="imel15"/>
  <node id="2161284878" lat="34.0424754" lon="-6.8291150" version="4" timestamp="2021-08-22T22:23:15Z" changeset="110080873" uid="13744382" user="imel15"/>
  <node id="2161284880" lat="34.0290163" lon="-6.8139073" version="5" timestamp="2021-08-22T22:23:15Z" changeset="110080873" uid="13744382" user="imel15"/>
  <node id="2161284882" lat="34.0469833" lon="-6.7765012" version="4" timestamp="2021-08-22T22:23:15Z" changeset="110080873" uid="13744382" user="imel15"/>
  <node id="2161284884" lat="34.0276090" lon="-6.7993323" version="4" timestamp="2021-08-22T22:23:15Z" changeset="110080873" uid="13744382" user="imel15"/>
  <node id="2161284886" lat="34.0638868" lon="-6.8057607" version="4" timestamp="2021-08-22T22:23:15Z" changeset="110080873" uid="13744382" user="imel15"/>
  <node id="2161284900" lat="34.0279898" lon="-6.7997541" version="4" timestamp="2021-08-22T22:23:15Z" changeset="110080873" uid="13744382" user="imel15"/>
  <node id="2161284906" lat="34.0330593" lon="-6.8304523" version="7" timestamp="2024-04-22T13:57:50Z" changeset="150348679" uid="9945354" user="salma_z"/>
  <node id="2161284922" lat="34.0652790" lon="-6.7553145" version="4" timestamp="2021-08-22T22:23:15Z" changeset="110080873" uid="13744382" user="imel15"/>
  <node id="2161284926" lat="34.0329440" lon="-6.8260723" version="6" timestamp="2021-08-22T22:23:15Z" changeset="110080873" uid="13744382" user="imel15"/>
  <node id="2161284927" lat="34.0819235" lon="-6.7702755" version="4" timestamp="2021-08-22T22:23:15Z" changeset="110080873" uid="13744382" user="imel15"/>
  <node id="2161284933" lat="34.0794458" lon="-6.7930056" version="4" timestamp="2021-08-22T22:23:15Z" changeset="110080873" uid="13744382" user="imel15"/>
  <node id="2161284935" lat="34.0845280" lon="-6.7836732" version="6" timestamp="2023-03-01T16:04:21Z" changeset="133178173" uid="454932" user="Cyrille37"/>
  <node id="2161284937" lat="34.0649854" lon="-6.8049420" version="4" timestamp="2021-08-22T22:23:15Z" changeset="110080873" uid="13744382" user="imel15"/>
  <node id="2161284939" lat="34.0274180" lon="-6.8082710" version="3" timestamp="2021-08-22T22:23:15Z" changeset="110080873" uid="13744382" user="imel15"/>
  <node id="2161284940" lat="34.0262135" lon="-6.8024616" version="4" timestamp="2021-08-22T22:23:15Z" changeset="110080873" uid="13744382" user="imel15"/>
  <node id="2161284944" lat="34.0264735" lon="-6.8068818" version="3" timestamp="2021-08-22T22:23:15Z" changeset="110080873" uid="13744382" user="imel15"/>
  <node id="2161284946" lat="34.0779685" lon="-6.7569152" version="3" timestamp="2021-08-22T22:23:15Z" changeset="110080873" uid="13744382" user="imel15"/>
  <node id="2161284947" lat="34.0269529" lon="-6.8092189" version="4" timestamp="2021-08-22T22:23:15Z" changeset="110080873" uid="13744382" user="imel15"/>
  <node id="2161284949" lat="34.0358344" lon="-6.8146764" version="4" timestamp="2021-08-22T22:23:15Z" changeset="110080873" uid="13744382" user="imel15"/>
  <node id="2161284953" lat="34.0335715" lon="-6.8117670" version="3" timestamp="2021-08-22T22:23:15Z" changeset="110080873" uid="13744382" user="imel15"/>
  <node id="2161284957" lat="34.0620874" lon="-6.8108425" version="3" timestamp="2021-08-22T22:23:15Z" changeset="110080873" uid="13744382" user="imel15"/>
  <node id="2161284959" lat="34.0362989" lon="-6.8125700" version="4" timestamp="2021-08-22T22:23:15Z" changeset="110080873" uid="13744382" user="imel15"/>
  <node id="2161284963" lat="34.0322622" lon="-6.8159077" version="6" timestamp="2021-08-22T22:23:15Z" changeset="110080873" uid="13744382" user="imel15"/>
  <node id="2161284964" lat="34.0400395" lon="-6.7855519" version="8" timestamp="2021-08-22T22:23:15Z" changeset="110080873" uid="13744382" user="imel15"/>
  <node id="2161284965" lat="34.0268822" lon="-6.8061040" version="4" timestamp="2021-08-22T22:23:15Z" changeset="110080873" uid="13744382" user="imel15"/>
  <node id="2161284968" lat="34.0857448" lon="-6.7826260" version="6" timestamp="2023-03-01T16:04:21Z" changeset="133178173" uid="454932" user="Cyrille37"/>
  <node id="2161284969" lat="34.0337473" lon="-6.8107853" version="3" timestamp="2021-08-22T22:23:15Z" changeset="110080873" uid="13744382" user="imel15"/>
  <node id="2161284971" lat="34.0818756" lon="-6.7907185" version="4" timestamp="2021-08-22T22:23:15Z" changeset="110080873" uid="13744382" user="imel15"/>
  <node id="2161284974" lat="34.0694899" lon="-6.7439302" version="3" timestamp="2021-08-22T22:23:15Z" changeset="110080873" uid="13744382" user="imel15"/>
  <node id="2161284976" lat="34.0836272" lon="-6.7795631" version="4" timestamp="2021-08-22T22:23:15Z" changeset="110080873" uid="13744382" user="imel15"/>
  <node id="2161284989" lat="34.0673573" lon="-6.7463339" version="3" timestamp="2021-08-22T22:23:15Z" changeset="110080873" uid="13744382" user="imel15"/>
  <node id="2161284991" lat="34.0442448" lon="-6.7764268" version="4" timestamp="2021-08-22T22:23:15Z" changeset="110080873" uid="13744382" user="imel15"/>
  <node id="2161284993" lat="34.0324710" lon="-6.8131860" version="6" timestamp="2021-08-22T22:23:15Z" changeset="110080873" uid="13744382" user="imel15"/>
  <node id="2161284995" lat="34.0622690" lon="-6.8110605" version="5" timestamp="2021-08-22T22:23:15Z" changeset="110080873" uid="13744382" user="imel15"/>
  <node id="2161285002" lat="34.0742644" lon="-6.7598986" version="5" timestamp="2021-08-22T22:23:15Z" changeset="110080873" uid="13744382" user="imel15"/>
  <node id="2161285006" lat="34.0354671" lon="-6.7875271" version="6" timestamp="2021-08-22T22:23:15Z" changeset="110080873" uid="13744382" user="imel15"/>
  <node id="2161285011" lat="34.0742085" lon="-6.7991590" version="4" timestamp="2021-08-22T22:23:15Z" changeset="110080873" uid="13744382" user="imel15"/>
  <node id="2161285013" lat="34.0507824" lon="-6.7739010" version="4" timestamp="2021-08-22T22:23:15Z" changeset="110080873" uid="13744382" user="imel15"/>
  <node id="2161285021" lat="34.0283615" lon="-6.8128304" version="6" timestamp="2021-08-22T22:23:15Z" changeset="110080873" uid="13744382" user="imel15"/>
  <node id="2161285026" lat="34.0699269" lon="-6.7462348" version="5" timestamp="2021-10-31T08:55:17Z" changeset="113183805" uid="109705" user="gscholz"/>
  <node id="2161285033" lat="34.0753356" lon="-6.7551114" version="5" timestamp="2024-09-04T16:52:14Z" changeset="156196073" uid="578772" user="alain2003"/>
  <node id="2161285034" lat="34.0650239" lon="-6.8043978" version="4" timestamp="2021-08-22T22:23:15Z" changeset="110080873" uid="13744382" user="imel15"/>
  <node id="2161285037" lat="34.0749997" lon="-6.7981297" version="4" timestamp="2021-08-22T22:23:15Z" changeset="110080873" uid="13744382" user="imel15"/>
  <node id="2161285040" lat="34.0581837" lon="-6.8183897" version="4" timestamp="2021-08-22T22:23:15Z" changeset="110080873" uid="13744382" user="imel15"/>
  <node id="2161285042" lat="34.0661632" lon="-6.8070333" version="4" timestamp="2021-08-22T22:23:15Z" changeset="110080873" uid="13744382" user="imel15"/>
  <node id="2161285044" lat="34.0676668" lon="-6.8035856" version="4" timestamp="2021-08-22T22:23:15Z" changeset="110080873" uid="13744382" user="imel15"/>
  <node id="2161285046" lat="34.0451100" lon="-6.8261110" version="5" timestamp="2026-04-07T12:53:04Z" changeset="180997297" uid="1293386" user="Sal73x"/>
  <node id="2161285048" lat="34.0337578" lon="-6.8100043" version="4" timestamp="2021-08-22T22:23:15Z" changeset="110080873" uid="13744382" user="imel15"/>
  <node id="2161285049" lat="34.0662904" lon="-6.8041993" version="4" timestamp="2021-08-22T22:23:15Z" changeset="110080873" uid="13744382" user="imel15"/>
  <node id="2161285053" lat="34.0793074" lon="-6.7682532" version="5" timestamp="2024-09-02T14:15:41Z" changeset="156101169" uid="578772" user="alain2003"/>
  <node id="2161285059" lat="34.0433748" lon="-6.7747128" version="5" timestamp="2024-05-01T06:46:00Z" changeset="150735661" uid="14014476" user="Eslam_Elsayed"/>
  <node id="2161285081" lat="34.0380814" lon="-6.7858966" version="7" timestamp="2021-08-22T22:23:15Z" changeset="110080873" uid="13744382" user="imel15"/>
  <node id="2161285089" lat="34.0340516" lon="-6.8115094" version="3" timestamp="2021-08-22T22:23:15Z" changeset="110080873" uid="13744382" user="imel15"/>
  <node id="2161285090" lat="34.0719411" lon="-6.7446645" version="3" timestamp="2021-08-22T22:23:15Z" changeset="110080873" uid="13744382" user="imel15"/>
  <node id="2161285091" lat="34.0719289" lon="-6.7561643" version="4" timestamp="2021-08-22T22:23:15Z" changeset="110080873" uid="13744382" user="imel15"/>
  <node id="2161285094" lat="34.0312957" lon="-6.8300784" version="8" timestamp="2024-04-22T13:57:50Z" changeset="150348679" uid="9945354" user="salma_z"/>
  <node id="2161285115" lat="34.0487337" lon="-6.7742011" version="4" timestamp="2021-08-22T22:23:15Z" changeset="110080873" uid="13744382" user="imel15"/>
  <node id="2161285120" lat="34.0554873" lon="-6.7727514" version="3" timestamp="2021-08-22T22:23:15Z" changeset="110080873" uid="13744382" user="imel15"/>
  <node id="2161285122" lat="34.0701621" lon="-6.7458570" version="5" timestamp="2021-08-22T22:23:15Z" changeset="110080873" uid="13744382" user="imel15"/>
  <node id="2161285130" lat="34.0854476" lon="-6.7849225" version="5" timestamp="2023-03-01T16:04:21Z" changeset="133178173" uid="454932" user="Cyrille37"/>
  <node id="2161285132" lat="34.0317043" lon="-6.8217885" version="5" timestamp="2024-04-22T11:46:57Z" changeset="150342706" uid="9945354" user="salma_z"/>
  <node id="2161285136" lat="34.0787242" lon="-6.7666092" version="4" timestamp="2021-08-22T22:23:15Z" changeset="110080873" uid="13744382" user="imel15"/>
  <node id="2161285142" lat="34.0482443" lon="-6.8275849" version="5" timestamp="2021-08-22T22:23:15Z" changeset="110080873" uid="13744382" user="imel15"/>
  <node id="2161285144" lat="34.0413522" lon="-6.7791547" version="3" timestamp="2021-08-22T22:23:15Z" changeset="110080873" uid="13744382" user="imel15"/>
  <node id="2161285154" lat="34.0416898" lon="-6.7774166" version="3" timestamp="2021-08-22T22:23:15Z" changeset="110080873" uid="13744382" user="imel15"/>
  <node id="2161285155" lat="34.0434359" lon="-6.7757367" version="5" timestamp="2024-05-01T06:46:00Z" changeset="150735661" uid="14014476" user="Eslam_Elsayed"/>
  <node id="2161285157" lat="34.0578394" lon="-6.8145772" version="3" timestamp="2021-08-22T22:23:15Z" changeset="110080873" uid="13744382" user="imel15"/>
  <node id="2161285181" lat="34.0290525" lon="-6.8096707" version="3" timestamp="2021-08-22T22:23:15Z" changeset="110080873" uid="13744382" user="imel15"/>
  <node id="2161285190" lat="34.0605592" lon="-6.8139757" version="3" timestamp="2021-08-22T22:23:15Z" changeset="110080873" uid="13744382" user="imel15"/>
  <node id="2161285199" lat="34.0314648" lon="-6.7953572" version="5" timestamp="2021-08-22T22:23:15Z" changeset="110080873" uid="13744382" user="imel15"/>
  <node id="2161285203" lat="34.0730070" lon="-6.7435641" version="4" timestamp="2021-08-22T22:23:15Z" changeset="110080873" uid="13744382" user="imel15"/>
  <node id="2161285207" lat="34.0752075" lon="-6.7548226" version="5" timestamp="2024-09-04T16:52:14Z" changeset="156196073" uid="578772" user="alain2003"/>
  <node id="2161285209" lat="34.0609870" lon="-6.7671446" version="4" timestamp="2021-08-22T22:23:15Z" changeset="110080873" uid="13744382" user="imel15"/>
  <node id="2161285218" lat="34.0427380" lon="-6.8294097" version="4" timestamp="2021-08-22T22:23:15Z" changeset="110080873" uid="13744382" user="imel15"/>
  <node id="2161285221" lat="34.0822040" lon="-6.7901522" version="3" timestamp="2021-08-22T22:23:15Z" changeset="110080873" uid="13744382" user="imel15"/>
  <node id="2161285226" lat="34.0834641" lon="-6.7886295" version="5" timestamp="2021-08-22T22:23:15Z" changeset="110080873" uid="13744382" user="imel15"/>
  <node id="2161285228" lat="34.0432224" lon="-6.8290346" version="4" timestamp="2021-08-22T22:23:15Z" changeset="110080873" uid="13744382" user="imel15"/>
  <node id="2161285239" lat="34.0473069" lon="-6.8280395" version="5" timestamp="2021-08-22T22:23:15Z" changeset="110080873" uid="13744382" user="imel15"/>
  <node id="2161285246" lat="34.0265598" lon="-6.8044258" version="4" timestamp="2021-08-22T22:23:15Z" changeset="110080873" uid="13744382" user="imel15"/>
  <node id="2161285252" lat="34.0685071" lon="-6.8050229" version="4" timestamp="2021-08-22T22:23:15Z" changeset="110080873" uid="13744382" user="imel15"/>
  <node id="2161285270" lat="34.0714093" lon="-6.7425778" version="3" timestamp="2021-08-22T22:23:15Z" changeset="110080873" uid="13744382" user="imel15"/>
  <node id="2161285274" lat="34.0355193" lon="-6.8174499" version="4" timestamp="2021-08-22T22:23:15Z" changeset="110080873" uid="13744382" user="imel15"/>
  <node id="2161285279" lat="34.0367879" lon="-6.8269746" version="6" timestamp="2024-04-28T12:55:56Z" changeset="150617456" uid="9945354" user="salma_z"/>
  <node id="2161285282" lat="34.0406747" lon="-6.8287777" version="5" timestamp="2024-04-29T12:15:05Z" changeset="150660581" uid="9945354" user="salma_z"/>
  <node id="2161285285" lat="34.0721261" lon="-6.7421438" version="4" timestamp="2021-08-22T22:23:15Z" changeset="110080873" uid="13744382" user="imel15"/>
  <node id="2161285291" lat="34.0648351" lon="-6.7477426" version="4" timestamp="2021-08-22T22:23:15Z" changeset="110080873" uid="13744382" user="imel15"/>
  <node id="2161285295" lat="34.0351123" lon="-6.8104498" version="5" timestamp="2021-08-22T22:23:15Z" changeset="110080873" uid="13744382" user="imel15"/>
  <node id="2161285298" lat="34.0651935" lon="-6.8021509" version="4" timestamp="2021-08-22T22:23:15Z" changeset="110080873" uid="13744382" user="imel15"/>
  <node id="2161285302" lat="34.0718039" lon="-6.7498016" version="4" timestamp="2021-08-22T22:23:15Z" changeset="110080873" uid="13744382" user="imel15"/>
  <node id="2161285331" lat="34.0350077" lon="-6.7945378" version="5" timestamp="2021-08-22T22:23:15Z" changeset="110080873" uid="13744382" user="imel15"/>
  <node id="2161285335" lat="34.0622031" lon="-6.7658478" version="6" timestamp="2021-08-22T22:23:15Z" changeset="110080873" uid="13744382" user="imel15"/>
  <node id="2161285338" lat="34.0358171" lon="-6.8133785" version="4" timestamp="2021-08-22T22:23:15Z" changeset="110080873" uid="13744382" user="imel15"/>
  <node id="2161285340" lat="34.0321174" lon="-6.8149955" version="5" timestamp="2021-08-22T22:23:15Z" changeset="110080873" uid="13744382" user="imel15"/>
  <node id="2161285362" lat="34.0341226" lon="-6.8111446" version="3" timestamp="2021-08-22T22:23:15Z" changeset="110080873" uid="13744382" user="imel15"/>
  <node id="2161285365" lat="34.0291951" lon="-6.8109580" version="3" timestamp="2021-08-22T22:23:15Z" changeset="110080873" uid="13744382" user="imel15"/>
  <node id="2161285373" lat="34.0688115" lon="-6.8049350" version="4" timestamp="2021-08-22T22:23:15Z" changeset="110080873" uid="13744382" user="imel15"/>
  <node id="2161285387" lat="34.0657334" lon="-6.7572756" version="5" timestamp="2021-08-22T22:23:15Z" changeset="110080873" uid="13744382" user="imel15"/>
  <node id="2161285395" lat="34.0533540" lon="-6.7735244" version="3" timestamp="2021-08-22T22:23:15Z" changeset="110080873" uid="13744382" user="imel15"/>
  <node id="2161285409" lat="34.0847601" lon="-6.7862415" version="5" timestamp="2021-08-22T22:23:15Z" changeset="110080873" uid="13744382" user="imel15"/>
  <node id="2161285411" lat="34.0433933" lon="-6.7751983" version="5" timestamp="2024-05-01T06:46:00Z" changeset="150735661" uid="14014476" user="Eslam_Elsayed"/>
  <node id="2161285412" lat="34.0464561" lon="-6.7745131" version="3" timestamp="2021-08-22T22:23:15Z" changeset="110080873" uid="13744382" user="imel15"/>
  <node id="2161285414" lat="34.0415903" lon="-6.8297195" version="4" timestamp="2021-08-22T22:23:15Z" changeset="110080873" uid="13744382" user="imel15"/>
  <node id="2161285419" lat="34.0467073" lon="-6.7769745" version="4" timestamp="2021-08-22T22:23:15Z" changeset="110080873" uid="13744382" user="imel15"/>
  <node id="2161285421" lat="34.0761031" lon="-6.7963138" version="4" timestamp="2021-08-22T22:23:15Z" changeset="110080873" uid="13744382" user="imel15"/>
  <node id="2161285424" lat="34.0295659" lon="-6.7976246" version="4" timestamp="2021-08-22T22:23:15Z" changeset="110080873" uid="13744382" user="imel15"/>
  <node id="2161285427" lat="34.0699437" lon="-6.7466258" version="4" timestamp="2021-08-22T22:23:15Z" changeset="110080873" uid="13744382" user="imel15"/>
  <node id="2161285434" lat="34.0259235" lon="-6.8042588" version="3" timestamp="2021-08-22T22:23:15Z" changeset="110080873" uid="13744382" user="imel15"/>
  <node id="2161285452" lat="34.0469156" lon="-6.7761040" version="5" timestamp="2021-08-22T22:23:15Z" changeset="110080873" uid="13744382" user="imel15"/>
  <node id="2161285464" lat="34.0574100" lon="-6.8149111" version="5" timestamp="2021-08-22T22:23:15Z" changeset="110080873" uid="13744382" user="imel15"/>
  <node id="2161285470" lat="34.0357830" lon="-6.8260432" version="4" timestamp="2021-08-22T22:23:15Z" changeset="110080873" uid="13744382" user="imel15"/>
  <node id="2161285472" lat="34.0683526" lon="-6.7456042" version="3" timestamp="2021-08-22T22:23:15Z" changeset="110080873" uid="13744382" user="imel15"/>
  <node id="2161285477" lat="34.0597382" lon="-6.8152887" version="4" timestamp="2021-08-22T22:23:15Z" changeset="110080873" uid="13744382" user="imel15"/>
  <node id="2161285480" lat="34.0761144" lon="-6.7623167" version="4" timestamp="2021-08-22T22:23:15Z" changeset="110080873" uid="13744382" user="imel15"/>
  <node id="2161285482" lat="34.0777054" lon="-6.7947942" version="4" timestamp="2021-08-22T22:23:15Z" changeset="110080873" uid="13744382" user="imel15"/>
  <node id="2161285484" lat="34.0637529" lon="-6.8088731" version="5" timestamp="2021-08-22T22:23:15Z" changeset="110080873" uid="13744382" user="imel15"/>
  <node id="2161285487" lat="34.0701677" lon="-6.7538704" version="6" timestamp="2024-09-04T16:52:14Z" changeset="156196073" uid="578772" user="alain2003"/>
  <node id="2161285491" lat="34.0844112" lon="-6.7866610" version="4" timestamp="2021-08-22T22:23:15Z" changeset="110080873" uid="13744382" user="imel15"/>
  <node id="2161285492" lat="34.0420257" lon="-6.7763791" version="4" timestamp="2021-08-22T22:23:15Z" changeset="110080873" uid="13744382" user="imel15"/>
  <node id="2161285494" lat="34.0640926" lon="-6.7585584" version="5" timestamp="2021-08-22T22:23:15Z" changeset="110080873" uid="13744382" user="imel15"/>
  <node id="2161285502" lat="34.0591443" lon="-6.7688772" version="4" timestamp="2021-08-22T22:23:15Z" changeset="110080873" uid="13744382" user="imel15"/>
  <node id="2161285505" lat="34.0655799" lon="-6.7472356" version="3" timestamp="2021-08-22T22:23:15Z" changeset="110080873" uid="13744382" user="imel15"/>
  <node id="2161285519" lat="34.0491948" lon="-6.7743219" version="4" timestamp="2021-08-22T22:23:15Z" changeset="110080873" uid="13744382" user="imel15"/>
  <node id="2161285521" lat="34.0402452" lon="-6.7812218" version="7" timestamp="2021-08-22T22:23:15Z" changeset="110080873" uid="13744382" user="imel15"/>
  <node id="2161285527" lat="34.0832689" lon="-6.7850800" version="5" timestamp="2021-08-22T22:23:15Z" changeset="110080873" uid="13744382" user="imel15"/>
  <node id="2161285545" lat="34.0714304" lon="-6.8023489" version="4" timestamp="2021-08-22T22:23:15Z" changeset="110080873" uid="13744382" user="imel15"/>
  <node id="2161285549" lat="34.0550058" lon="-6.8214760" version="4" timestamp="2021-08-22T22:23:15Z" changeset="110080873" uid="13744382" user="imel15"/>
  <node id="2161285552" lat="34.0818691" lon="-6.7741272" version="4" timestamp="2021-08-22T22:23:15Z" changeset="110080873" uid="13744382" user="imel15"/>
  <node id="2161285556" lat="34.0286397" lon="-6.8236923" version="5" timestamp="2023-05-17T18:33:23Z" changeset="136224585" uid="454932" user="Cyrille37"/>
  <node id="2161285566" lat="34.0286383" lon="-6.7967955" version="4" timestamp="2021-08-22T22:23:15Z" changeset="110080873" uid="13744382" user="imel15"/>
  <node id="2161285568" lat="34.0301487" lon="-6.7964133" version="6" timestamp="2021-08-22T22:23:15Z" changeset="110080873" uid="13744382" user="imel15"/>
  <node id="2161285570" lat="34.0653546" lon="-6.7581927" version="5" timestamp="2021-08-22T22:23:15Z" changeset="110080873" uid="13744382" user="imel15"/>
  <node id="2161285571" lat="34.0626377" lon="-6.8067633" version="4" timestamp="2021-08-22T22:23:15Z" changeset="110080873" uid="13744382" user="imel15"/>
  <node id="2161285572" lat="34.0813889" lon="-6.7677035" version="4" timestamp="2021-08-22T22:23:15Z" changeset="110080873" uid="13744382" user="imel15"/>
  <node id="2161285574" lat="34.0464461" lon="-6.8279565" version="5" timestamp="2021-08-22T22:23:15Z" changeset="110080873" uid="13744382" user="imel15"/>
  <node id="2161285582" lat="34.0342630" lon="-6.8103559" version="3" timestamp="2021-08-22T22:23:15Z" changeset="110080873" uid="13744382" user="imel15"/>
  <node id="2161285584" lat="34.0351830" lon="-6.8083163" version="5" timestamp="2021-08-22T22:23:15Z" changeset="110080873" uid="13744382" user="imel15"/>
  <node id="2161285606" lat="34.0587319" lon="-6.8168155" version="5" timestamp="2024-09-03T19:23:35Z" changeset="156156963" uid="578772" user="alain2003"/>
  <node id="2161285612" lat="34.0810524" lon="-6.7691080" version="4" timestamp="2021-08-22T22:23:15Z" changeset="110080873" uid="13744382" user="imel15"/>
  <node id="2161285613" lat="34.0505909" lon="-6.8257853" version="4" timestamp="2021-08-22T22:23:15Z" changeset="110080873" uid="13744382" user="imel15"/>
  <node id="2161285615" lat="34.0339783" lon="-6.8095835" version="3" timestamp="2021-08-22T22:23:15Z" changeset="110080873" uid="13744382" user="imel15"/>
  <node id="2161285633" lat="34.0619353" lon="-6.7663867" version="6" timestamp="2021-08-22T22:23:15Z" changeset="110080873" uid="13744382" user="imel15"/>
  <node id="2161285634" lat="34.0466735" lon="-6.7755491" version="5" timestamp="2021-08-22T22:23:15Z" changeset="110080873" uid="13744382" user="imel15"/>
  <node id="2161285635" lat="34.0302736" lon="-6.7965780" version="5" timestamp="2021-08-22T22:23:15Z" changeset="110080873" uid="13744382" user="imel15"/>
  <node id="2161285636" lat="34.0335824" lon="-6.8254651" version="4" timestamp="2021-08-22T22:23:15Z" changeset="110080873" uid="13744382" user="imel15"/>
  <node id="2161285637" lat="34.0504100" lon="-6.7764553" version="4" timestamp="2021-08-22T22:23:15Z" changeset="110080873" uid="13744382" user="imel15"/>
  <node id="2161285641" lat="34.0579202" lon="-6.8155026" version="4" timestamp="2021-08-22T22:23:15Z" changeset="110080873" uid="13744382" user="imel15"/>
  <node id="2161285643" lat="34.0576171" lon="-6.8160182" version="5" timestamp="2021-08-22T22:23:15Z" changeset="110080873" uid="13744382" user="imel15"/>
  <node id="2161285650" lat="34.0352480" lon="-6.7896798" version="5" timestamp="2021-08-22T22:23:15Z" changeset="110080873" uid="13744382" user="imel15"/>
  <node id="2161285651" lat="34.0827502" lon="-6.7696562" version="4" timestamp="2021-08-22T22:23:15Z" changeset="110080873" uid="13744382" user="imel15"/>
  <node id="2161285653" lat="34.0647871" lon="-6.8080495" version="4" timestamp="2021-08-22T22:23:15Z" changeset="110080873" uid="13744382" user="imel15"/>
  <node id="2161285655" lat="34.0444527" lon="-6.8273051" version="5" timestamp="2023-05-18T07:54:00Z" changeset="136241407" uid="454932" user="Cyrille37"/>
  <node id="2161285660" lat="34.0700169" lon="-6.8038261" version="4" timestamp="2021-08-22T22:23:15Z" changeset="110080873" uid="13744382" user="imel15"/>
  <node id="2161285662" lat="34.0273136" lon="-6.8005699" version="4" timestamp="2021-08-22T22:23:15Z" changeset="110080873" uid="13744382" user="imel15"/>
  <node id="2161285669" lat="34.0726842" lon="-6.8011335" version="4" timestamp="2021-08-22T22:23:15Z" changeset="110080873" uid="13744382" user="imel15"/>
  <node id="2161285671" lat="34.0363098" lon="-6.7867054" version="5" timestamp="2021-08-22T22:23:15Z" changeset="110080873" uid="13744382" user="imel15"/>
  <node id="2161285685" lat="34.0818833" lon="-6.7864230" version="5" timestamp="2021-08-22T22:23:15Z" changeset="110080873" uid="13744382" user="imel15"/>
  <node id="2161285687" lat="34.0328191" lon="-6.8117840" version="6" timestamp="2021-08-22T22:23:15Z" changeset="110080873" uid="13744382" user="imel15"/>
  <node id="2161285692" lat="34.0265445" lon="-6.8065814" version="3" timestamp="2021-08-22T22:23:15Z" changeset="110080873" uid="13744382" user="imel15"/>
  <node id="2161285693" lat="34.0425719" lon="-6.8279721" version="5" timestamp="2023-05-18T07:54:00Z" changeset="136241407" uid="454932" user="Cyrille37"/>
  <node id="2161285698" lat="34.0624338" lon="-6.7659082" version="6" timestamp="2021-08-22T22:23:15Z" changeset="110080873" uid="13744382" user="imel15"/>
  <node id="2161285702" lat="34.0307705" lon="-6.7958518" version="6" timestamp="2021-08-22T22:23:15Z" changeset="110080873" uid="13744382" user="imel15"/>
  <node id="2161285710" lat="34.0316512" lon="-6.8207404" version="6" timestamp="2024-04-24T09:49:27Z" changeset="150435765" uid="9945354" user="salma_z"/>
  <node id="2161285711" lat="34.0270249" lon="-6.8079546" version="3" timestamp="2021-08-22T22:23:15Z" changeset="110080873" uid="13744382" user="imel15"/>
  <node id="2161285723" lat="34.0307806" lon="-6.8154303" version="5" timestamp="2021-08-22T22:23:15Z" changeset="110080873" uid="13744382" user="imel15"/>
  <node id="2161285725" lat="34.0587248" lon="-6.8171079" version="4" timestamp="2021-08-22T22:23:15Z" changeset="110080873" uid="13744382" user="imel15"/>
  <node id="2161285727" lat="34.0300710" lon="-6.8271530" version="3" timestamp="2021-08-22T22:23:15Z" changeset="110080873" uid="13744382" user="imel15"/>
  <node id="2161285733" lat="34.0832429" lon="-6.7725811" version="5" timestamp="2021-08-22T22:23:15Z" changeset="110080873" uid="13744382" user="imel15"/>
  <node id="2161285740" lat="34.0349949" lon="-6.8266851" version="3" timestamp="2021-08-22T22:23:15Z" changeset="110080873" uid="13744382" user="imel15"/>
  <node id="2161285743" lat="34.0588037" lon="-6.8136264" version="4" timestamp="2021-08-22T22:23:15Z" changeset="110080873" uid="13744382" user="imel15"/>
  <node id="2161285745" lat="34.0279519" lon="-6.8105238" version="3" timestamp="2021-08-22T22:23:15Z" changeset="110080873" uid="13744382" user="imel15"/>
  <node id="2161285747" lat="34.0615985" lon="-6.8099232" version="4" timestamp="2021-08-22T22:23:15Z" changeset="110080873" uid="13744382" user="imel15"/>
  <node id="2161285762" lat="34.0845280" lon="-6.7784363" version="4" timestamp="2021-08-22T22:23:15Z" changeset="110080873" uid="13744382" user="imel15"/>
  <node id="2161285766" lat="34.0626915" lon="-6.8096406" version="3" timestamp="2021-08-22T22:23:15Z" changeset="110080873" uid="13744382" user="imel15"/>
  <node id="2161285777" lat="34.0643313" lon="-6.8026878" version="4" timestamp="2021-08-22T22:23:15Z" changeset="110080873" uid="13744382" user="imel15"/>
  <node id="2161285779" lat="34.0266869" lon="-6.8073109" version="3" timestamp="2021-08-22T22:23:15Z" changeset="110080873" uid="13744382" user="imel15"/>
  <node id="2161285783" lat="34.0587010" lon="-6.8178016" version="4" timestamp="2021-08-22T22:23:15Z" changeset="110080873" uid="13744382" user="imel15"/>
  <node id="2161285786" lat="34.0271498" lon="-6.8099929" version="3" timestamp="2021-08-22T22:23:15Z" changeset="110080873" uid="13744382" user="imel15"/>
  <node id="2161285793" lat="34.0341265" lon="-6.8083405" version="5" timestamp="2021-08-22T22:23:15Z" changeset="110080873" uid="13744382" user="imel15"/>
  <node id="2186253192" lat="34.0820664" lon="-6.7904235" version="4" timestamp="2021-08-22T22:23:15Z" changeset="110080873" uid="13744382" user="imel15"/>
  <node id="2186272212" lat="34.0316102" lon="-6.8195230" version="5" timestamp="2024-04-23T13:08:58Z" changeset="150395139" uid="9945354" user="salma_z"/>
  <node id="2186272242" lat="34.0315297" lon="-6.8185670" version="4" timestamp="2025-01-09T13:29:37Z" changeset="161170166" uid="4003485" user="LateNightTone">
    <tag k="crossing" v="traffic_signals"/>
    <tag k="crossing:island" v="no"/>
    <tag k="crossing:markings" v="zebra"/>
    <tag k="highway" v="crossing"/>
  </node>
  <node id="2186272248" lat="34.0320938" lon="-6.8242645" version="5" timestamp="2024-04-22T11:46:57Z" changeset="150342706" uid="9945354" user="salma_z"/>
  <node id="2186272274" lat="34.0320680" lon="-6.8238573" version="4" timestamp="2024-04-22T11:46:57Z" changeset="150342706" uid="9945354" user="salma_z"/>
  <node id="2186272276" lat="34.0319219" lon="-6.8238284" version="4" timestamp="2024-04-22T11:46:57Z" changeset="150342706" uid="9945354" user="salma_z"/>
  <node id="2186272288" lat="34.0319221" lon="-6.8202615" version="4" timestamp="2024-04-24T09:49:27Z" changeset="150435765" uid="9945354" user="salma_z"/>
  <node id="2186272298" lat="34.0316145" lon="-6.8196186" version="8" timestamp="2024-04-22T11:46:57Z" changeset="150342706" uid="9945354" user="salma_z">
    <tag k="railway" v="tram_level_crossing"/>
  </node>
  <node id="2186272319" lat="34.0321312" lon="-6.8268227" version="7" timestamp="2024-04-22T11:46:57Z" changeset="150342706" uid="9945354" user="salma_z"/>
  <node id="2186272323" lat="34.0317953" lon="-6.8201865" version="4" timestamp="2024-04-24T09:49:27Z" changeset="150435765" uid="9945354" user="salma_z"/>
  <node id="2186272330" lat="34.0324115" lon="-6.8240544" version="3" timestamp="2019-11-08T01:54:42Z" changeset="76783291" uid="9202927" user="Araucaria_araucana"/>
  <node id="2186272332" lat="34.0319567" lon="-6.8243081" version="6" timestamp="2024-04-29T07:56:35Z" changeset="150649594" uid="9945354" user="salma_z"/>
  <node id="2296258949" lat="34.0344825" lon="-6.8185751" version="2" timestamp="2024-04-24T13:49:17Z" changeset="150448847" uid="9945354" user="salma_z"/>
  <node id="2296258953" lat="34.0343078" lon="-6.8192546" version="3" timestamp="2024-04-24T13:49:17Z" changeset="150448847" uid="9945354" user="salma_z"/>
  <node id="2296258954" lat="34.0344454" lon="-6.8189544" version="2" timestamp="2024-04-24T13:49:17Z" changeset="150448847" uid="9945354" user="salma_z"/>
  <node id="2573980185" lat="34.0336086" lon="-6.8254099" version="6" timestamp="2024-04-22T11:46:57Z" changeset="150342706" uid="9945354" user="salma_z"/>
  <node id="2574086719" lat="34.0326625" lon="-6.7943654" version="4" timestamp="2021-08-22T22:23:15Z" changeset="110080873" uid="13744382" user="imel15"/>
  <node id="2574086721" lat="34.0309411" lon="-6.7958884" version="4" timestamp="2021-08-22T22:23:15Z" changeset="110080873" uid="13744382" user="imel15"/>
  <node id="2574086723" lat="34.0352423" lon="-6.7911974" version="4" timestamp="2021-08-22T22:23:15Z" changeset="110080873" uid="13744382" user="imel15"/>
  <node id="2574086725" lat="34.0351489" lon="-6.7889260" version="4" timestamp="2021-08-22T22:23:15Z" changeset="110080873" uid="13744382" user="imel15"/>
  <node id="2574086731" lat="34.0355535" lon="-6.7873753" version="6" timestamp="2021-08-22T22:23:15Z" changeset="110080873" uid="13744382" user="imel15"/>
  <node id="2574086744" lat="34.0368309" lon="-6.7862753" version="4" timestamp="2021-08-22T22:23:15Z" changeset="110080873" uid="13744382" user="imel15"/>
  <node id="2574086747" lat="34.0398446" lon="-6.7839857" version="6" timestamp="2021-08-22T22:23:15Z" changeset="110080873" uid="13744382" user="imel15"/>
  <node id="2574086749" lat="34.0397522" lon="-6.7830255" version="4" timestamp="2021-08-22T22:23:15Z" changeset="110080873" uid="13744382" user="imel15"/>
  <node id="2574086751" lat="34.0398291" lon="-6.7823458" version="5" timestamp="2021-08-22T22:23:15Z" changeset="110080873" uid="13744382" user="imel15"/>
  <node id="2574086753" lat="34.0400588" lon="-6.7815955" version="5" timestamp="2021-08-22T22:23:15Z" changeset="110080873" uid="13744382" user="imel15"/>
  <node id="2574248676" lat="34.0349937" lon="-6.7880962" version="4" timestamp="2021-08-22T22:23:15Z" changeset="110080873" uid="13744382" user="imel15"/>
  <node id="2618153743" lat="34.0296404" lon="-6.7972836" version="3" timestamp="2021-08-22T22:23:15Z" changeset="110080873" uid="13744382" user="imel15"/>
  <node id="2618153749" lat="34.0300287" lon="-6.8149878" version="3" timestamp="2021-08-22T22:23:15Z" changeset="110080873" uid="13744382" user="imel15"/>
  <node id="2618153812" lat="34.0322448" lon="-6.8209474" version="2" timestamp="2024-04-24T09:49:27Z" changeset="150435765" uid="9945354" user="salma_z"/>
  <node id="2618153813" lat="34.0322715" lon="-6.8207107" version="2" timestamp="2024-04-24T09:49:27Z" changeset="150435765" uid="9945354" user="salma_z"/>
  <node id="2618153814" lat="34.0320573" lon="-6.8204737" version="2" timestamp="2024-04-24T09:49:27Z" changeset="150435765" uid="9945354" user="salma_z"/>
  <node id="2618153835" lat="34.0326330" lon="-6.8205447" version="4" timestamp="2022-10-10T22:05:18Z" changeset="127325462" uid="6556551" user="TWHB"/>
  <node id="2618153844" lat="34.0329096" lon="-6.8210024" version="3" timestamp="2024-04-24T13:49:17Z" changeset="150448847" uid="9945354" user="salma_z"/>
  <node id="2618153849" lat="34.0329412" lon="-6.8210449" version="3" timestamp="2024-04-24T13:49:17Z" changeset="150448847" uid="9945354" user="salma_z"/>
  <node id="2618153859" lat="34.0332726" lon="-6.8214501" version="3" timestamp="2024-04-28T12:55:56Z" changeset="150617456" uid="9945354" user="salma_z"/>
  <node id="2618153860" lat="34.0333720" lon="-6.8217747" version="3" timestamp="2024-04-24T13:49:17Z" changeset="150448847" uid="9945354" user="salma_z"/>
  <node id="2618153863" lat="34.0334077" lon="-6.8216141" version="4" timestamp="2024-04-28T12:55:56Z" changeset="150617456" uid="9945354" user="salma_z"/>
  <node id="2618153868" lat="34.0336230" lon="-6.8220815" version="3" timestamp="2024-04-24T13:49:17Z" changeset="150448847" uid="9945354" user="salma_z"/>
  <node id="2618153869" lat="34.0336435" lon="-6.8221089" version="3" timestamp="2024-04-24T13:49:17Z" changeset="150448847" uid="9945354" user="salma_z"/>
  <node id="2618153870" lat="34.0336426" lon="-6.8220076" version="3" timestamp="2024-04-24T13:49:17Z" changeset="150448847" uid="9945354" user="salma_z"/>
  <node id="2618153871" lat="34.0336636" lon="-6.8220332" version="3" timestamp="2024-04-24T13:49:17Z" changeset="150448847" uid="9945354" user="salma_z"/>
  <node id="2618153872" lat="34.0336994" lon="-6.8219740" version="3" timestamp="2024-04-28T12:55:56Z" changeset="150617456" uid="9945354" user="salma_z"/>
  <node id="2618153873" lat="34.0336884" lon="-6.8220539" version="3" timestamp="2024-04-24T13:49:17Z" changeset="150448847" uid="9945354" user="salma_z"/>
  <node id="2618153874" lat="34.0337090" lon="-6.8220784" version="3" timestamp="2024-04-24T13:49:17Z" changeset="150448847" uid="9945354" user="salma_z"/>
  <node id="2618153875" lat="34.0337285" lon="-6.8220066" version="3" timestamp="2024-04-28T12:55:56Z" changeset="150617456" uid="9945354" user="salma_z"/>
  <node id="2618153876" lat="34.0339573" lon="-6.8224821" version="3" timestamp="2024-04-24T13:49:17Z" changeset="150448847" uid="9945354" user="salma_z"/>
  <node id="2618153877" lat="34.0339662" lon="-6.8225177" version="5" timestamp="2024-04-24T13:49:17Z" changeset="150448847" uid="9945354" user="salma_z"/>
  <node id="2618153878" lat="34.0339853" lon="-6.8223964" version="3" timestamp="2024-04-24T13:49:17Z" changeset="150448847" uid="9945354" user="salma_z"/>
  <node id="2618153880" lat="34.0340066" lon="-6.8224217" version="3" timestamp="2024-04-24T13:49:17Z" changeset="150448847" uid="9945354" user="salma_z"/>
  <node id="2618153881" lat="34.0340441" lon="-6.8223669" version="3" timestamp="2024-04-28T12:55:56Z" changeset="150617456" uid="9945354" user="salma_z"/>
  <node id="2618153882" lat="34.0340270" lon="-6.8224493" version="5" timestamp="2024-04-24T13:49:17Z" changeset="150448847" uid="9945354" user="salma_z"/>
  <node id="2618153884" lat="34.0340510" lon="-6.8224640" version="5" timestamp="2024-04-24T13:49:17Z" changeset="150448847" uid="9945354" user="salma_z"/>
  <node id="2618153886" lat="34.0340706" lon="-6.8223961" version="4" timestamp="2024-04-28T12:55:56Z" changeset="150617456" uid="9945354" user="salma_z"/>
  <node id="2618153890" lat="34.0345539" lon="-6.8232323" version="5" timestamp="2024-04-24T13:49:17Z" changeset="150448847" uid="9945354" user="salma_z"/>
  <node id="2618153892" lat="34.0346232" lon="-6.8231066" version="5" timestamp="2024-04-24T13:49:17Z" changeset="150448847" uid="9945354" user="salma_z"/>
  <node id="2618153893" lat="34.0345937" lon="-6.8231329" version="5" timestamp="2024-04-24T13:49:17Z" changeset="150448847" uid="9945354" user="salma_z"/>
  <node id="2618153894" lat="34.0346601" lon="-6.8231086" version="4" timestamp="2024-04-28T12:55:56Z" changeset="150617456" uid="9945354" user="salma_z"/>
  <node id="2618153899" lat="34.0347175" lon="-6.8231965" version="3" timestamp="2024-04-28T12:55:56Z" changeset="150617456" uid="9945354" user="salma_z"/>
  <node id="2618153908" lat="34.0350617" lon="-6.8237425" version="3" timestamp="2024-04-28T12:55:56Z" changeset="150617456" uid="9945354" user="salma_z"/>
  <node id="2637253218" lat="34.0443100" lon="-6.7771199" version="3" timestamp="2021-08-22T22:23:15Z" changeset="110080873" uid="13744382" user="imel15"/>
  <node id="2672283592" lat="34.0850438" lon="-6.7853952" version="3" timestamp="2021-08-22T22:23:15Z" changeset="110080873" uid="13744382" user="imel15"/>
  <node id="2672283606" lat="34.0835740" lon="-6.7847454" version="3" timestamp="2021-08-22T22:23:15Z" changeset="110080873" uid="13744382" user="imel15"/>
  <node id="2672283642" lat="34.0840731" lon="-6.7841815" version="3" timestamp="2021-08-22T22:23:15Z" changeset="110080873" uid="13744382" user="imel15"/>
  <node id="2833713992" lat="34.0316212" lon="-6.8197251" version="5" timestamp="2025-01-09T13:29:37Z" changeset="161170166" uid="4003485" user="LateNightTone">
    <tag k="crossing" v="traffic_signals"/>
    <tag k="crossing:island" v="no"/>
    <tag k="crossing:markings" v="zebra"/>
    <tag k="highway" v="crossing"/>
  </node>
  <node id="2833732648" lat="34.0306382" lon="-6.8285081" version="3" timestamp="2021-08-22T22:23:15Z" changeset="110080873" uid="13744382" user="imel15"/>
  <node id="2833767732" lat="34.0335156" lon="-6.8200113" version="6" timestamp="2024-04-28T12:55:56Z" changeset="150617456" uid="9945354" user="salma_z">
    <tag k="barrier" v="entrance"/>
    <tag k="foot" v="yes"/>
    <tag k="historic" v="city_gate"/>
    <tag k="motor_vehicle" v="no"/>
  </node>
  <node id="2833767733" lat="34.0344120" lon="-6.8194584" version="7" timestamp="2024-04-28T12:55:56Z" changeset="150617456" uid="9945354" user="salma_z">
    <tag k="barrier" v="entrance"/>
    <tag k="historic" v="city_gate"/>
  </node>
  <node id="2833767735" lat="34.0353096" lon="-6.8204791" version="2" timestamp="2021-08-22T22:23:15Z" changeset="110080873" uid="13744382" user="imel15"/>
  <node id="2833767736" lat="34.0354723" lon="-6.8187405" version="4" timestamp="2024-04-28T12:55:56Z" changeset="150617456" uid="9945354" user="salma_z"/>
  <node id="2833767737" lat="34.0359313" lon="-6.8192542" version="2" timestamp="2021-08-22T22:23:15Z" changeset="110080873" uid="13744382" user="imel15"/>
  <node id="2833767740" lat="34.0363385" lon="-6.8181367" version="5" timestamp="2024-04-28T12:55:56Z" changeset="150617456" uid="9945354" user="salma_z">
    <tag k="barrier" v="entrance"/>
    <tag k="foot" v="yes"/>
    <tag k="historic" v="city_gate"/>
    <tag k="motor_vehicle" v="no"/>
  </node>
  <node id="2833767743" lat="34.0365949" lon="-6.8179471" version="3" timestamp="2024-04-28T12:55:56Z" changeset="150617456" uid="9945354" user="salma_z">
    <tag k="barrier" v="entrance"/>
    <tag k="foot" v="yes"/>
    <tag k="historic" v="city_gate"/>
    <tag k="motor_vehicle" v="no"/>
  </node>
  <node id="2833767745" lat="34.0377763" lon="-6.8277209" version="2" timestamp="2021-08-22T22:23:15Z" changeset="110080873" uid="13744382" user="imel15"/>
  <node id="2972378200" lat="34.0316167" lon="-6.8196543" version="6" timestamp="2024-04-22T11:46:57Z" changeset="150342706" uid="9945354" user="salma_z">
    <tag k="railway" v="tram_level_crossing"/>
  </node>
  <node id="4005882503" lat="34.0321213" lon="-6.8226597" version="1" timestamp="2016-02-14T16:31:45Z" changeset="37207168" uid="1749221" user="neocarto">
    <tag k="amenity" v="cafe"/>
    <tag k="name" v="Café Fennick"/>
  </node>
  <node id="4005988077" lat="34.0336680" lon="-6.8225255" version="4" timestamp="2024-04-30T08:28:09Z" changeset="150695154" uid="9945354" user="salma_z">
    <tag k="amenity" v="fuel"/>
    <tag k="name" v="Station Service Shell"/>
    <tag k="operator" v="Shell"/>
  </node>
  <node id="4007155891" lat="34.0337209" lon="-6.8227146" version="3" timestamp="2024-04-30T08:28:09Z" changeset="150695154" uid="9945354" user="salma_z"/>
  <node id="4007155892" lat="34.0337209" lon="-6.8226261" version="3" timestamp="2024-04-30T08:28:09Z" changeset="150695154" uid="9945354" user="salma_z"/>
  <node id="4007155893" lat="34.0336783" lon="-6.8226269" version="3" timestamp="2024-04-30T08:28:09Z" changeset="150695154" uid="9945354" user="salma_z"/>
  <node id="4007155894" lat="34.0336786" lon="-6.8226019" version="3" timestamp="2024-04-30T08:28:09Z" changeset="150695154" uid="9945354" user="salma_z"/>
  <node id="4007155895" lat="34.0336231" lon="-6.8226019" version="3" timestamp="2024-04-30T08:28:09Z" changeset="150695154" uid="9945354" user="salma_z"/>
  <node id="4007155896" lat="34.0336234" lon="-6.8227178" version="3" timestamp="2024-04-30T08:28:09Z" changeset="150695154" uid="9945354" user="salma_z"/>
  <node id="4007155897" lat="34.0337089" lon="-6.8225517" version="3" timestamp="2024-04-30T08:28:09Z" changeset="150695154" uid="9945354" user="salma_z"/>
  <node id="4007155898" lat="34.0337053" lon="-6.8224622" version="3" timestamp="2024-04-30T08:28:09Z" changeset="150695154" uid="9945354" user="salma_z"/>
  <node id="4007155899" lat="34.0335837" lon="-6.8224694" version="3" timestamp="2024-04-30T08:28:09Z" changeset="150695154" uid="9945354" user="salma_z"/>
  <node id="4007155900" lat="34.0335874" lon="-6.8225590" version="3" timestamp="2024-04-30T08:28:09Z" changeset="150695154" uid="9945354" user="salma_z"/>
  <node id="4420014179" lat="34.0603308" lon="-6.8143410" version="2" timestamp="2021-08-22T22:23:15Z" changeset="110080873" uid="13744382" user="imel15"/>
  <node id="4420179061" lat="34.0351239" lon="-6.8097749" version="2" timestamp="2021-08-22T22:23:15Z" changeset="110080873" uid="13744382" user="imel15"/>
  <node id="4420183710" lat="34.0327496" lon="-6.8125830" version="3" timestamp="2021-08-22T22:23:15Z" changeset="110080873" uid="13744382" user="imel15"/>
  <node id="4420183729" lat="34.0329163" lon="-6.8116126" version="3" timestamp="2021-08-22T22:23:15Z" changeset="110080873" uid="13744382" user="imel15"/>
  <node id="4420183730" lat="34.0321860" lon="-6.8150524" version="3" timestamp="2021-08-22T22:23:15Z" changeset="110080873" uid="13744382" user="imel15"/>
  <node id="4463219299" lat="34.0293628" lon="-6.8143823" version="2" timestamp="2021-08-22T22:23:15Z" changeset="110080873" uid="13744382" user="imel15"/>
  <node id="4490820154" lat="34.0308491" lon="-6.7959908" version="2" timestamp="2021-08-22T22:23:15Z" changeset="110080873" uid="13744382" user="imel15"/>
  <node id="4499255638" lat="34.0324354" lon="-6.8246339" version="2" timestamp="2021-08-22T22:39:18Z" changeset="110081205" uid="13744382" user="imel15"/>
  <node id="4499255639" lat="34.0323050" lon="-6.8246363" version="2" timestamp="2021-08-22T22:39:18Z" changeset="110081205" uid="13744382" user="imel15"/>
  <node id="4499255640" lat="34.0323109" lon="-6.8244211" version="2" timestamp="2024-04-24T09:49:27Z" changeset="150435765" uid="9945354" user="salma_z"/>
  <node id="4499255641" lat="34.0324544" lon="-6.8243259" version="2" timestamp="2023-08-24T09:45:41Z" changeset="140313362" uid="18370762" user="Sofie2016"/>
  <node id="4499255642" lat="34.0325353" lon="-6.8241628" version="2" timestamp="2023-08-24T09:45:41Z" changeset="140313362" uid="18370762" user="Sofie2016"/>
  <node id="4499255643" lat="34.0325889" lon="-6.8241641" version="2" timestamp="2023-08-24T09:45:41Z" changeset="140313362" uid="18370762" user="Sofie2016"/>
  <node id="4499255644" lat="34.0325949" lon="-6.8244009" version="2" timestamp="2023-08-24T09:45:41Z" changeset="140313362" uid="18370762" user="Sofie2016"/>
  <node id="4499255645" lat="34.0325913" lon="-6.8244932" version="2" timestamp="2023-08-24T09:45:41Z" changeset="140313362" uid="18370762" user="Sofie2016"/>
  <node id="4499255646" lat="34.0326214" lon="-6.8245131" version="3" timestamp="2023-08-24T09:45:41Z" changeset="140313362" uid="18370762" user="Sofie2016"/>
  <node id="4499255647" lat="34.0324744" lon="-6.8246184" version="2" timestamp="2021-08-22T22:39:18Z" changeset="110081205" uid="13744382" user="imel15"/>
  <node id="4499267989" lat="34.0347726" lon="-6.8254133" version="3" timestamp="2024-04-30T08:28:09Z" changeset="150695154" uid="9945354" user="salma_z"/>
  <node id="4499274711" lat="34.0343102" lon="-6.8237185" version="3" timestamp="2024-04-29T14:07:26Z" changeset="150665557" uid="9945354" user="salma_z"/>
  <node id="4499274712" lat="34.0343028" lon="-6.8234926" version="3" timestamp="2024-04-29T14:07:26Z" changeset="150665557" uid="9945354" user="salma_z"/>
  <node id="4499274713" lat="34.0341426" lon="-6.8234967" version="2" timestamp="2024-04-29T14:07:26Z" changeset="150665557" uid="9945354" user="salma_z"/>
  <node id="4499274714" lat="34.0341486" lon="-6.8236599" version="2" timestamp="2024-04-29T14:07:26Z" changeset="150665557" uid="9945354" user="salma_z"/>
  <node id="4499274715" lat="34.0341884" lon="-6.8237175" version="2" timestamp="2024-04-29T14:07:26Z" changeset="150665557" uid="9945354" user="salma_z"/>
  <node id="4499276290" lat="34.0334269" lon="-6.8232190" version="5" timestamp="2026-03-05T04:37:49Z" changeset="179377820" uid="21853634" user="ilias_">
    <tag k="amenity" v="doctors"/>
    <tag k="healthcare" v="doctor"/>
    <tag k="name" v="Cabinet Gastro Enterology De Salé"/>
    <tag k="phone" v="+212 5 37 88 25 72"/>
  </node>
  <node id="4499280590" lat="34.0334354" lon="-6.8234941" version="3" timestamp="2025-06-19T13:41:26Z" changeset="167827192" uid="21853634" user="ilias_">
    <tag k="amenity" v="doctors"/>
    <tag k="healthcare" v="doctor"/>
    <tag k="name" v="Laboratoire Rhazali"/>
  </node>
  <node id="4541527950" lat="34.0647171" lon="-6.7584199" version="3" timestamp="2021-08-22T22:23:15Z" changeset="110080873" uid="13744382" user="imel15"/>
  <node id="4541527951" lat="34.0631816" lon="-6.7585637" version="2" timestamp="2021-08-22T22:23:15Z" changeset="110080873" uid="13744382" user="imel15"/>
  <node id="4541527952" lat="34.0624838" lon="-6.7592113" version="2" timestamp="2021-08-22T22:23:15Z" changeset="110080873" uid="13744382" user="imel15"/>
  <node id="4541527953" lat="34.0610928" lon="-6.7619965" version="2" timestamp="2021-08-22T22:23:15Z" changeset="110080873" uid="13744382" user="imel15"/>
  <node id="4541527954" lat="34.0603730" lon="-6.7626805" version="2" timestamp="2021-08-22T22:23:15Z" changeset="110080873" uid="13744382" user="imel15"/>
  <node id="4541527955" lat="34.0602076" lon="-6.7634315" version="2" timestamp="2021-08-22T22:23:15Z" changeset="110080873" uid="13744382" user="imel15"/>
  <node id="4541527956" lat="34.0613102" lon="-6.7649171" version="2" timestamp="2021-08-22T22:23:15Z" changeset="110080873" uid="13744382" user="imel15"/>
  <node id="4541527957" lat="34.0619912" lon="-6.7656938" version="2" timestamp="2021-08-22T22:23:15Z" changeset="110080873" uid="13744382" user="imel15"/>
  <node id="4541527958" lat="34.0606263" lon="-6.7642347" version="2" timestamp="2021-08-22T22:23:15Z" changeset="110080873" uid="13744382" user="imel15"/>
  <node id="4541527959" lat="34.0602606" lon="-6.7638698" version="2" timestamp="2021-08-22T22:23:15Z" changeset="110080873" uid="13744382" user="imel15"/>
  <node id="4583259716" lat="34.0334281" lon="-6.8246988" version="4" timestamp="2021-02-19T12:27:32Z" changeset="99593924" uid="10504312" user="Jobigutenburg">
    <tag k="addr:street" v="Rue Al Yachi"/>
    <tag k="name" v="نيابة سلا"/>
    <tag k="name:ar" v="نيابة سلا"/>
    <tag k="name:en" v="Sale Academy"/>
    <tag k="name:fr" v="Academie de Sale"/>
    <tag k="office" v="government"/>
  </node>
  <node id="4713471477" lat="34.0466890" lon="-6.8280520" version="3" timestamp="2021-08-22T22:23:15Z" changeset="110080873" uid="13744382" user="imel15"/>
  <node id="4713471478" lat="34.0470735" lon="-6.8280896" version="3" timestamp="2021-08-22T22:23:15Z" changeset="110080873" uid="13744382" user="imel15"/>
  <node id="4713471479" lat="34.0477838" lon="-6.8278240" version="3" timestamp="2021-08-22T22:23:15Z" changeset="110080873" uid="13744382" user="imel15"/>
  <node id="4713471480" lat="34.0456365" lon="-6.8269555" version="3" timestamp="2021-08-22T22:23:15Z" changeset="110080873" uid="13744382" user="imel15"/>
  <node id="4713471481" lat="34.0460759" lon="-6.8276357" version="3" timestamp="2021-08-22T22:23:15Z" changeset="110080873" uid="13744382" user="imel15"/>
  <node id="4713471482" lat="34.0494848" lon="-6.8268692" version="2" timestamp="2021-08-22T22:23:15Z" changeset="110080873" uid="13744382" user="imel15"/>
  <node id="4713471483" lat="34.0500271" lon="-6.8263650" version="3" timestamp="2021-08-22T22:23:15Z" changeset="110080873" uid="13744382" user="imel15"/>
  <node id="4713471484" lat="34.0527590" lon="-6.8236735" version="2" timestamp="2021-08-22T22:23:15Z" changeset="110080873" uid="13744382" user="imel15"/>
  <node id="4713784239" lat="34.0846580" lon="-6.7863643" version="2" timestamp="2021-08-22T22:23:15Z" changeset="110080873" uid="13744382" user="imel15"/>
  <node id="4713784337" lat="34.0797664" lon="-6.7683101" version="4" timestamp="2024-09-02T14:15:41Z" changeset="156101169" uid="578772" user="alain2003"/>
  <node id="4713784344" lat="34.0828333" lon="-6.7855022" version="2" timestamp="2021-08-22T22:23:15Z" changeset="110080873" uid="13744382" user="imel15"/>
  <node id="5242542955" lat="34.0302508" lon="-6.7966035" version="2" timestamp="2021-08-22T22:23:15Z" changeset="110080873" uid="13744382" user="imel15"/>
  <node id="5242542961" lat="34.0309651" lon="-6.7958641" version="2" timestamp="2021-08-22T22:23:15Z" changeset="110080873" uid="13744382" user="imel15"/>
  <node id="5242572941" lat="34.0332456" lon="-6.8109075" version="2" timestamp="2021-08-22T22:23:15Z" changeset="110080873" uid="13744382" user="imel15"/>
  <node id="5242572956" lat="34.0268623" lon="-6.8076449" version="3" timestamp="2021-08-22T22:23:15Z" changeset="110080873" uid="13744382" user="imel15"/>
  <node id="5242572958" lat="34.0269839" lon="-6.8078765" version="2" timestamp="2021-08-22T22:23:15Z" changeset="110080873" uid="13744382" user="imel15"/>
  <node id="5245930308" lat="34.0622728" lon="-6.7658711" version="2" timestamp="2021-08-22T22:23:15Z" changeset="110080873" uid="13744382" user="imel15"/>
  <node id="5588709017" lat="34.0397841" lon="-6.7834245" version="4" timestamp="2021-08-22T22:23:15Z" changeset="110080873" uid="13744382" user="imel15"/>
  <node id="5588709243" lat="34.0579127" lon="-6.7701512" version="3" timestamp="2021-08-22T22:23:15Z" changeset="110080873" uid="13744382" user="imel15"/>
  <node id="5637889829" lat="34.0270500" lon="-6.8096006" version="3" timestamp="2021-08-22T22:23:15Z" changeset="110080873" uid="13744382" user="imel15"/>
  <node id="5656425961" lat="34.0432497" lon="-6.8276778" version="4" timestamp="2023-05-18T07:54:00Z" changeset="136241407" uid="454932" user="Cyrille37"/>
  <node id="5757238404" lat="34.0652714" lon="-6.8076918" version="2" timestamp="2021-08-22T22:23:15Z" changeset="110080873" uid="13744382" user="imel15"/>
  <node id="5784761181" lat="34.0575997" lon="-6.8189540" version="2" timestamp="2021-08-22T22:23:15Z" changeset="110080873" uid="13744382" user="imel15"/>
  <node id="5784792629" lat="34.0468133" lon="-6.8280718" version="3" timestamp="2021-08-22T22:23:15Z" changeset="110080873" uid="13744382" user="imel15"/>
  <node id="5784792631" lat="34.0463300" lon="-6.8278907" version="3" timestamp="2021-08-22T22:23:15Z" changeset="110080873" uid="13744382" user="imel15"/>
  <node id="5788124214" lat="34.0350921" lon="-6.8083179" version="3" timestamp="2021-09-05T12:27:13Z" changeset="110747515" uid="9945421" user="alyaa_hossam">
    <tag k="crossing" v="traffic_signals"/>
    <tag k="highway" v="traffic_signals"/>
  </node>
  <node id="5791210216" lat="34.0402782" lon="-6.7811578" version="3" timestamp="2021-08-22T22:23:15Z" changeset="110080873" uid="13744382" user="imel15"/>
  <node id="5791210247" lat="34.0401197" lon="-6.7814684" version="3" timestamp="2021-08-22T22:23:15Z" changeset="110080873" uid="13744382" user="imel15"/>
  <node id="5791223035" lat="34.0399582" lon="-6.7818448" version="2" timestamp="2021-08-22T22:23:15Z" changeset="110080873" uid="13744382" user="imel15"/>
  <node id="5791223036" lat="34.0398815" lon="-6.7820876" version="2" timestamp="2021-08-22T22:23:15Z" changeset="110080873" uid="13744382" user="imel15"/>
  <node id="5791223037" lat="34.0397615" lon="-6.7828131" version="2" timestamp="2021-08-22T22:23:15Z" changeset="110080873" uid="13744382" user="imel15"/>
  <node id="5791223038" lat="34.0397842" lon="-6.7825929" version="2" timestamp="2021-08-22T22:23:15Z" changeset="110080873" uid="13744382" user="imel15"/>
  <node id="5907445071" lat="34.0657373" lon="-6.7575107" version="3" timestamp="2021-08-22T22:23:15Z" changeset="110080873" uid="13744382" user="imel15"/>
  <node id="6568143855" lat="34.0318450" lon="-6.8256312" version="2" timestamp="2021-08-06T03:13:26Z" changeset="109229396" uid="13744382" user="imel15"/>
  <node id="6568143856" lat="34.0318750" lon="-6.8255554" version="2" timestamp="2021-08-06T03:13:26Z" changeset="109229396" uid="13744382" user="imel15"/>
  <node id="6568143857" lat="34.0318529" lon="-6.8255426" version="2" timestamp="2021-08-06T03:13:26Z" changeset="109229396" uid="13744382" user="imel15"/>
  <node id="6568143858" lat="34.0318708" lon="-6.8254974" version="2" timestamp="2021-08-06T03:13:26Z" changeset="109229396" uid="13744382" user="imel15"/>
  <node id="6568143859" lat="34.0318900" lon="-6.8255085" version="2" timestamp="2021-08-06T03:13:26Z" changeset="109229396" uid="13744382" user="imel15"/>
  <node id="6568143860" lat="34.0319227" lon="-6.8254261" version="2" timestamp="2021-08-06T03:13:26Z" changeset="109229396" uid="13744382" user="imel15"/>
  <node id="6568143861" lat="34.0318037" lon="-6.8253572" version="2" timestamp="2021-08-06T03:13:26Z" changeset="109229396" uid="13744382" user="imel15"/>
  <node id="6568143862" lat="34.0317229" lon="-6.8255606" version="2" timestamp="2021-08-06T03:13:26Z" changeset="109229396" uid="13744382" user="imel15"/>
  <node id="6568143863" lat="34.0318121" lon="-6.8252634" version="2" timestamp="2021-08-06T03:13:26Z" changeset="109229396" uid="13744382" user="imel15"/>
  <node id="6568143864" lat="34.0318422" lon="-6.8251876" version="2" timestamp="2021-08-06T03:13:26Z" changeset="109229396" uid="13744382" user="imel15"/>
  <node id="6568143865" lat="34.0318200" lon="-6.8251748" version="2" timestamp="2021-08-06T03:13:26Z" changeset="109229396" uid="13744382" user="imel15"/>
  <node id="6568143866" lat="34.0318379" lon="-6.8251296" version="2" timestamp="2021-08-06T03:13:26Z" changeset="109229396" uid="13744382" user="imel15"/>
  <node id="6568143867" lat="34.0318571" lon="-6.8251407" version="2" timestamp="2021-08-06T03:13:26Z" changeset="109229396" uid="13744382" user="imel15"/>
  <node id="6568143868" lat="34.0318898" lon="-6.8250583" version="2" timestamp="2021-08-06T03:13:26Z" changeset="109229396" uid="13744382" user="imel15"/>
  <node id="6568143869" lat="34.0317708" lon="-6.8249895" version="2" timestamp="2021-08-06T03:13:26Z" changeset="109229396" uid="13744382" user="imel15"/>
  <node id="6568143870" lat="34.0316900" lon="-6.8251929" version="2" timestamp="2021-08-06T03:13:26Z" changeset="109229396" uid="13744382" user="imel15"/>
  <node id="6568143871" lat="34.0317165" lon="-6.8242106" version="3" timestamp="2021-08-06T03:13:26Z" changeset="109229396" uid="13744382" user="imel15"/>
  <node id="6568143872" lat="34.0317488" lon="-6.8241254" version="2" timestamp="2021-08-06T02:53:28Z" changeset="109229088" uid="13744382" user="imel15"/>
  <node id="6568143873" lat="34.0317267" lon="-6.8241126" version="2" timestamp="2021-08-06T02:53:28Z" changeset="109229088" uid="13744382" user="imel15"/>
  <node id="6568143874" lat="34.0317446" lon="-6.8240674" version="2" timestamp="2021-08-06T02:53:28Z" changeset="109229088" uid="13744382" user="imel15"/>
  <node id="6568143875" lat="34.0317638" lon="-6.8240784" version="2" timestamp="2021-08-06T02:53:28Z" changeset="109229088" uid="13744382" user="imel15"/>
  <node id="6568143876" lat="34.0317965" lon="-6.8239960" version="2" timestamp="2021-08-06T02:53:28Z" changeset="109229088" uid="13744382" user="imel15"/>
  <node id="6568143877" lat="34.0316775" lon="-6.8239272" version="2" timestamp="2021-08-06T02:53:28Z" changeset="109229088" uid="13744382" user="imel15"/>
  <node id="6568143878" lat="34.0315956" lon="-6.8241441" version="3" timestamp="2021-08-06T03:13:26Z" changeset="109229396" uid="13744382" user="imel15"/>
  <node id="6568143879" lat="34.0317576" lon="-6.8245499" version="2" timestamp="2021-08-06T02:53:28Z" changeset="109229088" uid="13744382" user="imel15"/>
  <node id="6568143880" lat="34.0317877" lon="-6.8244741" version="2" timestamp="2021-08-06T02:53:28Z" changeset="109229088" uid="13744382" user="imel15"/>
  <node id="6568143881" lat="34.0317656" lon="-6.8244613" version="2" timestamp="2021-08-06T02:53:28Z" changeset="109229088" uid="13744382" user="imel15"/>
  <node id="6568143882" lat="34.0317835" lon="-6.8244160" version="2" timestamp="2021-08-06T02:53:28Z" changeset="109229088" uid="13744382" user="imel15"/>
  <node id="6568143883" lat="34.0318027" lon="-6.8244271" version="2" timestamp="2021-08-06T02:53:28Z" changeset="109229088" uid="13744382" user="imel15"/>
  <node id="6568143884" lat="34.0318354" lon="-6.8243447" version="2" timestamp="2021-08-06T02:53:28Z" changeset="109229088" uid="13744382" user="imel15"/>
  <node id="6568149585" lat="34.0317163" lon="-6.8242759" version="2" timestamp="2021-08-06T02:53:28Z" changeset="109229088" uid="13744382" user="imel15"/>
  <node id="6568149586" lat="34.0316356" lon="-6.8244793" version="2" timestamp="2021-08-06T02:53:28Z" changeset="109229088" uid="13744382" user="imel15"/>
  <node id="6568149587" lat="34.0317943" lon="-6.8248959" version="1" timestamp="2019-06-24T15:53:52Z" changeset="71566787" uid="1208299" user="Xadu"/>
  <node id="6568149588" lat="34.0318244" lon="-6.8248201" version="1" timestamp="2019-06-24T15:53:52Z" changeset="71566787" uid="1208299" user="Xadu"/>
  <node id="6568149589" lat="34.0318022" lon="-6.8248073" version="1" timestamp="2019-06-24T15:53:52Z" changeset="71566787" uid="1208299" user="Xadu"/>
  <node id="6568149590" lat="34.0318202" lon="-6.8247621" version="1" timestamp="2019-06-24T15:53:52Z" changeset="71566787" uid="1208299" user="Xadu"/>
  <node id="6568149591" lat="34.0318394" lon="-6.8247732" version="1" timestamp="2019-06-24T15:53:52Z" changeset="71566787" uid="1208299" user="Xadu"/>
  <node id="6568149592" lat="34.0318721" lon="-6.8246908" version="1" timestamp="2019-06-24T15:53:52Z" changeset="71566787" uid="1208299" user="Xadu"/>
  <node id="6568149593" lat="34.0317530" lon="-6.8246219" version="1" timestamp="2019-06-24T15:53:52Z" changeset="71566787" uid="1208299" user="Xadu"/>
  <node id="6568149594" lat="34.0316723" lon="-6.8248254" version="1" timestamp="2019-06-24T15:53:52Z" changeset="71566787" uid="1208299" user="Xadu"/>
  <node id="6568149595" lat="34.0319090" lon="-6.8260096" version="2" timestamp="2023-08-24T09:44:00Z" changeset="140313272" uid="18370762" user="Sofie2016"/>
  <node id="6568149596" lat="34.0319307" lon="-6.8259552" version="2" timestamp="2023-08-24T09:44:00Z" changeset="140313272" uid="18370762" user="Sofie2016"/>
  <node id="6568149597" lat="34.0318816" lon="-6.8259267" version="2" timestamp="2023-08-24T09:44:00Z" changeset="140313272" uid="18370762" user="Sofie2016"/>
  <node id="6568149598" lat="34.0318975" lon="-6.8258868" version="2" timestamp="2023-08-24T09:44:00Z" changeset="140313272" uid="18370762" user="Sofie2016"/>
  <node id="6568149599" lat="34.0319325" lon="-6.8259071" version="2" timestamp="2023-08-24T09:44:00Z" changeset="140313272" uid="18370762" user="Sofie2016"/>
  <node id="6568149600" lat="34.0319682" lon="-6.8258174" version="2" timestamp="2023-08-24T09:44:00Z" changeset="140313272" uid="18370762" user="Sofie2016"/>
  <node id="6568149601" lat="34.0318525" lon="-6.8257503" version="2" timestamp="2023-08-24T09:44:00Z" changeset="140313272" uid="18370762" user="Sofie2016"/>
  <node id="6568149602" lat="34.0317792" lon="-6.8259342" version="2" timestamp="2023-08-24T09:44:00Z" changeset="140313272" uid="18370762" user="Sofie2016"/>
  <node id="6568149603" lat="34.0319173" lon="-6.8263415" version="1" timestamp="2019-06-24T15:53:52Z" changeset="71566787" uid="1208299" user="Xadu"/>
  <node id="6568149604" lat="34.0319423" lon="-6.8262784" version="1" timestamp="2019-06-24T15:53:52Z" changeset="71566787" uid="1208299" user="Xadu"/>
  <node id="6568149605" lat="34.0318993" lon="-6.8262537" version="1" timestamp="2019-06-24T15:53:52Z" changeset="71566787" uid="1208299" user="Xadu"/>
  <node id="6568149606" lat="34.0319206" lon="-6.8261998" version="1" timestamp="2019-06-24T15:53:52Z" changeset="71566787" uid="1208299" user="Xadu"/>
  <node id="6568149607" lat="34.0319403" lon="-6.8262112" version="1" timestamp="2019-06-24T15:53:52Z" changeset="71566787" uid="1208299" user="Xadu"/>
  <node id="6568149608" lat="34.0319719" lon="-6.8261314" version="1" timestamp="2019-06-24T15:53:52Z" changeset="71566787" uid="1208299" user="Xadu"/>
  <node id="6568149609" lat="34.0318644" lon="-6.8260695" version="1" timestamp="2019-06-24T15:53:52Z" changeset="71566787" uid="1208299" user="Xadu"/>
  <node id="6568149610" lat="34.0317866" lon="-6.8262663" version="1" timestamp="2019-06-24T15:53:52Z" changeset="71566787" uid="1208299" user="Xadu"/>
  <node id="6568149617" lat="34.0318916" lon="-6.8264421" version="3" timestamp="2021-08-06T14:45:32Z" changeset="109267154" uid="13744382" user="imel15"/>
  <node id="6568381477" lat="34.0318404" lon="-6.8265584" version="2" timestamp="2021-08-06T14:45:32Z" changeset="109267154" uid="13744382" user="imel15"/>
  <node id="6568381478" lat="34.0317755" lon="-6.8265293" version="2" timestamp="2021-08-06T14:45:32Z" changeset="109267154" uid="13744382" user="imel15"/>
  <node id="6568381479" lat="34.0317519" lon="-6.8265786" version="2" timestamp="2021-08-06T14:45:32Z" changeset="109267154" uid="13744382" user="imel15"/>
  <node id="6568381480" lat="34.0316777" lon="-6.8265424" version="2" timestamp="2021-08-06T14:45:32Z" changeset="109267154" uid="13744382" user="imel15"/>
  <node id="6568381481" lat="34.0317230" lon="-6.8264316" version="2" timestamp="2021-08-06T14:45:32Z" changeset="109267154" uid="13744382" user="imel15"/>
  <node id="6568381482" lat="34.0316612" lon="-6.8263920" version="2" timestamp="2021-08-06T14:45:32Z" changeset="109267154" uid="13744382" user="imel15"/>
  <node id="6568381483" lat="34.0316790" lon="-6.8263412" version="2" timestamp="2021-08-06T14:45:32Z" changeset="109267154" uid="13744382" user="imel15"/>
  <node id="6568381484" lat="34.0316830" lon="-6.8263394" version="2" timestamp="2021-08-06T14:45:32Z" changeset="109267154" uid="13744382" user="imel15"/>
  <node id="6568396485" lat="34.0317451" lon="-6.8263768" version="2" timestamp="2021-08-06T14:45:32Z" changeset="109267154" uid="13744382" user="imel15"/>
  <node id="6568396486" lat="34.0318136" lon="-6.8264201" version="2" timestamp="2021-08-06T14:45:32Z" changeset="109267154" uid="13744382" user="imel15"/>
  <node id="6568396487" lat="34.0318031" lon="-6.8264404" version="2" timestamp="2021-08-06T14:45:32Z" changeset="109267154" uid="13744382" user="imel15"/>
  <node id="6568396488" lat="34.0316283" lon="-6.8263043" version="1" timestamp="2019-06-24T18:17:48Z" changeset="71571928" uid="1208299" user="Xadu"/>
  <node id="6568396489" lat="34.0315924" lon="-6.8263094" version="2" timestamp="2021-08-06T14:45:32Z" changeset="109267154" uid="13744382" user="imel15"/>
  <node id="6568396490" lat="34.0314460" lon="-6.8262991" version="2" timestamp="2021-08-06T14:45:32Z" changeset="109267154" uid="13744382" user="imel15"/>
  <node id="6568396491" lat="34.0314302" lon="-6.8263396" version="2" timestamp="2021-08-06T14:45:32Z" changeset="109267154" uid="13744382" user="imel15"/>
  <node id="6568396492" lat="34.0314178" lon="-6.8263688" version="2" timestamp="2021-08-06T14:45:32Z" changeset="109267154" uid="13744382" user="imel15"/>
  <node id="6568396493" lat="34.0314117" lon="-6.8263808" version="2" timestamp="2021-08-06T14:45:32Z" changeset="109267154" uid="13744382" user="imel15"/>
  <node id="6568396494" lat="34.0314758" lon="-6.8264236" version="2" timestamp="2021-08-06T14:45:32Z" changeset="109267154" uid="13744382" user="imel15"/>
  <node id="6568396495" lat="34.0314979" lon="-6.8263681" version="2" timestamp="2021-08-06T14:45:32Z" changeset="109267154" uid="13744382" user="imel15"/>
  <node id="6568396496" lat="34.0315673" lon="-6.8263987" version="2" timestamp="2021-08-06T14:45:32Z" changeset="109267154" uid="13744382" user="imel15"/>
  <node id="6568396497" lat="34.0315431" lon="-6.8264500" version="2" timestamp="2021-08-06T14:45:32Z" changeset="109267154" uid="13744382" user="imel15"/>
  <node id="6568396498" lat="34.0316187" lon="-6.8264930" version="2" timestamp="2021-08-06T14:45:32Z" changeset="109267154" uid="13744382" user="imel15"/>
  <node id="6568396511" lat="34.0314690" lon="-6.8262399" version="2" timestamp="2021-08-06T14:45:32Z" changeset="109267154" uid="13744382" user="imel15"/>
  <node id="6615104211" lat="34.0314413" lon="-6.8222735" version="4" timestamp="2024-04-22T11:46:57Z" changeset="150342706" uid="9945354" user="salma_z"/>
  <node id="6726726237" lat="34.0455061" lon="-6.8267449" version="2" timestamp="2021-08-22T22:23:15Z" changeset="110080873" uid="13744382" user="imel15"/>
  <node id="6755710836" lat="34.0331879" lon="-6.8208777" version="2" timestamp="2019-11-08T01:54:42Z" changeset="76783291" uid="9202927" user="Araucaria_araucana"/>
  <node id="6755710837" lat="34.0331933" lon="-6.8209285" version="2" timestamp="2019-11-08T01:54:42Z" changeset="76783291" uid="9202927" user="Araucaria_araucana"/>
  <node id="6755710838" lat="34.0332368" lon="-6.8210453" version="1" timestamp="2019-08-29T10:06:55Z" changeset="73874205" uid="9535249" user="Tazewell"/>
  <node id="6755710839" lat="34.0332745" lon="-6.8211029" version="1" timestamp="2019-08-29T10:06:55Z" changeset="73874205" uid="9535249" user="Tazewell"/>
  <node id="6755710847" lat="34.0329080" lon="-6.8259297" version="2" timestamp="2019-11-08T01:54:42Z" changeset="76783291" uid="9202927" user="Araucaria_araucana"/>
  <node id="6755710853" lat="34.0339882" lon="-6.8239214" version="5" timestamp="2024-04-29T14:07:26Z" changeset="150665557" uid="9945354" user="salma_z"/>
  <node id="6755710854" lat="34.0336357" lon="-6.8251799" version="2" timestamp="2019-11-08T01:54:42Z" changeset="76783291" uid="9202927" user="Araucaria_araucana"/>
  <node id="6755710858" lat="34.0336680" lon="-6.8252617" version="2" timestamp="2019-11-08T01:54:42Z" changeset="76783291" uid="9202927" user="Araucaria_araucana"/>
  <node id="6755710859" lat="34.0336182" lon="-6.8251016" version="2" timestamp="2019-11-08T01:54:42Z" changeset="76783291" uid="9202927" user="Araucaria_araucana"/>
  <node id="6755837578" lat="34.0398837" lon="-6.7855793" version="2" timestamp="2021-08-22T22:23:15Z" changeset="110080873" uid="13744382" user="imel15"/>
  <node id="6755879647" lat="34.0394851" lon="-6.7856495" version="2" timestamp="2021-08-22T22:23:15Z" changeset="110080873" uid="13744382" user="imel15"/>
  <node id="6755928161" lat="34.0339046" lon="-6.8225649" version="4" timestamp="2024-04-24T13:49:17Z" changeset="150448847" uid="9945354" user="salma_z"/>
  <node id="6755928163" lat="34.0322330" lon="-6.8226584" version="3" timestamp="2024-04-24T09:49:27Z" changeset="150435765" uid="9945354" user="salma_z"/>
  <node id="6755928164" lat="34.0322938" lon="-6.8221153" version="3" timestamp="2024-04-24T09:49:27Z" changeset="150435765" uid="9945354" user="salma_z"/>
  <node id="6755928169" lat="34.0290172" lon="-6.8241492" version="4" timestamp="2024-04-22T11:46:57Z" changeset="150342706" uid="9945354" user="salma_z"/>
  <node id="6755928172" lat="34.0305841" lon="-6.8231918" version="3" timestamp="2024-04-22T11:46:57Z" changeset="150342706" uid="9945354" user="salma_z"/>
  <node id="6756048012" lat="34.0319114" lon="-6.8217824" version="4" timestamp="2024-04-22T11:46:57Z" changeset="150342706" uid="9945354" user="salma_z"/>
  <node id="6769570592" lat="34.0352201" lon="-6.8238762" version="5" timestamp="2024-04-29T14:07:26Z" changeset="150665557" uid="9945354" user="salma_z"/>
  <node id="6769570593" lat="34.0352611" lon="-6.8239113" version="5" timestamp="2024-04-29T14:07:26Z" changeset="150665557" uid="9945354" user="salma_z"/>
  <node id="6769994092" lat="34.0351747" lon="-6.8238500" version="5" timestamp="2024-04-29T14:07:26Z" changeset="150665557" uid="9945354" user="salma_z"/>
  <node id="6771549971" lat="34.0350757" lon="-6.8238271" version="4" timestamp="2024-04-29T14:07:26Z" changeset="150665557" uid="9945354" user="salma_z"/>
  <node id="6771636304" lat="34.0341520" lon="-6.8240367" version="7" timestamp="2024-04-29T14:07:26Z" changeset="150665557" uid="9945354" user="salma_z"/>
  <node id="6771636309" lat="34.0344168" lon="-6.8244445" version="6" timestamp="2024-04-29T14:07:26Z" changeset="150665557" uid="9945354" user="salma_z"/>
  <node id="6771812178" lat="34.0335401" lon="-6.8237530" version="2" timestamp="2019-11-08T01:54:42Z" changeset="76783291" uid="9202927" user="Araucaria_araucana"/>
  <node id="6772009694" lat="34.0341692" lon="-6.8248765" version="3" timestamp="2024-04-24T09:49:27Z" changeset="150435765" uid="9945354" user="salma_z"/>
  <node id="6932281067" lat="34.0316580" lon="-6.8203136" version="4" timestamp="2024-04-23T13:08:58Z" changeset="150395139" uid="9945354" user="salma_z"/>
  <node id="6956327829" lat="34.0320129" lon="-6.8203243" version="2" timestamp="2024-04-24T09:49:27Z" changeset="150435765" uid="9945354" user="salma_z"/>
  <node id="6956327840" lat="34.0334661" lon="-6.8213827" version="2" timestamp="2023-05-18T07:46:21Z" changeset="136241103" uid="454932" user="Cyrille37"/>
  <node id="6956327845" lat="34.0297032" lon="-6.8237301" version="3" timestamp="2024-04-22T11:46:58Z" changeset="150342706" uid="9945354" user="salma_z"/>
  <node id="6956327857" lat="34.0314657" lon="-6.8226531" version="2" timestamp="2024-04-22T11:46:58Z" changeset="150342706" uid="9945354" user="salma_z"/>
  <node id="6956327862" lat="34.0319039" lon="-6.8235837" version="2" timestamp="2024-04-22T11:46:58Z" changeset="150342706" uid="9945354" user="salma_z"/>
  <node id="6956327864" lat="34.0308464" lon="-6.8230315" version="2" timestamp="2024-04-22T11:46:58Z" changeset="150342706" uid="9945354" user="salma_z"/>
  <node id="6956327868" lat="34.0320617" lon="-6.8257308" version="3" timestamp="2024-04-22T11:46:58Z" changeset="150342706" uid="9945354" user="salma_z"/>
  <node id="6956327869" lat="34.0319253" lon="-6.8257177" version="2" timestamp="2024-04-22T11:46:58Z" changeset="150342706" uid="9945354" user="salma_z"/>
  <node id="6956327874" lat="34.0321087" lon="-6.8264689" version="4" timestamp="2024-04-22T11:46:58Z" changeset="150342706" uid="9945354" user="salma_z"/>
  <node id="6956327877" lat="34.0311376" lon="-6.8228535" version="2" timestamp="2024-04-22T11:46:58Z" changeset="150342706" uid="9945354" user="salma_z"/>
  <node id="6956357375" lat="34.0301719" lon="-6.8234437" version="2" timestamp="2024-04-22T11:46:58Z" changeset="150342706" uid="9945354" user="salma_z"/>
  <node id="6956357377" lat="34.0297796" lon="-6.8236834" version="3" timestamp="2024-04-22T11:46:58Z" changeset="150342706" uid="9945354" user="salma_z"/>
  <node id="6956357380" lat="34.0294109" lon="-6.8239087" version="3" timestamp="2024-04-22T11:46:58Z" changeset="150342706" uid="9945354" user="salma_z"/>
  <node id="6956357385" lat="34.0336666" lon="-6.8224645" version="2" timestamp="2024-04-30T08:28:09Z" changeset="150695154" uid="9945354" user="salma_z"/>
  <node id="6956357386" lat="34.0337074" lon="-6.8225153" version="2" timestamp="2024-04-30T08:28:09Z" changeset="150695154" uid="9945354" user="salma_z"/>
  <node id="6956357387" lat="34.0336096" lon="-6.8225577" version="2" timestamp="2024-04-30T08:28:09Z" changeset="150695154" uid="9945354" user="salma_z"/>
  <node id="6956357388" lat="34.0336096" lon="-6.8224679" version="2" timestamp="2024-04-30T08:28:09Z" changeset="150695154" uid="9945354" user="salma_z"/>
  <node id="6956357389" lat="34.0335216" lon="-6.8226412" version="1" timestamp="2019-11-08T01:54:42Z" changeset="76783291" uid="9202927" user="Araucaria_araucana"/>
  <node id="6956357390" lat="34.0335678" lon="-6.8226260" version="2" timestamp="2024-04-30T08:28:09Z" changeset="150695154" uid="9945354" user="salma_z"/>
  <node id="6956357391" lat="34.0335999" lon="-6.8225885" version="2" timestamp="2024-04-30T08:28:09Z" changeset="150695154" uid="9945354" user="salma_z"/>
  <node id="6956357392" lat="34.0336019" lon="-6.8223854" version="2" timestamp="2024-04-30T08:28:09Z" changeset="150695154" uid="9945354" user="salma_z"/>
  <node id="6956357393" lat="34.0338825" lon="-6.8225375" version="3" timestamp="2024-04-24T09:49:27Z" changeset="150435765" uid="9945354" user="salma_z"/>
  <node id="6956357394" lat="34.0338333" lon="-6.8225651" version="2" timestamp="2024-04-30T08:28:09Z" changeset="150695154" uid="9945354" user="salma_z"/>
  <node id="6956357395" lat="34.0336285" lon="-6.8223835" version="1" timestamp="2019-11-08T01:54:42Z" changeset="76783291" uid="9202927" user="Araucaria_araucana"/>
  <node id="6956357396" lat="34.0335110" lon="-6.8223880" version="2" timestamp="2024-04-24T09:49:27Z" changeset="150435765" uid="9945354" user="salma_z"/>
  <node id="6956357397" lat="34.0325060" lon="-6.8240441" version="2" timestamp="2024-04-24T09:49:27Z" changeset="150435765" uid="9945354" user="salma_z"/>
  <node id="6956357398" lat="34.0324776" lon="-6.8239259" version="2" timestamp="2024-04-24T09:49:27Z" changeset="150435765" uid="9945354" user="salma_z"/>
  <node id="6956357399" lat="34.0324532" lon="-6.8238743" version="1" timestamp="2019-11-08T01:54:42Z" changeset="76783291" uid="9202927" user="Araucaria_araucana"/>
  <node id="6956357400" lat="34.0324127" lon="-6.8238267" version="1" timestamp="2019-11-08T01:54:42Z" changeset="76783291" uid="9202927" user="Araucaria_araucana"/>
  <node id="6956357401" lat="34.0323682" lon="-6.8237972" version="1" timestamp="2019-11-08T01:54:42Z" changeset="76783291" uid="9202927" user="Araucaria_araucana"/>
  <node id="6956357402" lat="34.0323199" lon="-6.8237778" version="1" timestamp="2019-11-08T01:54:42Z" changeset="76783291" uid="9202927" user="Araucaria_araucana"/>
  <node id="6956357403" lat="34.0321636" lon="-6.8237638" version="3" timestamp="2024-04-24T09:49:27Z" changeset="150435765" uid="9945354" user="salma_z"/>
  <node id="6956357405" lat="34.0322032" lon="-6.8241946" version="1" timestamp="2019-11-08T01:54:42Z" changeset="76783291" uid="9202927" user="Araucaria_araucana"/>
  <node id="6956357406" lat="34.0322124" lon="-6.8242814" version="2" timestamp="2024-04-24T09:49:27Z" changeset="150435765" uid="9945354" user="salma_z"/>
  <node id="6956357407" lat="34.0323079" lon="-6.8243313" version="2" timestamp="2024-04-24T09:49:27Z" changeset="150435765" uid="9945354" user="salma_z"/>
  <node id="6956357408" lat="34.0323384" lon="-6.8243283" version="2" timestamp="2024-04-24T09:49:27Z" changeset="150435765" uid="9945354" user="salma_z"/>
  <node id="6956357411" lat="34.0324348" lon="-6.8242510" version="2" timestamp="2024-04-24T09:49:27Z" changeset="150435765" uid="9945354" user="salma_z"/>
  <node id="6956357412" lat="34.0324384" lon="-6.8242291" version="2" timestamp="2024-04-24T09:49:27Z" changeset="150435765" uid="9945354" user="salma_z"/>
  <node id="6956357413" lat="34.0324398" lon="-6.8242068" version="2" timestamp="2024-04-24T09:49:27Z" changeset="150435765" uid="9945354" user="salma_z"/>
  <node id="6956357414" lat="34.0324338" lon="-6.8241856" version="2" timestamp="2024-04-24T09:49:27Z" changeset="150435765" uid="9945354" user="salma_z"/>
  <node id="6956357415" lat="34.0323758" lon="-6.8240785" version="1" timestamp="2019-11-08T01:54:42Z" changeset="76783291" uid="9202927" user="Araucaria_araucana"/>
  <node id="6956357416" lat="34.0324882" lon="-6.8208298" version="3" timestamp="2024-04-24T09:49:27Z" changeset="150435765" uid="9945354" user="salma_z"/>
  <node id="6956357418" lat="34.0318202" lon="-6.8206209" version="2" timestamp="2024-04-24T09:49:27Z" changeset="150435765" uid="9945354" user="salma_z"/>
  <node id="6956357422" lat="34.0321389" lon="-6.8210601" version="2" timestamp="2024-04-24T09:49:27Z" changeset="150435765" uid="9945354" user="salma_z"/>
  <node id="6956357425" lat="34.0321045" lon="-6.8231011" version="2" timestamp="2024-04-24T09:49:27Z" changeset="150435765" uid="9945354" user="salma_z"/>
  <node id="6956357426" lat="34.0323623" lon="-6.8212102" version="2" timestamp="2024-04-24T09:49:27Z" changeset="150435765" uid="9945354" user="salma_z"/>
  <node id="6956357428" lat="34.0336082" lon="-6.8251833" version="1" timestamp="2019-11-08T01:54:42Z" changeset="76783291" uid="9202927" user="Araucaria_araucana"/>
  <node id="6956357429" lat="34.0336054" lon="-6.8252611" version="1" timestamp="2019-11-08T01:54:42Z" changeset="76783291" uid="9202927" user="Araucaria_araucana"/>
  <node id="6956357430" lat="34.0336292" lon="-6.8254900" version="1" timestamp="2019-11-08T01:54:42Z" changeset="76783291" uid="9202927" user="Araucaria_araucana"/>
  <node id="6956357431" lat="34.0336569" lon="-6.8255568" version="1" timestamp="2019-11-08T01:54:42Z" changeset="76783291" uid="9202927" user="Araucaria_araucana"/>
  <node id="6956357432" lat="34.0335468" lon="-6.8238281" version="1" timestamp="2019-11-08T01:54:42Z" changeset="76783291" uid="9202927" user="Araucaria_araucana"/>
  <node id="6956357437" lat="34.0331005" lon="-6.8263590" version="1" timestamp="2019-11-08T01:54:42Z" changeset="76783291" uid="9202927" user="Araucaria_araucana"/>
  <node id="6956357441" lat="34.0329178" lon="-6.8259886" version="1" timestamp="2019-11-08T01:54:42Z" changeset="76783291" uid="9202927" user="Araucaria_araucana"/>
  <node id="6956357483" lat="34.0315679" lon="-6.8225906" version="3" timestamp="2024-04-22T11:46:58Z" changeset="150342706" uid="9945354" user="salma_z"/>
  <node id="6956357494" lat="34.0320338" lon="-6.8238369" version="2" timestamp="2024-04-22T11:46:58Z" changeset="150342706" uid="9945354" user="salma_z"/>
  <node id="6956357495" lat="34.0319589" lon="-6.8238222" version="2" timestamp="2024-04-22T11:46:58Z" changeset="150342706" uid="9945354" user="salma_z"/>
  <node id="6956357496" lat="34.0320598" lon="-6.8242865" version="2" timestamp="2024-04-22T11:46:58Z" changeset="150342706" uid="9945354" user="salma_z"/>
  <node id="6956357497" lat="34.0319846" lon="-6.8243065" version="2" timestamp="2024-04-22T11:46:58Z" changeset="150342706" uid="9945354" user="salma_z"/>
  <node id="6956357498" lat="34.0320229" lon="-6.8243007" version="2" timestamp="2024-04-22T11:46:58Z" changeset="150342706" uid="9945354" user="salma_z"/>
  <node id="6956357499" lat="34.0319970" lon="-6.8238250" version="2" timestamp="2024-04-22T11:46:58Z" changeset="150342706" uid="9945354" user="salma_z"/>
  <node id="6956357511" lat="34.0322709" lon="-6.8272817" version="5" timestamp="2025-06-02T13:52:28Z" changeset="167093544" uid="18031098" user="Mohamed_Taha"/>
  <node id="6970499494" lat="34.0344809" lon="-6.8271592" version="2" timestamp="2024-04-22T11:46:58Z" changeset="150342706" uid="9945354" user="salma_z"/>
  <node id="6970499500" lat="34.0348789" lon="-6.8271253" version="3" timestamp="2024-04-22T11:46:58Z" changeset="150342706" uid="9945354" user="salma_z"/>
  <node id="6970499502" lat="34.0348498" lon="-6.8270741" version="3" timestamp="2024-04-22T11:46:58Z" changeset="150342706" uid="9945354" user="salma_z"/>
  <node id="6970499512" lat="34.0348272" lon="-6.8242110" version="2" timestamp="2024-04-24T09:49:27Z" changeset="150435765" uid="9945354" user="salma_z"/>
  <node id="6970499513" lat="34.0347772" lon="-6.8242713" version="2" timestamp="2024-04-24T09:49:27Z" changeset="150435765" uid="9945354" user="salma_z"/>
  <node id="6970499538" lat="34.0340556" lon="-6.8238370" version="4" timestamp="2024-04-29T14:07:26Z" changeset="150665557" uid="9945354" user="salma_z"/>
  <node id="7160613040" lat="34.0351233" lon="-6.8098095" version="2" timestamp="2021-08-22T22:23:15Z" changeset="110080873" uid="13744382" user="imel15"/>
  <node id="7379866972" lat="34.0350766" lon="-6.8260704" version="2" timestamp="2024-04-30T08:28:09Z" changeset="150695154" uid="9945354" user="salma_z"/>
  <node id="7379866973" lat="34.0345920" lon="-6.8264010" version="2" timestamp="2024-04-30T08:28:09Z" changeset="150695154" uid="9945354" user="salma_z"/>
  <node id="7379866975" lat="34.0342603" lon="-6.8260249" version="1" timestamp="2020-04-08T11:45:49Z" changeset="83251487" uid="10993111" user="YoungSimp"/>
  <node id="7379866977" lat="34.0343659" lon="-6.8258653" version="2" timestamp="2024-04-30T08:28:09Z" changeset="150695154" uid="9945354" user="salma_z"/>
  <node id="7379866979" lat="34.0342169" lon="-6.8255541" version="2" timestamp="2024-04-30T08:28:09Z" changeset="150695154" uid="9945354" user="salma_z"/>
  <node id="7379866980" lat="34.0343203" lon="-6.8254455" version="1" timestamp="2020-04-08T11:45:49Z" changeset="83251487" uid="10993111" user="YoungSimp"/>
  <node id="7379866981" lat="34.0344059" lon="-6.8255501" version="2" timestamp="2024-04-30T08:28:09Z" changeset="150695154" uid="9945354" user="salma_z"/>
  <node id="7379866982" lat="34.0344548" lon="-6.8254991" version="2" timestamp="2024-04-30T08:28:09Z" changeset="150695154" uid="9945354" user="salma_z"/>
  <node id="7379866983" lat="34.0346159" lon="-6.8256064" version="2" timestamp="2024-04-30T08:28:09Z" changeset="150695154" uid="9945354" user="salma_z"/>
  <node id="8164820702" lat="34.0651536" lon="-6.7474710" version="3" timestamp="2024-04-22T12:56:41Z" changeset="150345848" uid="14014476" user="Eslam_Elsayed"/>
  <node id="8164820708" lat="34.0697698" lon="-6.7463951" version="3" timestamp="2021-10-31T08:55:17Z" changeset="113183805" uid="109705" user="gscholz"/>
  <node id="8637280647" lat="34.0326327" lon="-6.8305680" version="3" timestamp="2024-04-22T13:57:50Z" changeset="150348679" uid="9945354" user="salma_z"/>
  <node id="8637280648" lat="34.0322275" lon="-6.8305761" version="3" timestamp="2024-04-22T13:57:50Z" changeset="150348679" uid="9945354" user="salma_z"/>
  <node id="8637280649" lat="34.0318836" lon="-6.8304674" version="3" timestamp="2024-04-22T13:57:50Z" changeset="150348679" uid="9945354" user="salma_z"/>
  <node id="8637311224" lat="34.0321702" lon="-6.8272756" version="4" timestamp="2025-06-02T13:52:28Z" changeset="167093544" uid="18031098" user="Mohamed_Taha"/>
  <node id="8920117350" lat="34.0321904" lon="-6.8223569" version="3" timestamp="2024-04-24T09:49:27Z" changeset="150435765" uid="9945354" user="salma_z"/>
  <node id="8920117351" lat="34.0320653" lon="-6.8212411" version="4" timestamp="2024-04-24T09:49:27Z" changeset="150435765" uid="9945354" user="salma_z"/>
  <node id="8920117352" lat="34.0322276" lon="-6.8211464" version="4" timestamp="2024-04-24T09:49:27Z" changeset="150435765" uid="9945354" user="salma_z"/>
  <node id="8920117353" lat="34.0319922" lon="-6.8222721" version="3" timestamp="2024-04-24T09:49:27Z" changeset="150435765" uid="9945354" user="salma_z"/>
  <node id="8920117354" lat="34.0319820" lon="-6.8222349" version="3" timestamp="2024-04-24T09:49:27Z" changeset="150435765" uid="9945354" user="salma_z"/>
  <node id="8920117355" lat="34.0320083" lon="-6.8223061" version="3" timestamp="2024-04-24T09:49:27Z" changeset="150435765" uid="9945354" user="salma_z"/>
  <node id="8920117356" lat="34.0320298" lon="-6.8223354" version="3" timestamp="2024-04-24T09:49:27Z" changeset="150435765" uid="9945354" user="salma_z"/>
  <node id="8920117357" lat="34.0319809" lon="-6.8221571" version="3" timestamp="2024-04-24T09:49:27Z" changeset="150435765" uid="9945354" user="salma_z"/>
  <node id="8920117358" lat="34.0320665" lon="-6.8223663" version="3" timestamp="2024-04-24T09:49:27Z" changeset="150435765" uid="9945354" user="salma_z"/>
  <node id="8920117359" lat="34.0320472" lon="-6.8223524" version="3" timestamp="2024-04-24T09:49:27Z" changeset="150435765" uid="9945354" user="salma_z"/>
  <node id="8920117360" lat="34.0319782" lon="-6.8221961" version="3" timestamp="2024-04-24T09:49:27Z" changeset="150435765" uid="9945354" user="salma_z"/>
  <node id="8920117361" lat="34.0320531" lon="-6.8214409" version="4" timestamp="2024-04-24T09:49:27Z" changeset="150435765" uid="9945354" user="salma_z"/>
  <node id="8934561963" lat="34.0337067" lon="-6.8250014" version="3" timestamp="2024-04-24T09:49:27Z" changeset="150435765" uid="9945354" user="salma_z"/>
  <node id="8934561964" lat="34.0336868" lon="-6.8240408" version="3" timestamp="2024-04-24T09:49:27Z" changeset="150435765" uid="9945354" user="salma_z"/>
  <node id="8934561965" lat="34.0336241" lon="-6.8240427" version="3" timestamp="2024-04-24T09:49:27Z" changeset="150435765" uid="9945354" user="salma_z"/>
  <node id="8934561966" lat="34.0336440" lon="-6.8250033" version="3" timestamp="2024-04-24T09:49:27Z" changeset="150435765" uid="9945354" user="salma_z"/>
  <node id="8934561967" lat="34.0335287" lon="-6.8252145" version="4" timestamp="2024-04-24T09:49:27Z" changeset="150435765" uid="9945354" user="salma_z"/>
  <node id="8934561968" lat="34.0335824" lon="-6.8252128" version="4" timestamp="2024-04-24T09:49:27Z" changeset="150435765" uid="9945354" user="salma_z"/>
  <node id="8934561969" lat="34.0335561" lon="-6.8240114" version="4" timestamp="2024-04-24T09:49:27Z" changeset="150435765" uid="9945354" user="salma_z"/>
  <node id="8934561970" lat="34.0335023" lon="-6.8240131" version="4" timestamp="2024-04-24T09:49:27Z" changeset="150435765" uid="9945354" user="salma_z"/>
  <node id="8940024403" lat="34.0343585" lon="-6.8262304" version="4" timestamp="2024-04-30T08:28:09Z" changeset="150695154" uid="9945354" user="salma_z">
    <tag k="access" v="yes"/>
    <tag k="amenity" v="parking"/>
    <tag k="capacity" v="9"/>
    <tag k="parking" v="surface"/>
  </node>
  <node id="8947776609" lat="34.0270665" lon="-6.8087878" version="2" timestamp="2021-08-22T22:23:15Z" changeset="110080873" uid="13744382" user="imel15"/>
  <node id="8951852486" lat="34.0264922" lon="-6.8022015" version="2" timestamp="2021-08-22T22:23:15Z" changeset="110080873" uid="13744382" user="imel15"/>
  <node id="8951862077" lat="34.0321103" lon="-6.8225509" version="2" timestamp="2024-04-24T09:49:27Z" changeset="150435765" uid="9945354" user="salma_z"/>
  <node id="8951862078" lat="34.0321470" lon="-6.8225497" version="2" timestamp="2024-04-24T09:49:27Z" changeset="150435765" uid="9945354" user="salma_z"/>
  <node id="8951862079" lat="34.0321602" lon="-6.8231295" version="2" timestamp="2024-04-24T09:49:27Z" changeset="150435765" uid="9945354" user="salma_z"/>
  <node id="8951862080" lat="34.0321921" lon="-6.8231285" version="2" timestamp="2024-04-24T09:49:27Z" changeset="150435765" uid="9945354" user="salma_z"/>
  <node id="8951862081" lat="34.0321937" lon="-6.8232008" version="2" timestamp="2024-04-24T09:49:27Z" changeset="150435765" uid="9945354" user="salma_z"/>
  <node id="8951862082" lat="34.0321252" lon="-6.8232031" version="2" timestamp="2024-04-24T09:49:27Z" changeset="150435765" uid="9945354" user="salma_z"/>
  <node id="8982952045" lat="34.0334748" lon="-6.8200360" version="2" timestamp="2024-04-28T12:55:56Z" changeset="150617456" uid="9945354" user="salma_z"/>
  <node id="8982952047" lat="34.0333486" lon="-6.8201145" version="2" timestamp="2024-04-28T12:55:56Z" changeset="150617456" uid="9945354" user="salma_z"/>
  <node id="8983011181" lat="34.0348244" lon="-6.8216575" version="2" timestamp="2023-05-17T21:10:17Z" changeset="136229283" uid="454932" user="Cyrille37"/>
  <node id="8984490814" lat="34.0317241" lon="-6.8234177" version="2" timestamp="2021-08-06T03:13:26Z" changeset="109229396" uid="13744382" user="imel15"/>
  <node id="8984490815" lat="34.0316797" lon="-6.8233909" version="2" timestamp="2021-08-06T03:13:26Z" changeset="109229396" uid="13744382" user="imel15"/>
  <node id="8984490816" lat="34.0317397" lon="-6.8232608" version="2" timestamp="2021-08-06T03:13:26Z" changeset="109229396" uid="13744382" user="imel15"/>
  <node id="8984503317" lat="34.0314719" lon="-6.8231240" version="2" timestamp="2021-08-06T03:13:26Z" changeset="109229396" uid="13744382" user="imel15"/>
  <node id="8984503318" lat="34.0313941" lon="-6.8233238" version="2" timestamp="2021-08-06T03:13:26Z" changeset="109229396" uid="13744382" user="imel15"/>
  <node id="8984503319" lat="34.0316897" lon="-6.8234968" version="2" timestamp="2021-08-06T03:13:26Z" changeset="109229396" uid="13744382" user="imel15"/>
  <node id="8984503320" lat="34.0316864" lon="-6.8228826" version="1" timestamp="2021-08-06T02:06:28Z" changeset="109228289" uid="13744382" user="imel15"/>
  <node id="8984503321" lat="34.0316597" lon="-6.8229108" version="1" timestamp="2021-08-06T02:06:28Z" changeset="109228289" uid="13744382" user="imel15"/>
  <node id="8984503322" lat="34.0316019" lon="-6.8228665" version="1" timestamp="2021-08-06T02:06:28Z" changeset="109228289" uid="13744382" user="imel15"/>
  <node id="8984503323" lat="34.0316163" lon="-6.8228263" version="1" timestamp="2021-08-06T02:06:28Z" changeset="109228289" uid="13744382" user="imel15"/>
  <node id="8984503324" lat="34.0315530" lon="-6.8227927" version="1" timestamp="2021-08-06T02:06:28Z" changeset="109228289" uid="13744382" user="imel15"/>
  <node id="8984503325" lat="34.0314785" lon="-6.8229859" version="1" timestamp="2021-08-06T02:06:28Z" changeset="109228289" uid="13744382" user="imel15"/>
  <node id="8984503326" lat="34.0315452" lon="-6.8230288" version="1" timestamp="2021-08-06T02:06:28Z" changeset="109228289" uid="13744382" user="imel15"/>
  <node id="8984503327" lat="34.0315730" lon="-6.8229564" version="2" timestamp="2021-08-06T03:13:26Z" changeset="109229396" uid="13744382" user="imel15"/>
  <node id="8984503328" lat="34.0316274" lon="-6.8229952" version="2" timestamp="2021-08-06T03:13:26Z" changeset="109229396" uid="13744382" user="imel15"/>
  <node id="8984503329" lat="34.0316019" lon="-6.8230610" version="1" timestamp="2021-08-06T02:06:28Z" changeset="109228289" uid="13744382" user="imel15"/>
  <node id="8984503330" lat="34.0316808" lon="-6.8231066" version="1" timestamp="2021-08-06T02:06:28Z" changeset="109228289" uid="13744382" user="imel15"/>
  <node id="8984503331" lat="34.0317286" lon="-6.8229845" version="1" timestamp="2021-08-06T02:06:28Z" changeset="109228289" uid="13744382" user="imel15"/>
  <node id="8984503332" lat="34.0317030" lon="-6.8229684" version="1" timestamp="2021-08-06T02:06:28Z" changeset="109228289" uid="13744382" user="imel15"/>
  <node id="8984503333" lat="34.0317330" lon="-6.8229094" version="1" timestamp="2021-08-06T02:06:28Z" changeset="109228289" uid="13744382" user="imel15"/>
  <node id="8984503334" lat="34.0322655" lon="-6.8228847" version="2" timestamp="2021-08-25T15:24:25Z" changeset="110239559" uid="1497225" user="kartonage"/>
  <node id="8984503335" lat="34.0324363" lon="-6.8228773" version="2" timestamp="2021-08-25T15:24:25Z" changeset="110239559" uid="1497225" user="kartonage"/>
  <node id="8984503336" lat="34.0324253" lon="-6.8227315" version="1" timestamp="2021-08-06T02:06:28Z" changeset="109228289" uid="13744382" user="imel15"/>
  <node id="8984503337" lat="34.0322654" lon="-6.8227378" version="1" timestamp="2021-08-06T02:06:28Z" changeset="109228289" uid="13744382" user="imel15"/>
  <node id="8984503338" lat="34.0324699" lon="-6.8227297" version="1" timestamp="2021-08-06T02:06:28Z" changeset="109228289" uid="13744382" user="imel15"/>
  <node id="8984503339" lat="34.0322765" lon="-6.8225822" version="1" timestamp="2021-08-06T02:06:28Z" changeset="109228289" uid="13744382" user="imel15"/>
  <node id="8984503340" lat="34.0322943" lon="-6.8224856" version="1" timestamp="2021-08-06T02:06:28Z" changeset="109228289" uid="13744382" user="imel15"/>
  <node id="8984503342" lat="34.0324521" lon="-6.8224561" version="1" timestamp="2021-08-06T02:06:28Z" changeset="109228289" uid="13744382" user="imel15"/>
  <node id="8984503343" lat="34.0324543" lon="-6.8225849" version="1" timestamp="2021-08-06T02:06:28Z" changeset="109228289" uid="13744382" user="imel15"/>
  <node id="8984508042" lat="34.0315685" lon="-6.8231696" version="1" timestamp="2021-08-06T03:13:26Z" changeset="109229396" uid="13744382" user="imel15"/>
  <node id="8984508043" lat="34.0315230" lon="-6.8232782" version="1" timestamp="2021-08-06T03:13:26Z" changeset="109229396" uid="13744382" user="imel15"/>
  <node id="8984508044" lat="34.0316308" lon="-6.8232031" version="1" timestamp="2021-08-06T03:13:26Z" changeset="109229396" uid="13744382" user="imel15"/>
  <node id="8984508045" lat="34.0315874" lon="-6.8233131" version="1" timestamp="2021-08-06T03:13:26Z" changeset="109229396" uid="13744382" user="imel15"/>
  <node id="8984508046" lat="34.0316041" lon="-6.8241124" version="1" timestamp="2021-08-06T03:13:26Z" changeset="109229396" uid="13744382" user="imel15"/>
  <node id="8984508047" lat="34.0315374" lon="-6.8240789" version="1" timestamp="2021-08-06T03:13:26Z" changeset="109229396" uid="13744382" user="imel15"/>
  <node id="8984508048" lat="34.0314696" lon="-6.8240467" version="1" timestamp="2021-08-06T03:13:26Z" changeset="109229396" uid="13744382" user="imel15"/>
  <node id="8984508049" lat="34.0315152" lon="-6.8239139" version="2" timestamp="2021-08-06T03:16:56Z" changeset="109229498" uid="13744382" user="imel15"/>
  <node id="8984508050" lat="34.0315863" lon="-6.8239447" version="1" timestamp="2021-08-06T03:13:26Z" changeset="109229396" uid="13744382" user="imel15"/>
  <node id="8984508051" lat="34.0316363" lon="-6.8240373" version="1" timestamp="2021-08-06T03:13:26Z" changeset="109229396" uid="13744382" user="imel15"/>
  <node id="8984508062" lat="34.0316686" lon="-6.8243980" version="1" timestamp="2021-08-06T03:13:26Z" changeset="109229396" uid="13744382" user="imel15"/>
  <node id="8984508063" lat="34.0316019" lon="-6.8243699" version="1" timestamp="2021-08-06T03:13:26Z" changeset="109229396" uid="13744382" user="imel15"/>
  <node id="8984508064" lat="34.0315885" lon="-6.8243927" version="1" timestamp="2021-08-06T03:13:26Z" changeset="109229396" uid="13744382" user="imel15"/>
  <node id="8984508065" lat="34.0315141" lon="-6.8243511" version="1" timestamp="2021-08-06T03:13:26Z" changeset="109229396" uid="13744382" user="imel15"/>
  <node id="8984508066" lat="34.0315597" lon="-6.8242264" version="2" timestamp="2021-08-06T03:16:56Z" changeset="109229498" uid="13744382" user="imel15"/>
  <node id="8984508067" lat="34.0316352" lon="-6.8242680" version="1" timestamp="2021-08-06T03:13:26Z" changeset="109229396" uid="13744382" user="imel15"/>
  <node id="8984508068" lat="34.0316297" lon="-6.8242800" version="1" timestamp="2021-08-06T03:13:26Z" changeset="109229396" uid="13744382" user="imel15"/>
  <node id="8984508069" lat="34.0316997" lon="-6.8243203" version="1" timestamp="2021-08-06T03:13:26Z" changeset="109229396" uid="13744382" user="imel15"/>
  <node id="8984511536" lat="34.0315663" lon="-6.8237744" version="1" timestamp="2021-08-06T02:51:20Z" changeset="109229031" uid="13744382" user="imel15"/>
  <node id="8984511537" lat="34.0316008" lon="-6.8236846" version="1" timestamp="2021-08-06T02:51:20Z" changeset="109229031" uid="13744382" user="imel15"/>
  <node id="8984511538" lat="34.0315296" lon="-6.8236537" version="1" timestamp="2021-08-06T02:51:20Z" changeset="109229031" uid="13744382" user="imel15"/>
  <node id="8984511539" lat="34.0315141" lon="-6.8236806" version="1" timestamp="2021-08-06T02:51:20Z" changeset="109229031" uid="13744382" user="imel15"/>
  <node id="8984511540" lat="34.0314485" lon="-6.8236430" version="1" timestamp="2021-08-06T02:51:20Z" changeset="109229031" uid="13744382" user="imel15"/>
  <node id="8984511541" lat="34.0315096" lon="-6.8235102" version="1" timestamp="2021-08-06T02:51:20Z" changeset="109229031" uid="13744382" user="imel15"/>
  <node id="8984511542" lat="34.0315808" lon="-6.8235424" version="1" timestamp="2021-08-06T02:51:20Z" changeset="109229031" uid="13744382" user="imel15"/>
  <node id="8984511543" lat="34.0315685" lon="-6.8235746" version="1" timestamp="2021-08-06T02:51:20Z" changeset="109229031" uid="13744382" user="imel15"/>
  <node id="8984511544" lat="34.0316408" lon="-6.8236054" version="1" timestamp="2021-08-06T02:51:20Z" changeset="109229031" uid="13744382" user="imel15"/>
  <node id="8984511545" lat="34.0316541" lon="-6.8235652" version="1" timestamp="2021-08-06T02:51:20Z" changeset="109229031" uid="13744382" user="imel15"/>
  <node id="8984511546" lat="34.0317564" lon="-6.8236269" version="1" timestamp="2021-08-06T02:51:20Z" changeset="109229031" uid="13744382" user="imel15"/>
  <node id="8984511547" lat="34.0316719" lon="-6.8238348" version="1" timestamp="2021-08-06T02:51:20Z" changeset="109229031" uid="13744382" user="imel15"/>
  <node id="8984532390" lat="34.0314557" lon="-6.8236273" version="1" timestamp="2021-08-06T02:52:24Z" changeset="109229064" uid="13744382" user="imel15"/>
  <node id="8984577525" lat="34.0315738" lon="-6.8239989" version="2" timestamp="2021-08-06T03:13:26Z" changeset="109229396" uid="13744382" user="imel15"/>
  <node id="8985838642" lat="34.0317119" lon="-6.8249747" version="1" timestamp="2021-08-06T13:25:26Z" changeset="109263113" uid="13744382" user="imel15"/>
  <node id="8985838643" lat="34.0317008" lon="-6.8250096" version="1" timestamp="2021-08-06T13:25:26Z" changeset="109263113" uid="13744382" user="imel15"/>
  <node id="8985838644" lat="34.0317534" lon="-6.8250332" version="1" timestamp="2021-08-06T13:25:26Z" changeset="109263113" uid="13744382" user="imel15"/>
  <node id="8985838645" lat="34.0317208" lon="-6.8251155" version="1" timestamp="2021-08-06T13:25:26Z" changeset="109263113" uid="13744382" user="imel15"/>
  <node id="8985838646" lat="34.0316697" lon="-6.8250820" version="1" timestamp="2021-08-06T13:25:26Z" changeset="109263113" uid="13744382" user="imel15"/>
  <node id="8985838647" lat="34.0316586" lon="-6.8251061" version="1" timestamp="2021-08-06T13:25:26Z" changeset="109263113" uid="13744382" user="imel15"/>
  <node id="8985838648" lat="34.0315830" lon="-6.8250713" version="1" timestamp="2021-08-06T13:25:26Z" changeset="109263113" uid="13744382" user="imel15"/>
  <node id="8985838649" lat="34.0316452" lon="-6.8249345" version="1" timestamp="2021-08-06T13:25:26Z" changeset="109263113" uid="13744382" user="imel15"/>
  <node id="8985838658" lat="34.0316563" lon="-6.8246636" version="1" timestamp="2021-08-06T13:25:26Z" changeset="109263113" uid="13744382" user="imel15"/>
  <node id="8985838659" lat="34.0316274" lon="-6.8247172" version="1" timestamp="2021-08-06T13:25:26Z" changeset="109263113" uid="13744382" user="imel15"/>
  <node id="8985838660" lat="34.0317013" lon="-6.8247524" version="1" timestamp="2021-08-06T13:25:26Z" changeset="109263113" uid="13744382" user="imel15"/>
  <node id="8985838661" lat="34.0315319" lon="-6.8247548" version="1" timestamp="2021-08-06T13:25:26Z" changeset="109263113" uid="13744382" user="imel15"/>
  <node id="8985838662" lat="34.0315830" lon="-6.8246260" version="1" timestamp="2021-08-06T13:25:26Z" changeset="109263113" uid="13744382" user="imel15"/>
  <node id="8985858211" lat="34.0316339" lon="-6.8258422" version="2" timestamp="2023-08-24T09:44:00Z" changeset="140313272" uid="18370762" user="Sofie2016"/>
  <node id="8985858212" lat="34.0317028" lon="-6.8258798" version="2" timestamp="2023-08-24T09:44:00Z" changeset="140313272" uid="18370762" user="Sofie2016"/>
  <node id="8985858213" lat="34.0317306" lon="-6.8258100" version="2" timestamp="2023-08-24T09:44:00Z" changeset="140313272" uid="18370762" user="Sofie2016"/>
  <node id="8985858214" lat="34.0318032" lon="-6.8258739" version="2" timestamp="2023-08-24T09:44:00Z" changeset="140313272" uid="18370762" user="Sofie2016"/>
  <node id="8985858215" lat="34.0318371" lon="-6.8257890" version="2" timestamp="2023-08-24T09:44:00Z" changeset="140313272" uid="18370762" user="Sofie2016"/>
  <node id="8985858216" lat="34.0317049" lon="-6.8256847" version="2" timestamp="2023-08-24T09:44:00Z" changeset="140313272" uid="18370762" user="Sofie2016"/>
  <node id="8985864117" lat="34.0314986" lon="-6.8257403" version="2" timestamp="2023-08-24T09:44:00Z" changeset="140313272" uid="18370762" user="Sofie2016"/>
  <node id="8985864118" lat="34.0315720" lon="-6.8257886" version="2" timestamp="2023-08-24T09:44:00Z" changeset="140313272" uid="18370762" user="Sofie2016"/>
  <node id="8985864119" lat="34.0316042" lon="-6.8257028" version="2" timestamp="2023-08-24T09:44:00Z" changeset="140313272" uid="18370762" user="Sofie2016"/>
  <node id="8985864120" lat="34.0316742" lon="-6.8257390" version="2" timestamp="2023-08-24T09:44:00Z" changeset="140313272" uid="18370762" user="Sofie2016"/>
  <node id="8985864121" lat="34.0317009" lon="-6.8256719" version="2" timestamp="2023-08-24T09:44:00Z" changeset="140313272" uid="18370762" user="Sofie2016"/>
  <node id="8985864122" lat="34.0315553" lon="-6.8255915" version="2" timestamp="2023-08-24T09:44:00Z" changeset="140313272" uid="18370762" user="Sofie2016"/>
  <node id="8985864129" lat="34.0313890" lon="-6.8253512" version="2" timestamp="2021-08-09T08:42:13Z" changeset="109389287" uid="13409046" user="Green_Panther"/>
  <node id="8985864130" lat="34.0314367" lon="-6.8252304" version="2" timestamp="2021-08-09T08:42:13Z" changeset="109389287" uid="13409046" user="Green_Panther"/>
  <node id="8985864131" lat="34.0315119" lon="-6.8252550" version="1" timestamp="2021-08-06T13:38:14Z" changeset="109263719" uid="13744382" user="imel15"/>
  <node id="8985864132" lat="34.0314941" lon="-6.8253060" version="1" timestamp="2021-08-06T13:38:14Z" changeset="109263719" uid="13744382" user="imel15"/>
  <node id="8985864133" lat="34.0315574" lon="-6.8253449" version="1" timestamp="2021-08-06T13:38:14Z" changeset="109263719" uid="13744382" user="imel15"/>
  <node id="8985864134" lat="34.0315874" lon="-6.8253100" version="1" timestamp="2021-08-06T13:38:14Z" changeset="109263719" uid="13744382" user="imel15"/>
  <node id="8985864135" lat="34.0317141" lon="-6.8253784" version="1" timestamp="2021-08-06T13:38:14Z" changeset="109263719" uid="13744382" user="imel15"/>
  <node id="8985864136" lat="34.0316919" lon="-6.8254307" version="1" timestamp="2021-08-06T13:38:14Z" changeset="109263719" uid="13744382" user="imel15"/>
  <node id="8985864137" lat="34.0317630" lon="-6.8254596" version="1" timestamp="2021-08-06T13:38:14Z" changeset="109263719" uid="13744382" user="imel15"/>
  <node id="8985864138" lat="34.0315986" lon="-6.8254682" version="1" timestamp="2021-08-06T13:38:14Z" changeset="109263719" uid="13744382" user="imel15"/>
  <node id="8985864139" lat="34.0316419" lon="-6.8253435" version="1" timestamp="2021-08-06T13:38:14Z" changeset="109263719" uid="13744382" user="imel15"/>
  <node id="8985953162" lat="34.0317830" lon="-6.8260758" version="1" timestamp="2021-08-06T14:34:31Z" changeset="109266557" uid="13744382" user="imel15"/>
  <node id="8985953163" lat="34.0317553" lon="-6.8261361" version="1" timestamp="2021-08-06T14:34:31Z" changeset="109266557" uid="13744382" user="imel15"/>
  <node id="8985953164" lat="34.0318226" lon="-6.8261754" version="1" timestamp="2021-08-06T14:34:31Z" changeset="109266557" uid="13744382" user="imel15"/>
  <node id="8985953165" lat="34.0316530" lon="-6.8261884" version="1" timestamp="2021-08-06T14:34:31Z" changeset="109266557" uid="13744382" user="imel15"/>
  <node id="8985953166" lat="34.0317153" lon="-6.8260369" version="1" timestamp="2021-08-06T14:34:31Z" changeset="109266557" uid="13744382" user="imel15"/>
  <node id="8990698915" lat="34.0348164" lon="-6.8195935" version="2" timestamp="2021-08-22T22:23:15Z" changeset="110080873" uid="13744382" user="imel15"/>
  <node id="8991479879" lat="34.0338681" lon="-6.8218929" version="2" timestamp="2023-05-18T07:46:21Z" changeset="136241103" uid="454932" user="Cyrille37"/>
  <node id="8991479880" lat="34.0337484" lon="-6.8220281" version="3" timestamp="2024-04-28T12:55:56Z" changeset="150617456" uid="9945354" user="salma_z"/>
  <node id="8991479881" lat="34.0339324" lon="-6.8222321" version="3" timestamp="2024-04-28T12:55:56Z" changeset="150617456" uid="9945354" user="salma_z"/>
  <node id="8991479882" lat="34.0338402" lon="-6.8221268" version="3" timestamp="2024-04-28T12:55:56Z" changeset="150617456" uid="9945354" user="salma_z"/>
  <node id="8991479883" lat="34.0339558" lon="-6.8219955" version="2" timestamp="2023-05-18T07:46:21Z" changeset="136241103" uid="454932" user="Cyrille37"/>
  <node id="8991479884" lat="34.0340448" lon="-6.8220927" version="2" timestamp="2023-05-18T07:46:21Z" changeset="136241103" uid="454932" user="Cyrille37"/>
  <node id="8991479885" lat="34.0343474" lon="-6.8222161" version="2" timestamp="2023-05-17T21:10:17Z" changeset="136229283" uid="454932" user="Cyrille37"/>
  <node id="8991479886" lat="34.0342528" lon="-6.8221042" version="2" timestamp="2023-05-17T21:10:17Z" changeset="136229283" uid="454932" user="Cyrille37"/>
  <node id="8991479887" lat="34.0341783" lon="-6.8221959" version="2" timestamp="2023-05-17T21:10:17Z" changeset="136229283" uid="454932" user="Cyrille37"/>
  <node id="8991479888" lat="34.0342729" lon="-6.8223078" version="2" timestamp="2023-05-17T21:10:17Z" changeset="136229283" uid="454932" user="Cyrille37"/>
  <node id="8991479900" lat="34.0347921" lon="-6.8233084" version="3" timestamp="2024-04-28T12:55:56Z" changeset="150617456" uid="9945354" user="salma_z"/>
  <node id="8991479905" lat="34.0345304" lon="-6.8229244" version="4" timestamp="2024-04-28T12:55:56Z" changeset="150617456" uid="9945354" user="salma_z"/>
  <node id="8991479906" lat="34.0343139" lon="-6.8226530" version="5" timestamp="2024-04-28T12:55:56Z" changeset="150617456" uid="9945354" user="salma_z"/>
  <node id="8991479907" lat="34.0344070" lon="-6.8225366" version="2" timestamp="2023-05-17T21:10:17Z" changeset="136229283" uid="454932" user="Cyrille37"/>
  <node id="8991479908" lat="34.0344053" lon="-6.8227504" version="3" timestamp="2024-04-28T12:55:56Z" changeset="150617456" uid="9945354" user="salma_z"/>
  <node id="8991479909" lat="34.0344915" lon="-6.8226385" version="2" timestamp="2023-05-17T21:10:17Z" changeset="136229283" uid="454932" user="Cyrille37"/>
  <node id="8991479911" lat="34.0344816" lon="-6.8228514" version="4" timestamp="2024-04-28T12:55:56Z" changeset="150617456" uid="9945354" user="salma_z"/>
  <node id="8991479912" lat="34.0331101" lon="-6.8219639" version="1" timestamp="2021-08-09T00:15:34Z" changeset="109368349" uid="13744382" user="imel15"/>
  <node id="8991479913" lat="34.0332134" lon="-6.8218620" version="1" timestamp="2021-08-09T00:15:34Z" changeset="109368349" uid="13744382" user="imel15"/>
  <node id="8991479914" lat="34.0332912" lon="-6.8219613" version="1" timestamp="2021-08-09T00:15:34Z" changeset="109368349" uid="13744382" user="imel15"/>
  <node id="8991479915" lat="34.0332001" lon="-6.8220712" version="1" timestamp="2021-08-09T00:15:34Z" changeset="109368349" uid="13744382" user="imel15"/>
  <node id="8991479916" lat="34.0332601" lon="-6.8221745" version="1" timestamp="2021-08-09T00:15:34Z" changeset="109368349" uid="13744382" user="imel15"/>
  <node id="8991509417" lat="34.0332590" lon="-6.8220672" version="1" timestamp="2021-08-09T00:15:34Z" changeset="109368349" uid="13744382" user="imel15"/>
  <node id="8991509418" lat="34.0333701" lon="-6.8220578" version="1" timestamp="2021-08-09T00:15:34Z" changeset="109368349" uid="13744382" user="imel15"/>
  <node id="8991509419" lat="34.0333757" lon="-6.8221021" version="1" timestamp="2021-08-09T00:15:34Z" changeset="109368349" uid="13744382" user="imel15"/>
  <node id="8991509420" lat="34.0334035" lon="-6.8221021" version="1" timestamp="2021-08-09T00:15:34Z" changeset="109368349" uid="13744382" user="imel15"/>
  <node id="8991509421" lat="34.0334024" lon="-6.8221557" version="1" timestamp="2021-08-09T00:15:34Z" changeset="109368349" uid="13744382" user="imel15"/>
  <node id="8991509426" lat="34.0329178" lon="-6.8218352" version="1" timestamp="2021-08-09T00:15:34Z" changeset="109368349" uid="13744382" user="imel15"/>
  <node id="8991509427" lat="34.0330656" lon="-6.8219975" version="1" timestamp="2021-08-09T00:15:34Z" changeset="109368349" uid="13744382" user="imel15"/>
  <node id="8991509428" lat="34.0329256" lon="-6.8221450" version="1" timestamp="2021-08-09T00:15:34Z" changeset="109368349" uid="13744382" user="imel15"/>
  <node id="8991509429" lat="34.0329222" lon="-6.8219908" version="1" timestamp="2021-08-09T00:15:34Z" changeset="109368349" uid="13744382" user="imel15"/>
  <node id="8991509430" lat="34.0330467" lon="-6.8219854" version="1" timestamp="2021-08-09T00:15:34Z" changeset="109368349" uid="13744382" user="imel15"/>
  <node id="8991509431" lat="34.0330256" lon="-6.8221799" version="1" timestamp="2021-08-09T00:15:34Z" changeset="109368349" uid="13744382" user="imel15"/>
  <node id="8991509432" lat="34.0330234" lon="-6.8221463" version="1" timestamp="2021-08-09T00:15:34Z" changeset="109368349" uid="13744382" user="imel15"/>
  <node id="8991509433" lat="34.0331012" lon="-6.8220457" version="1" timestamp="2021-08-09T00:15:34Z" changeset="109368349" uid="13744382" user="imel15"/>
  <node id="8991509434" lat="34.0331745" lon="-6.8221383" version="1" timestamp="2021-08-09T00:15:34Z" changeset="109368349" uid="13744382" user="imel15"/>
  <node id="8991509435" lat="34.0331734" lon="-6.8221785" version="1" timestamp="2021-08-09T00:15:34Z" changeset="109368349" uid="13744382" user="imel15"/>
  <node id="8991509436" lat="34.0344054" lon="-6.8250351" version="1" timestamp="2021-08-09T00:15:34Z" changeset="109368349" uid="13744382" user="imel15"/>
  <node id="8991509437" lat="34.0343737" lon="-6.8249848" version="1" timestamp="2021-08-09T00:15:34Z" changeset="109368349" uid="13744382" user="imel15"/>
  <node id="8991509438" lat="34.0343315" lon="-6.8250304" version="1" timestamp="2021-08-09T00:15:34Z" changeset="109368349" uid="13744382" user="imel15"/>
  <node id="8991509439" lat="34.0342848" lon="-6.8249479" version="1" timestamp="2021-08-09T00:15:34Z" changeset="109368349" uid="13744382" user="imel15"/>
  <node id="8991509440" lat="34.0343665" lon="-6.8248634" version="1" timestamp="2021-08-09T00:15:34Z" changeset="109368349" uid="13744382" user="imel15"/>
  <node id="8991509441" lat="34.0343943" lon="-6.8248976" version="1" timestamp="2021-08-09T00:15:34Z" changeset="109368349" uid="13744382" user="imel15"/>
  <node id="8991509442" lat="34.0344176" lon="-6.8248735" version="1" timestamp="2021-08-09T00:15:34Z" changeset="109368349" uid="13744382" user="imel15"/>
  <node id="8991509443" lat="34.0344726" lon="-6.8249546" version="1" timestamp="2021-08-09T00:15:34Z" changeset="109368349" uid="13744382" user="imel15"/>
  <node id="8991509444" lat="34.0345326" lon="-6.8242251" version="2" timestamp="2024-04-29T14:07:26Z" changeset="150665557" uid="9945354" user="salma_z"/>
  <node id="8991509445" lat="34.0344470" lon="-6.8242988" version="2" timestamp="2024-04-29T14:07:26Z" changeset="150665557" uid="9945354" user="salma_z"/>
  <node id="8991509446" lat="34.0343559" lon="-6.8241440" version="2" timestamp="2024-04-29T14:07:26Z" changeset="150665557" uid="9945354" user="salma_z"/>
  <node id="8991509447" lat="34.0344398" lon="-6.8240668" version="2" timestamp="2024-04-29T14:07:26Z" changeset="150665557" uid="9945354" user="salma_z"/>
  <node id="8991509449" lat="34.0343044" lon="-6.8235238" version="3" timestamp="2024-04-29T14:07:26Z" changeset="150665557" uid="9945354" user="salma_z"/>
  <node id="8991509450" lat="34.0343846" lon="-6.8235203" version="3" timestamp="2024-04-29T14:07:26Z" changeset="150665557" uid="9945354" user="salma_z"/>
  <node id="8991509451" lat="34.0343904" lon="-6.8237150" version="3" timestamp="2024-04-29T14:07:26Z" changeset="150665557" uid="9945354" user="salma_z"/>
  <node id="8991509452" lat="34.0344543" lon="-6.8234960" version="4" timestamp="2024-04-30T08:28:09Z" changeset="150695154" uid="9945354" user="salma_z"/>
  <node id="8991509453" lat="34.0344327" lon="-6.8234677" version="4" timestamp="2024-04-30T08:28:09Z" changeset="150695154" uid="9945354" user="salma_z"/>
  <node id="8991509454" lat="34.0343889" lon="-6.8235161" version="4" timestamp="2024-04-30T08:28:09Z" changeset="150695154" uid="9945354" user="salma_z"/>
  <node id="8991509455" lat="34.0343409" lon="-6.8234530" version="4" timestamp="2024-04-30T08:28:09Z" changeset="150695154" uid="9945354" user="salma_z"/>
  <node id="8991509456" lat="34.0343723" lon="-6.8234182" version="4" timestamp="2024-04-30T08:28:09Z" changeset="150695154" uid="9945354" user="salma_z"/>
  <node id="8991509457" lat="34.0343411" lon="-6.8233771" version="4" timestamp="2024-04-30T08:28:09Z" changeset="150695154" uid="9945354" user="salma_z"/>
  <node id="8991509458" lat="34.0343862" lon="-6.8233270" version="4" timestamp="2024-04-30T08:28:09Z" changeset="150695154" uid="9945354" user="salma_z"/>
  <node id="8991509459" lat="34.0344820" lon="-6.8234652" version="4" timestamp="2024-04-30T08:28:09Z" changeset="150695154" uid="9945354" user="salma_z"/>
  <node id="8991509460" lat="34.0341331" lon="-6.8231173" version="3" timestamp="2024-04-29T14:07:26Z" changeset="150665557" uid="9945354" user="salma_z"/>
  <node id="8991509461" lat="34.0341425" lon="-6.8230945" version="3" timestamp="2024-04-29T14:07:26Z" changeset="150665557" uid="9945354" user="salma_z"/>
  <node id="8991509462" lat="34.0341759" lon="-6.8230938" version="3" timestamp="2024-04-29T14:07:26Z" changeset="150665557" uid="9945354" user="salma_z"/>
  <node id="8991509463" lat="34.0342937" lon="-6.8232366" version="3" timestamp="2024-04-29T14:07:26Z" changeset="150665557" uid="9945354" user="salma_z"/>
  <node id="8991509464" lat="34.0342487" lon="-6.8232903" version="3" timestamp="2024-04-29T14:07:26Z" changeset="150665557" uid="9945354" user="salma_z"/>
  <node id="8991509465" lat="34.0341359" lon="-6.8233231" version="3" timestamp="2024-04-29T14:07:26Z" changeset="150665557" uid="9945354" user="salma_z"/>
  <node id="8991509466" lat="34.0342470" lon="-6.8233211" version="3" timestamp="2024-04-29T14:07:26Z" changeset="150665557" uid="9945354" user="salma_z"/>
  <node id="8991509468" lat="34.0341505" lon="-6.8234136" version="5" timestamp="2024-04-30T08:28:09Z" changeset="150695154" uid="9945354" user="salma_z"/>
  <node id="8991509469" lat="34.0342607" lon="-6.8234112" version="4" timestamp="2024-04-29T14:07:26Z" changeset="150665557" uid="9945354" user="salma_z"/>
  <node id="8991509470" lat="34.0342599" lon="-6.8234937" version="5" timestamp="2024-04-30T08:28:09Z" changeset="150695154" uid="9945354" user="salma_z"/>
  <node id="8991509471" lat="34.0338725" lon="-6.8248098" version="1" timestamp="2021-08-09T00:15:34Z" changeset="109368349" uid="13744382" user="imel15"/>
  <node id="8991509472" lat="34.0338025" lon="-6.8248741" version="1" timestamp="2021-08-09T00:15:34Z" changeset="109368349" uid="13744382" user="imel15"/>
  <node id="8991509473" lat="34.0337658" lon="-6.8248688" version="1" timestamp="2021-08-09T00:15:34Z" changeset="109368349" uid="13744382" user="imel15"/>
  <node id="8991509474" lat="34.0337591" lon="-6.8247427" version="1" timestamp="2021-08-09T00:15:34Z" changeset="109368349" uid="13744382" user="imel15"/>
  <node id="8991509475" lat="34.0337758" lon="-6.8247400" version="1" timestamp="2021-08-09T00:15:34Z" changeset="109368349" uid="13744382" user="imel15"/>
  <node id="8991509476" lat="34.0337758" lon="-6.8246998" version="1" timestamp="2021-08-09T00:15:34Z" changeset="109368349" uid="13744382" user="imel15"/>
  <node id="8991509477" lat="34.0339025" lon="-6.8247038" version="1" timestamp="2021-08-09T00:15:34Z" changeset="109368349" uid="13744382" user="imel15"/>
  <node id="8991509478" lat="34.0339047" lon="-6.8247816" version="1" timestamp="2021-08-09T00:15:34Z" changeset="109368349" uid="13744382" user="imel15"/>
  <node id="8991509479" lat="34.0337780" lon="-6.8244906" version="1" timestamp="2021-08-09T00:15:34Z" changeset="109368349" uid="13744382" user="imel15"/>
  <node id="8991509480" lat="34.0337802" lon="-6.8245737" version="1" timestamp="2021-08-09T00:15:34Z" changeset="109368349" uid="13744382" user="imel15"/>
  <node id="8991509481" lat="34.0337658" lon="-6.8245737" version="1" timestamp="2021-08-09T00:15:34Z" changeset="109368349" uid="13744382" user="imel15"/>
  <node id="8991509482" lat="34.0337658" lon="-6.8246005" version="1" timestamp="2021-08-09T00:15:34Z" changeset="109368349" uid="13744382" user="imel15"/>
  <node id="8991509483" lat="34.0338025" lon="-6.8246005" version="1" timestamp="2021-08-09T00:15:34Z" changeset="109368349" uid="13744382" user="imel15"/>
  <node id="8991509484" lat="34.0338036" lon="-6.8246153" version="1" timestamp="2021-08-09T00:15:34Z" changeset="109368349" uid="13744382" user="imel15"/>
  <node id="8991509485" lat="34.0339103" lon="-6.8246099" version="1" timestamp="2021-08-09T00:15:34Z" changeset="109368349" uid="13744382" user="imel15"/>
  <node id="8991509486" lat="34.0339091" lon="-6.8244892" version="1" timestamp="2021-08-09T00:15:34Z" changeset="109368349" uid="13744382" user="imel15"/>
  <node id="8991509487" lat="34.0337824" lon="-6.8242814" version="1" timestamp="2021-08-09T00:15:34Z" changeset="109368349" uid="13744382" user="imel15"/>
  <node id="8991509488" lat="34.0337791" lon="-6.8240909" version="1" timestamp="2021-08-09T00:15:34Z" changeset="109368349" uid="13744382" user="imel15"/>
  <node id="8991509489" lat="34.0338269" lon="-6.8240534" version="1" timestamp="2021-08-09T00:15:34Z" changeset="109368349" uid="13744382" user="imel15"/>
  <node id="8991509490" lat="34.0339025" lon="-6.8240547" version="1" timestamp="2021-08-09T00:15:34Z" changeset="109368349" uid="13744382" user="imel15"/>
  <node id="8991509491" lat="34.0339036" lon="-6.8242854" version="1" timestamp="2021-08-09T00:15:34Z" changeset="109368349" uid="13744382" user="imel15"/>
  <node id="8991509492" lat="34.0339847" lon="-6.8246046" version="1" timestamp="2021-08-09T00:15:34Z" changeset="109368349" uid="13744382" user="imel15"/>
  <node id="8991509493" lat="34.0339825" lon="-6.8244664" version="1" timestamp="2021-08-09T00:15:34Z" changeset="109368349" uid="13744382" user="imel15"/>
  <node id="8991509494" lat="34.0340947" lon="-6.8244718" version="1" timestamp="2021-08-09T00:15:34Z" changeset="109368349" uid="13744382" user="imel15"/>
  <node id="8991509495" lat="34.0340859" lon="-6.8246046" version="1" timestamp="2021-08-09T00:15:34Z" changeset="109368349" uid="13744382" user="imel15"/>
  <node id="8991509496" lat="34.0338402" lon="-6.8236524" version="1" timestamp="2021-08-09T00:15:34Z" changeset="109368349" uid="13744382" user="imel15"/>
  <node id="8991509497" lat="34.0338458" lon="-6.8237516" version="1" timestamp="2021-08-09T00:15:34Z" changeset="109368349" uid="13744382" user="imel15"/>
  <node id="8991509498" lat="34.0339480" lon="-6.8237449" version="1" timestamp="2021-08-09T00:15:34Z" changeset="109368349" uid="13744382" user="imel15"/>
  <node id="8991509499" lat="34.0339503" lon="-6.8237208" version="1" timestamp="2021-08-09T00:15:34Z" changeset="109368349" uid="13744382" user="imel15"/>
  <node id="8991509500" lat="34.0339680" lon="-6.8237208" version="1" timestamp="2021-08-09T00:15:34Z" changeset="109368349" uid="13744382" user="imel15"/>
  <node id="8991509501" lat="34.0339636" lon="-6.8236428" version="1" timestamp="2021-08-09T00:15:34Z" changeset="109368349" uid="13744382" user="imel15"/>
  <node id="8991509502" lat="34.0338658" lon="-6.8236417" version="1" timestamp="2021-08-09T00:15:34Z" changeset="109368349" uid="13744382" user="imel15"/>
  <node id="8991509503" lat="34.0338680" lon="-6.8235920" version="1" timestamp="2021-08-09T00:15:34Z" changeset="109368349" uid="13744382" user="imel15"/>
  <node id="8991509504" lat="34.0338480" lon="-6.8235880" version="1" timestamp="2021-08-09T00:15:34Z" changeset="109368349" uid="13744382" user="imel15"/>
  <node id="8991509505" lat="34.0338469" lon="-6.8235545" version="1" timestamp="2021-08-09T00:15:34Z" changeset="109368349" uid="13744382" user="imel15"/>
  <node id="8991509506" lat="34.0339781" lon="-6.8235330" version="1" timestamp="2021-08-09T00:15:34Z" changeset="109368349" uid="13744382" user="imel15"/>
  <node id="8991509507" lat="34.0339825" lon="-6.8236430" version="1" timestamp="2021-08-09T00:15:34Z" changeset="109368349" uid="13744382" user="imel15"/>
  <node id="8991509508" lat="34.0337713" lon="-6.8235545" version="1" timestamp="2021-08-09T00:15:34Z" changeset="109368349" uid="13744382" user="imel15"/>
  <node id="8991509509" lat="34.0337769" lon="-6.8237637" version="1" timestamp="2021-08-09T00:15:34Z" changeset="109368349" uid="13744382" user="imel15"/>
  <node id="8991509510" lat="34.0336902" lon="-6.8237664" version="1" timestamp="2021-08-09T00:15:34Z" changeset="109368349" uid="13744382" user="imel15"/>
  <node id="8991509511" lat="34.0336380" lon="-6.8237369" version="1" timestamp="2021-08-09T00:15:34Z" changeset="109368349" uid="13744382" user="imel15"/>
  <node id="8991509512" lat="34.0336380" lon="-6.8235545" version="1" timestamp="2021-08-09T00:15:34Z" changeset="109368349" uid="13744382" user="imel15"/>
  <node id="8991509513" lat="34.0336246" lon="-6.8227324" version="1" timestamp="2021-08-09T00:15:34Z" changeset="109368349" uid="13744382" user="imel15"/>
  <node id="8991509514" lat="34.0337047" lon="-6.8227351" version="1" timestamp="2021-08-09T00:15:34Z" changeset="109368349" uid="13744382" user="imel15"/>
  <node id="8991509515" lat="34.0337069" lon="-6.8227190" version="1" timestamp="2021-08-09T00:15:34Z" changeset="109368349" uid="13744382" user="imel15"/>
  <node id="8991509516" lat="34.0337569" lon="-6.8227163" version="1" timestamp="2021-08-09T00:15:34Z" changeset="109368349" uid="13744382" user="imel15"/>
  <node id="8991509517" lat="34.0337680" lon="-6.8229309" version="1" timestamp="2021-08-09T00:15:34Z" changeset="109368349" uid="13744382" user="imel15"/>
  <node id="8991509518" lat="34.0336291" lon="-6.8229376" version="1" timestamp="2021-08-09T00:15:34Z" changeset="109368349" uid="13744382" user="imel15"/>
  <node id="8991509519" lat="34.0336246" lon="-6.8228289" version="1" timestamp="2021-08-09T00:15:34Z" changeset="109368349" uid="13744382" user="imel15"/>
  <node id="8991509520" lat="34.0337602" lon="-6.8228222" version="1" timestamp="2021-08-09T00:15:34Z" changeset="109368349" uid="13744382" user="imel15"/>
  <node id="8991509521" lat="34.0337691" lon="-6.8234673" version="1" timestamp="2021-08-09T00:15:34Z" changeset="109368349" uid="13744382" user="imel15"/>
  <node id="8991509522" lat="34.0336713" lon="-6.8234660" version="1" timestamp="2021-08-09T00:15:34Z" changeset="109368349" uid="13744382" user="imel15"/>
  <node id="8991509523" lat="34.0336658" lon="-6.8235049" version="1" timestamp="2021-08-09T00:15:34Z" changeset="109368349" uid="13744382" user="imel15"/>
  <node id="8991509524" lat="34.0336457" lon="-6.8234982" version="1" timestamp="2021-08-09T00:15:34Z" changeset="109368349" uid="13744382" user="imel15"/>
  <node id="8991509525" lat="34.0336524" lon="-6.8232876" version="1" timestamp="2021-08-09T00:15:34Z" changeset="109368349" uid="13744382" user="imel15"/>
  <node id="8991509526" lat="34.0337713" lon="-6.8232769" version="1" timestamp="2021-08-09T00:15:34Z" changeset="109368349" uid="13744382" user="imel15"/>
  <node id="8991509527" lat="34.0339869" lon="-6.8234056" version="1" timestamp="2021-08-09T00:15:34Z" changeset="109368349" uid="13744382" user="imel15"/>
  <node id="8991509528" lat="34.0339625" lon="-6.8233989" version="1" timestamp="2021-08-09T00:15:34Z" changeset="109368349" uid="13744382" user="imel15"/>
  <node id="8991509529" lat="34.0339647" lon="-6.8234660" version="1" timestamp="2021-08-09T00:15:34Z" changeset="109368349" uid="13744382" user="imel15"/>
  <node id="8991509530" lat="34.0339047" lon="-6.8234646" version="1" timestamp="2021-08-09T00:15:34Z" changeset="109368349" uid="13744382" user="imel15"/>
  <node id="8991509531" lat="34.0339069" lon="-6.8234298" version="1" timestamp="2021-08-09T00:15:34Z" changeset="109368349" uid="13744382" user="imel15"/>
  <node id="8991509532" lat="34.0338714" lon="-6.8234284" version="1" timestamp="2021-08-09T00:15:34Z" changeset="109368349" uid="13744382" user="imel15"/>
  <node id="8991509533" lat="34.0338669" lon="-6.8233439" version="1" timestamp="2021-08-09T00:15:34Z" changeset="109368349" uid="13744382" user="imel15"/>
  <node id="8991509534" lat="34.0338480" lon="-6.8233399" version="1" timestamp="2021-08-09T00:15:34Z" changeset="109368349" uid="13744382" user="imel15"/>
  <node id="8991509535" lat="34.0338447" lon="-6.8232715" version="1" timestamp="2021-08-09T00:15:34Z" changeset="109368349" uid="13744382" user="imel15"/>
  <node id="8991509536" lat="34.0339792" lon="-6.8232715" version="1" timestamp="2021-08-09T00:15:34Z" changeset="109368349" uid="13744382" user="imel15"/>
  <node id="8991509537" lat="34.0339792" lon="-6.8231790" version="1" timestamp="2021-08-09T00:15:34Z" changeset="109368349" uid="13744382" user="imel15"/>
  <node id="8991509538" lat="34.0338436" lon="-6.8231910" version="1" timestamp="2021-08-09T00:15:34Z" changeset="109368349" uid="13744382" user="imel15"/>
  <node id="8991509539" lat="34.0338380" lon="-6.8230248" version="1" timestamp="2021-08-09T00:15:34Z" changeset="109368349" uid="13744382" user="imel15"/>
  <node id="8991509540" lat="34.0339714" lon="-6.8230087" version="1" timestamp="2021-08-09T00:15:34Z" changeset="109368349" uid="13744382" user="imel15"/>
  <node id="8991509541" lat="34.0338714" lon="-6.8227981" version="1" timestamp="2021-08-09T00:15:34Z" changeset="109368349" uid="13744382" user="imel15"/>
  <node id="8991509542" lat="34.0338714" lon="-6.8228625" version="1" timestamp="2021-08-09T00:15:34Z" changeset="109368349" uid="13744382" user="imel15"/>
  <node id="8991509543" lat="34.0338313" lon="-6.8228585" version="1" timestamp="2021-08-09T00:15:34Z" changeset="109368349" uid="13744382" user="imel15"/>
  <node id="8991509544" lat="34.0338291" lon="-6.8226841" version="1" timestamp="2021-08-09T00:15:34Z" changeset="109368349" uid="13744382" user="imel15"/>
  <node id="8991509545" lat="34.0338647" lon="-6.8226533" version="1" timestamp="2021-08-09T00:15:34Z" changeset="109368349" uid="13744382" user="imel15"/>
  <node id="8991509546" lat="34.0339758" lon="-6.8227994" version="1" timestamp="2021-08-09T00:15:34Z" changeset="109368349" uid="13744382" user="imel15"/>
  <node id="8991509547" lat="34.0330378" lon="-6.8225822" version="1" timestamp="2021-08-09T00:15:34Z" changeset="109368349" uid="13744382" user="imel15"/>
  <node id="8991509548" lat="34.0329389" lon="-6.8225876" version="1" timestamp="2021-08-09T00:15:34Z" changeset="109368349" uid="13744382" user="imel15"/>
  <node id="8991509549" lat="34.0329422" lon="-6.8224199" version="1" timestamp="2021-08-09T00:15:34Z" changeset="109368349" uid="13744382" user="imel15"/>
  <node id="8991509550" lat="34.0334357" lon="-6.8227351" version="1" timestamp="2021-08-09T00:15:34Z" changeset="109368349" uid="13744382" user="imel15"/>
  <node id="8991509551" lat="34.0334324" lon="-6.8227994" version="1" timestamp="2021-08-09T00:15:34Z" changeset="109368349" uid="13744382" user="imel15"/>
  <node id="8991509552" lat="34.0332456" lon="-6.8228035" version="1" timestamp="2021-08-09T00:15:34Z" changeset="109368349" uid="13744382" user="imel15"/>
  <node id="8991509553" lat="34.0332479" lon="-6.8226573" version="1" timestamp="2021-08-09T00:15:34Z" changeset="109368349" uid="13744382" user="imel15"/>
  <node id="8991509554" lat="34.0333968" lon="-6.8226479" version="1" timestamp="2021-08-09T00:15:34Z" changeset="109368349" uid="13744382" user="imel15"/>
  <node id="8991509555" lat="34.0334001" lon="-6.8226747" version="1" timestamp="2021-08-09T00:15:34Z" changeset="109368349" uid="13744382" user="imel15"/>
  <node id="8991509556" lat="34.0334168" lon="-6.8226747" version="1" timestamp="2021-08-09T00:15:34Z" changeset="109368349" uid="13744382" user="imel15"/>
  <node id="8991509557" lat="34.0334201" lon="-6.8227297" version="1" timestamp="2021-08-09T00:15:34Z" changeset="109368349" uid="13744382" user="imel15"/>
  <node id="8991509558" lat="34.0329411" lon="-6.8226640" version="1" timestamp="2021-08-09T00:15:34Z" changeset="109368349" uid="13744382" user="imel15"/>
  <node id="8991509559" lat="34.0329422" lon="-6.8228155" version="1" timestamp="2021-08-09T00:15:34Z" changeset="109368349" uid="13744382" user="imel15"/>
  <node id="8991509560" lat="34.0331201" lon="-6.8228021" version="1" timestamp="2021-08-09T00:15:34Z" changeset="109368349" uid="13744382" user="imel15"/>
  <node id="8991509561" lat="34.0331190" lon="-6.8226586" version="1" timestamp="2021-08-09T00:15:34Z" changeset="109368349" uid="13744382" user="imel15"/>
  <node id="8991509562" lat="34.0332657" lon="-6.8225594" version="1" timestamp="2021-08-09T00:15:34Z" changeset="109368349" uid="13744382" user="imel15"/>
  <node id="8991509563" lat="34.0332534" lon="-6.8224065" version="1" timestamp="2021-08-09T00:15:34Z" changeset="109368349" uid="13744382" user="imel15"/>
  <node id="8991509564" lat="34.0334235" lon="-6.8223958" version="1" timestamp="2021-08-09T00:15:34Z" changeset="109368349" uid="13744382" user="imel15"/>
  <node id="8991509565" lat="34.0334279" lon="-6.8225433" version="1" timestamp="2021-08-09T00:15:34Z" changeset="109368349" uid="13744382" user="imel15"/>
  <node id="8991509566" lat="34.0333423" lon="-6.8225540" version="1" timestamp="2021-08-09T00:15:34Z" changeset="109368349" uid="13744382" user="imel15"/>
  <node id="8991509567" lat="34.0333368" lon="-6.8223985" version="1" timestamp="2021-08-09T00:15:34Z" changeset="109368349" uid="13744382" user="imel15"/>
  <node id="8991509568" lat="34.0330400" lon="-6.8225661" version="1" timestamp="2021-08-09T00:15:34Z" changeset="109368349" uid="13744382" user="imel15"/>
  <node id="8991509569" lat="34.0330378" lon="-6.8224213" version="1" timestamp="2021-08-09T00:15:34Z" changeset="109368349" uid="13744382" user="imel15"/>
  <node id="8991509570" lat="34.0331512" lon="-6.8223998" version="1" timestamp="2021-08-09T00:15:34Z" changeset="109368349" uid="13744382" user="imel15"/>
  <node id="8991509571" lat="34.0331512" lon="-6.8225527" version="1" timestamp="2021-08-09T00:15:34Z" changeset="109368349" uid="13744382" user="imel15"/>
  <node id="8991509572" lat="34.0330778" lon="-6.8238254" version="1" timestamp="2021-08-09T00:15:34Z" changeset="109368349" uid="13744382" user="imel15"/>
  <node id="8991509573" lat="34.0330767" lon="-6.8237168" version="1" timestamp="2021-08-09T00:15:34Z" changeset="109368349" uid="13744382" user="imel15"/>
  <node id="8991509574" lat="34.0331812" lon="-6.8237114" version="1" timestamp="2021-08-09T00:15:34Z" changeset="109368349" uid="13744382" user="imel15"/>
  <node id="8991509575" lat="34.0331856" lon="-6.8238147" version="1" timestamp="2021-08-09T00:15:34Z" changeset="109368349" uid="13744382" user="imel15"/>
  <node id="8991509576" lat="34.0330612" lon="-6.8233010" version="1" timestamp="2021-08-09T00:15:34Z" changeset="109368349" uid="13744382" user="imel15"/>
  <node id="8991509577" lat="34.0330600" lon="-6.8232152" version="1" timestamp="2021-08-09T00:15:34Z" changeset="109368349" uid="13744382" user="imel15"/>
  <node id="8991509578" lat="34.0330223" lon="-6.8232138" version="1" timestamp="2021-08-09T00:15:34Z" changeset="109368349" uid="13744382" user="imel15"/>
  <node id="8991509579" lat="34.0330156" lon="-6.8231441" version="1" timestamp="2021-08-09T00:15:34Z" changeset="109368349" uid="13744382" user="imel15"/>
  <node id="8991509580" lat="34.0331234" lon="-6.8231401" version="1" timestamp="2021-08-09T00:15:34Z" changeset="109368349" uid="13744382" user="imel15"/>
  <node id="8991509581" lat="34.0331234" lon="-6.8231884" version="1" timestamp="2021-08-09T00:15:34Z" changeset="109368349" uid="13744382" user="imel15"/>
  <node id="8991509582" lat="34.0331612" lon="-6.8231884" version="1" timestamp="2021-08-09T00:15:34Z" changeset="109368349" uid="13744382" user="imel15"/>
  <node id="8991509583" lat="34.0331623" lon="-6.8233064" version="1" timestamp="2021-08-09T00:15:34Z" changeset="109368349" uid="13744382" user="imel15"/>
  <node id="8991509584" lat="34.0333157" lon="-6.8230422" version="1" timestamp="2021-08-09T00:15:34Z" changeset="109368349" uid="13744382" user="imel15"/>
  <node id="8991509585" lat="34.0333123" lon="-6.8228826" version="1" timestamp="2021-08-09T00:15:34Z" changeset="109368349" uid="13744382" user="imel15"/>
  <node id="8991509586" lat="34.0334379" lon="-6.8228866" version="1" timestamp="2021-08-09T00:15:34Z" changeset="109368349" uid="13744382" user="imel15"/>
  <node id="8991509587" lat="34.0334390" lon="-6.8230395" version="1" timestamp="2021-08-09T00:15:34Z" changeset="109368349" uid="13744382" user="imel15"/>
  <node id="8991509588" lat="34.0333979" lon="-6.8232702" version="1" timestamp="2021-08-09T00:15:34Z" changeset="109368349" uid="13744382" user="imel15"/>
  <node id="8991509589" lat="34.0333968" lon="-6.8232407" version="1" timestamp="2021-08-09T00:15:34Z" changeset="109368349" uid="13744382" user="imel15"/>
  <node id="8991509590" lat="34.0334168" lon="-6.8232393" version="1" timestamp="2021-08-09T00:15:34Z" changeset="109368349" uid="13744382" user="imel15"/>
  <node id="8991509591" lat="34.0334190" lon="-6.8231709" version="1" timestamp="2021-08-09T00:15:34Z" changeset="109368349" uid="13744382" user="imel15"/>
  <node id="8991509592" lat="34.0333979" lon="-6.8231723" version="1" timestamp="2021-08-09T00:15:34Z" changeset="109368349" uid="13744382" user="imel15"/>
  <node id="8991509593" lat="34.0333901" lon="-6.8231253" version="1" timestamp="2021-08-09T00:15:34Z" changeset="109368349" uid="13744382" user="imel15"/>
  <node id="8991509594" lat="34.0333090" lon="-6.8231294" version="1" timestamp="2021-08-09T00:15:34Z" changeset="109368349" uid="13744382" user="imel15"/>
  <node id="8991509595" lat="34.0333123" lon="-6.8232729" version="1" timestamp="2021-08-09T00:15:34Z" changeset="109368349" uid="13744382" user="imel15"/>
  <node id="8991509596" lat="34.0326511" lon="-6.8222268" version="1" timestamp="2021-08-09T00:15:34Z" changeset="109368349" uid="13744382" user="imel15"/>
  <node id="8991509597" lat="34.0326433" lon="-6.8220659" version="1" timestamp="2021-08-09T00:15:34Z" changeset="109368349" uid="13744382" user="imel15"/>
  <node id="8991509598" lat="34.0327444" lon="-6.8220578" version="1" timestamp="2021-08-09T00:15:34Z" changeset="109368349" uid="13744382" user="imel15"/>
  <node id="8991509599" lat="34.0327500" lon="-6.8222080" version="1" timestamp="2021-08-09T00:15:34Z" changeset="109368349" uid="13744382" user="imel15"/>
  <node id="8991509600" lat="34.0325655" lon="-6.8219760" version="1" timestamp="2021-08-09T00:15:34Z" changeset="109368349" uid="13744382" user="imel15"/>
  <node id="8991509601" lat="34.0325555" lon="-6.8218204" version="1" timestamp="2021-08-09T00:15:34Z" changeset="109368349" uid="13744382" user="imel15"/>
  <node id="8991509602" lat="34.0327422" lon="-6.8218164" version="1" timestamp="2021-08-09T00:15:34Z" changeset="109368349" uid="13744382" user="imel15"/>
  <node id="8991509603" lat="34.0327444" lon="-6.8219706" version="1" timestamp="2021-08-09T00:15:34Z" changeset="109368349" uid="13744382" user="imel15"/>
  <node id="8991509608" lat="34.0325299" lon="-6.8232420" version="1" timestamp="2021-08-09T00:15:34Z" changeset="109368349" uid="13744382" user="imel15"/>
  <node id="8991509609" lat="34.0325266" lon="-6.8233922" version="1" timestamp="2021-08-09T00:15:34Z" changeset="109368349" uid="13744382" user="imel15"/>
  <node id="8991509610" lat="34.0326644" lon="-6.8233828" version="1" timestamp="2021-08-09T00:15:34Z" changeset="109368349" uid="13744382" user="imel15"/>
  <node id="8991509611" lat="34.0326699" lon="-6.8234365" version="1" timestamp="2021-08-09T00:15:34Z" changeset="109368349" uid="13744382" user="imel15"/>
  <node id="8991509612" lat="34.0327822" lon="-6.8234365" version="1" timestamp="2021-08-09T00:15:34Z" changeset="109368349" uid="13744382" user="imel15"/>
  <node id="8991509613" lat="34.0327755" lon="-6.8232434" version="1" timestamp="2021-08-09T00:15:34Z" changeset="109368349" uid="13744382" user="imel15"/>
  <node id="8991509614" lat="34.0324974" lon="-6.8238346" version="2" timestamp="2023-08-24T09:46:50Z" changeset="140313423" uid="18370762" user="Sofie2016"/>
  <node id="8991509615" lat="34.0324962" lon="-6.8237642" version="2" timestamp="2023-08-24T09:46:50Z" changeset="140313423" uid="18370762" user="Sofie2016"/>
  <node id="8991509616" lat="34.0324263" lon="-6.8237420" version="2" timestamp="2023-08-24T09:46:50Z" changeset="140313423" uid="18370762" user="Sofie2016"/>
  <node id="8991509617" lat="34.0323941" lon="-6.8237286" version="2" timestamp="2023-08-24T09:46:50Z" changeset="140313423" uid="18370762" user="Sofie2016"/>
  <node id="8991509618" lat="34.0323885" lon="-6.8236924" version="2" timestamp="2023-08-24T09:46:50Z" changeset="140313423" uid="18370762" user="Sofie2016"/>
  <node id="8991509619" lat="34.0324208" lon="-6.8236656" version="2" timestamp="2023-08-24T09:46:50Z" changeset="140313423" uid="18370762" user="Sofie2016"/>
  <node id="8991509620" lat="34.0324230" lon="-6.8236414" version="2" timestamp="2023-08-24T09:46:50Z" changeset="140313423" uid="18370762" user="Sofie2016"/>
  <node id="8991509621" lat="34.0324741" lon="-6.8236468" version="2" timestamp="2023-08-24T09:46:50Z" changeset="140313423" uid="18370762" user="Sofie2016"/>
  <node id="8991509622" lat="34.0324763" lon="-6.8236240" version="2" timestamp="2023-08-24T09:46:50Z" changeset="140313423" uid="18370762" user="Sofie2016"/>
  <node id="8991509623" lat="34.0325169" lon="-6.8236181" version="2" timestamp="2023-08-24T09:46:50Z" changeset="140313423" uid="18370762" user="Sofie2016"/>
  <node id="8991509624" lat="34.0325201" lon="-6.8238360" version="2" timestamp="2023-08-24T09:46:50Z" changeset="140313423" uid="18370762" user="Sofie2016"/>
  <node id="8991509625" lat="34.0325749" lon="-6.8238373" version="2" timestamp="2023-08-24T09:46:50Z" changeset="140313423" uid="18370762" user="Sofie2016"/>
  <node id="8991509626" lat="34.0325716" lon="-6.8238494" version="2" timestamp="2023-08-24T09:46:50Z" changeset="140313423" uid="18370762" user="Sofie2016"/>
  <node id="8991509627" lat="34.0325227" lon="-6.8238534" version="2" timestamp="2023-08-24T09:46:50Z" changeset="140313423" uid="18370762" user="Sofie2016"/>
  <node id="8991509628" lat="34.0325229" lon="-6.8237076" version="2" timestamp="2023-08-24T09:46:50Z" changeset="140313423" uid="18370762" user="Sofie2016"/>
  <node id="8991509629" lat="34.0326104" lon="-6.8236964" version="2" timestamp="2023-08-24T09:46:50Z" changeset="140313423" uid="18370762" user="Sofie2016"/>
  <node id="8991509630" lat="34.0326104" lon="-6.8238375" version="2" timestamp="2023-08-24T09:46:50Z" changeset="140313423" uid="18370762" user="Sofie2016"/>
  <node id="8991509631" lat="34.0327655" lon="-6.8237557" version="1" timestamp="2021-08-09T00:15:34Z" changeset="109368349" uid="13744382" user="imel15"/>
  <node id="8991509632" lat="34.0327800" lon="-6.8237530" version="1" timestamp="2021-08-09T00:15:34Z" changeset="109368349" uid="13744382" user="imel15"/>
  <node id="8991509633" lat="34.0327778" lon="-6.8238147" version="1" timestamp="2021-08-09T00:15:34Z" changeset="109368349" uid="13744382" user="imel15"/>
  <node id="8991509634" lat="34.0326944" lon="-6.8238173" version="1" timestamp="2021-08-09T00:15:34Z" changeset="109368349" uid="13744382" user="imel15"/>
  <node id="8991509635" lat="34.0326933" lon="-6.8238562" version="1" timestamp="2021-08-09T00:15:34Z" changeset="109368349" uid="13744382" user="imel15"/>
  <node id="8991509636" lat="34.0326511" lon="-6.8238562" version="1" timestamp="2021-08-09T00:15:34Z" changeset="109368349" uid="13744382" user="imel15"/>
  <node id="8991509637" lat="34.0326522" lon="-6.8236658" version="1" timestamp="2021-08-09T00:15:34Z" changeset="109368349" uid="13744382" user="imel15"/>
  <node id="8991509638" lat="34.0327689" lon="-6.8236631" version="1" timestamp="2021-08-09T00:15:34Z" changeset="109368349" uid="13744382" user="imel15"/>
  <node id="8991509639" lat="34.0322749" lon="-6.8234651" version="2" timestamp="2021-08-25T15:24:25Z" changeset="110239559" uid="1497225" user="kartonage"/>
  <node id="8991509640" lat="34.0322828" lon="-6.8234647" version="2" timestamp="2021-08-25T15:24:25Z" changeset="110239559" uid="1497225" user="kartonage"/>
  <node id="8991509641" lat="34.0322810" lon="-6.8234033" version="2" timestamp="2021-08-25T15:24:25Z" changeset="110239559" uid="1497225" user="kartonage"/>
  <node id="8991509642" lat="34.0324114" lon="-6.8233977" version="2" timestamp="2021-08-25T15:24:25Z" changeset="110239559" uid="1497225" user="kartonage"/>
  <node id="8991509643" lat="34.0324163" lon="-6.8235622" version="2" timestamp="2021-08-25T15:24:25Z" changeset="110239559" uid="1497225" user="kartonage"/>
  <node id="8991509644" lat="34.0322780" lon="-6.8235682" version="2" timestamp="2021-08-25T15:24:25Z" changeset="110239559" uid="1497225" user="kartonage"/>
  <node id="8991509647" lat="34.0323376" lon="-6.8219143" version="1" timestamp="2021-08-09T00:15:34Z" changeset="109368349" uid="13744382" user="imel15"/>
  <node id="8991509648" lat="34.0324688" lon="-6.8219210" version="1" timestamp="2021-08-09T00:15:34Z" changeset="109368349" uid="13744382" user="imel15"/>
  <node id="8991509649" lat="34.0323010" lon="-6.8222764" version="1" timestamp="2021-08-09T00:15:34Z" changeset="109368349" uid="13744382" user="imel15"/>
  <node id="8991509650" lat="34.0323265" lon="-6.8220444" version="1" timestamp="2021-08-09T00:15:34Z" changeset="109368349" uid="13744382" user="imel15"/>
  <node id="8991509651" lat="34.0324677" lon="-6.8220431" version="1" timestamp="2021-08-09T00:15:34Z" changeset="109368349" uid="13744382" user="imel15"/>
  <node id="8991509652" lat="34.0324788" lon="-6.8222496" version="1" timestamp="2021-08-09T00:15:34Z" changeset="109368349" uid="13744382" user="imel15"/>
  <node id="8992931500" lat="34.0363005" lon="-6.8178904" version="4" timestamp="2026-04-07T12:51:13Z" changeset="180997202" uid="1293386" user="Sal73x"/>
  <node id="8992931506" lat="34.0364628" lon="-6.8177934" version="4" timestamp="2026-04-07T12:51:13Z" changeset="180997202" uid="1293386" user="Sal73x"/>
  <node id="8994740109" lat="34.0344390" lon="-6.8233963" version="3" timestamp="2024-04-30T08:28:09Z" changeset="150695154" uid="9945354" user="salma_z"/>
  <node id="8994740110" lat="34.0344339" lon="-6.8234019" version="3" timestamp="2024-04-30T08:28:09Z" changeset="150695154" uid="9945354" user="salma_z"/>
  <node id="8994749374" lat="34.0342600" lon="-6.8233301" version="3" timestamp="2024-04-29T14:07:26Z" changeset="150665557" uid="9945354" user="salma_z"/>
  <node id="8994749375" lat="34.0341497" lon="-6.8233315" version="3" timestamp="2024-04-29T14:07:26Z" changeset="150665557" uid="9945354" user="salma_z"/>
  <node id="8994749376" lat="34.0341426" lon="-6.8234138" version="3" timestamp="2024-04-29T14:07:26Z" changeset="150665557" uid="9945354" user="salma_z"/>
  <node id="8996037182" lat="34.0334606" lon="-6.8224018" version="2" timestamp="2024-04-24T09:49:27Z" changeset="150435765" uid="9945354" user="salma_z"/>
  <node id="8996037183" lat="34.0335006" lon="-6.8224008" version="2" timestamp="2024-04-24T09:49:27Z" changeset="150435765" uid="9945354" user="salma_z"/>
  <node id="8996037184" lat="34.0335238" lon="-6.8237424" version="2" timestamp="2024-04-24T09:49:27Z" changeset="150435765" uid="9945354" user="salma_z"/>
  <node id="8996037185" lat="34.0334838" lon="-6.8237435" version="2" timestamp="2024-04-24T09:49:27Z" changeset="150435765" uid="9945354" user="salma_z"/>
  <node id="8996037186" lat="34.0321636" lon="-6.8245177" version="2" timestamp="2024-04-24T09:49:27Z" changeset="150435765" uid="9945354" user="salma_z"/>
  <node id="8996037187" lat="34.0321476" lon="-6.8242901" version="2" timestamp="2024-04-24T09:49:27Z" changeset="150435765" uid="9945354" user="salma_z"/>
  <node id="8996037191" lat="34.0322733" lon="-6.8245050" version="2" timestamp="2024-04-24T09:49:27Z" changeset="150435765" uid="9945354" user="salma_z"/>
  <node id="8996037192" lat="34.0322554" lon="-6.8242792" version="2" timestamp="2024-04-24T09:49:27Z" changeset="150435765" uid="9945354" user="salma_z"/>
  <node id="8996037193" lat="34.0320364" lon="-6.8226737" version="2" timestamp="2024-04-24T09:49:27Z" changeset="150435765" uid="9945354" user="salma_z"/>
  <node id="8996037194" lat="34.0320627" lon="-6.8226712" version="2" timestamp="2024-04-24T09:49:27Z" changeset="150435765" uid="9945354" user="salma_z"/>
  <node id="8996037195" lat="34.0320917" lon="-6.8231316" version="2" timestamp="2024-04-24T09:49:27Z" changeset="150435765" uid="9945354" user="salma_z"/>
  <node id="8996037196" lat="34.0320654" lon="-6.8231340" version="2" timestamp="2024-04-24T09:49:27Z" changeset="150435765" uid="9945354" user="salma_z"/>
  <node id="8996037197" lat="34.0334222" lon="-6.8223238" version="1" timestamp="2021-08-10T12:53:30Z" changeset="109464408" uid="13744183" user="joulahcen"/>
  <node id="8996037198" lat="34.0334211" lon="-6.8223432" version="1" timestamp="2021-08-10T12:53:30Z" changeset="109464408" uid="13744183" user="joulahcen"/>
  <node id="8996037199" lat="34.0328911" lon="-6.8223857" version="1" timestamp="2021-08-10T12:53:30Z" changeset="109464408" uid="13744183" user="joulahcen"/>
  <node id="8996037200" lat="34.0328889" lon="-6.8223642" version="1" timestamp="2021-08-10T12:53:30Z" changeset="109464408" uid="13744183" user="joulahcen"/>
  <node id="8996037202" lat="34.0322991" lon="-6.8209489" version="2" timestamp="2024-04-24T09:49:27Z" changeset="150435765" uid="9945354" user="salma_z"/>
  <node id="8996037204" lat="34.0322869" lon="-6.8211563" version="2" timestamp="2024-04-24T09:49:27Z" changeset="150435765" uid="9945354" user="salma_z"/>
  <node id="9021101387" lat="34.0322963" lon="-6.8138579" version="2" timestamp="2021-08-22T22:23:15Z" changeset="110080873" uid="13744382" user="imel15"/>
  <node id="9027189010" lat="34.0325255" lon="-6.8220297" version="1" timestamp="2021-08-22T22:39:18Z" changeset="110081205" uid="13744382" user="imel15"/>
  <node id="9027189011" lat="34.0325544" lon="-6.8222684" version="1" timestamp="2021-08-22T22:39:18Z" changeset="110081205" uid="13744382" user="imel15"/>
  <node id="9027189012" lat="34.0324073" lon="-6.8232600" version="2" timestamp="2021-08-25T15:24:25Z" changeset="110239559" uid="1497225" user="kartonage"/>
  <node id="9027189013" lat="34.0324763" lon="-6.8232570" version="2" timestamp="2021-08-25T15:24:25Z" changeset="110239559" uid="1497225" user="kartonage"/>
  <node id="9027189014" lat="34.0324437" lon="-6.8231235" version="2" timestamp="2021-08-25T15:24:25Z" changeset="110239559" uid="1497225" user="kartonage"/>
  <node id="9027189015" lat="34.0322728" lon="-6.8231309" version="2" timestamp="2021-08-25T15:24:25Z" changeset="110239559" uid="1497225" user="kartonage"/>
  <node id="9027201017" lat="34.0325277" lon="-6.8226573" version="1" timestamp="2021-08-22T22:39:18Z" changeset="110081205" uid="13744382" user="imel15"/>
  <node id="9027201018" lat="34.0325144" lon="-6.8224239" version="1" timestamp="2021-08-22T22:39:18Z" changeset="110081205" uid="13744382" user="imel15"/>
  <node id="9027201019" lat="34.0327700" lon="-6.8223998" version="1" timestamp="2021-08-22T22:39:18Z" changeset="110081205" uid="13744382" user="imel15"/>
  <node id="9027201020" lat="34.0327744" lon="-6.8226251" version="1" timestamp="2021-08-22T22:39:18Z" changeset="110081205" uid="13744382" user="imel15"/>
  <node id="9027201021" lat="34.0327188" lon="-6.8250820" version="1" timestamp="2021-08-22T22:39:18Z" changeset="110081205" uid="13744382" user="imel15"/>
  <node id="9027201022" lat="34.0327188" lon="-6.8249345" version="1" timestamp="2021-08-22T22:39:18Z" changeset="110081205" uid="13744382" user="imel15"/>
  <node id="9027201023" lat="34.0327983" lon="-6.8249310" version="2" timestamp="2025-02-21T08:50:50Z" changeset="162770144" uid="1122708" user="zaizone"/>
  <node id="9027201024" lat="34.0327989" lon="-6.8250820" version="1" timestamp="2021-08-22T22:39:18Z" changeset="110081205" uid="13744382" user="imel15"/>
  <node id="9027201025" lat="34.0325188" lon="-6.8248701" version="1" timestamp="2021-08-22T22:39:18Z" changeset="110081205" uid="13744382" user="imel15"/>
  <node id="9027201026" lat="34.0325344" lon="-6.8251249" version="1" timestamp="2021-08-22T22:39:18Z" changeset="110081205" uid="13744382" user="imel15"/>
  <node id="9027201027" lat="34.0323165" lon="-6.8253878" version="1" timestamp="2021-08-22T22:39:18Z" changeset="110081205" uid="13744382" user="imel15"/>
  <node id="9027201028" lat="34.0324454" lon="-6.8253744" version="1" timestamp="2021-08-22T22:39:18Z" changeset="110081205" uid="13744382" user="imel15"/>
  <node id="9027201029" lat="34.0323121" lon="-6.8252537" version="1" timestamp="2021-08-22T22:39:18Z" changeset="110081205" uid="13744382" user="imel15"/>
  <node id="9027201030" lat="34.0324410" lon="-6.8252376" version="1" timestamp="2021-08-22T22:39:18Z" changeset="110081205" uid="13744382" user="imel15"/>
  <node id="9027201031" lat="34.0324366" lon="-6.8251222" version="1" timestamp="2021-08-22T22:39:18Z" changeset="110081205" uid="13744382" user="imel15"/>
  <node id="9027201032" lat="34.0323232" lon="-6.8251196" version="1" timestamp="2021-08-22T22:39:18Z" changeset="110081205" uid="13744382" user="imel15"/>
  <node id="9027201033" lat="34.0324697" lon="-6.8259501" version="2" timestamp="2025-02-21T08:50:50Z" changeset="162770144" uid="1122708" user="zaizone"/>
  <node id="9027201034" lat="34.0324586" lon="-6.8256094" version="2" timestamp="2025-02-21T08:50:50Z" changeset="162770144" uid="1122708" user="zaizone"/>
  <node id="9027201035" lat="34.0326187" lon="-6.8255960" version="2" timestamp="2025-02-21T08:50:50Z" changeset="162770144" uid="1122708" user="zaizone"/>
  <node id="9027201036" lat="34.0326320" lon="-6.8259501" version="2" timestamp="2025-02-21T08:50:50Z" changeset="162770144" uid="1122708" user="zaizone"/>
  <node id="9027201037" lat="34.0324477" lon="-6.8248728" version="1" timestamp="2021-08-22T22:39:18Z" changeset="110081205" uid="13744382" user="imel15"/>
  <node id="9027201038" lat="34.0323276" lon="-6.8248862" version="1" timestamp="2021-08-22T22:39:18Z" changeset="110081205" uid="13744382" user="imel15"/>
  <node id="9027201039" lat="34.0325677" lon="-6.8246233" version="1" timestamp="2021-08-22T22:39:18Z" changeset="110081205" uid="13744382" user="imel15"/>
  <node id="9027201040" lat="34.0329967" lon="-6.8255353" version="1" timestamp="2021-08-22T22:39:18Z" changeset="110081205" uid="13744382" user="imel15"/>
  <node id="9027201041" lat="34.0331367" lon="-6.8255219" version="1" timestamp="2021-08-22T22:39:18Z" changeset="110081205" uid="13744382" user="imel15"/>
  <node id="9027201042" lat="34.0335023" lon="-6.8252135" version="2" timestamp="2024-04-24T09:49:27Z" changeset="150435765" uid="9945354" user="salma_z"/>
  <node id="9027201043" lat="34.0334924" lon="-6.8247937" version="2" timestamp="2024-04-24T09:49:27Z" changeset="150435765" uid="9945354" user="salma_z"/>
  <node id="9027201044" lat="34.0334679" lon="-6.8247548" version="1" timestamp="2021-08-22T22:39:18Z" changeset="110081205" uid="13744382" user="imel15"/>
  <node id="9027201045" lat="34.0334635" lon="-6.8243873" version="1" timestamp="2021-08-22T22:39:18Z" changeset="110081205" uid="13744382" user="imel15"/>
  <node id="9027201046" lat="34.0327522" lon="-6.8230596" version="1" timestamp="2021-08-22T22:39:18Z" changeset="110081205" uid="13744382" user="imel15"/>
  <node id="9027201047" lat="34.0325721" lon="-6.8230650" version="1" timestamp="2021-08-22T22:39:18Z" changeset="110081205" uid="13744382" user="imel15"/>
  <node id="9027201048" lat="34.0325677" lon="-6.8229175" version="1" timestamp="2021-08-22T22:39:18Z" changeset="110081205" uid="13744382" user="imel15"/>
  <node id="9027201049" lat="34.0327544" lon="-6.8229175" version="1" timestamp="2021-08-22T22:39:18Z" changeset="110081205" uid="13744382" user="imel15"/>
  <node id="9027201050" lat="34.0325232" lon="-6.8231186" version="1" timestamp="2021-08-22T22:39:18Z" changeset="110081205" uid="13744382" user="imel15"/>
  <node id="9027201051" lat="34.0327744" lon="-6.8231052" version="1" timestamp="2021-08-22T22:39:18Z" changeset="110081205" uid="13744382" user="imel15"/>
  <node id="9027201052" lat="34.0329389" lon="-6.8230596" version="1" timestamp="2021-08-22T22:39:18Z" changeset="110081205" uid="13744382" user="imel15"/>
  <node id="9027201053" lat="34.0329434" lon="-6.8229041" version="1" timestamp="2021-08-22T22:39:18Z" changeset="110081205" uid="13744382" user="imel15"/>
  <node id="9027201054" lat="34.0331923" lon="-6.8229041" version="1" timestamp="2021-08-22T22:39:18Z" changeset="110081205" uid="13744382" user="imel15"/>
  <node id="9027201055" lat="34.0331856" lon="-6.8230435" version="1" timestamp="2021-08-22T22:39:18Z" changeset="110081205" uid="13744382" user="imel15"/>
  <node id="9027201056" lat="34.0326966" lon="-6.8247360" version="1" timestamp="2021-08-22T22:39:18Z" changeset="110081205" uid="13744382" user="imel15"/>
  <node id="9027201057" lat="34.0327011" lon="-6.8248299" version="1" timestamp="2021-08-22T22:39:18Z" changeset="110081205" uid="13744382" user="imel15"/>
  <node id="9027201058" lat="34.0327878" lon="-6.8248245" version="1" timestamp="2021-08-22T22:39:18Z" changeset="110081205" uid="13744382" user="imel15"/>
  <node id="9027201059" lat="34.0327811" lon="-6.8247226" version="1" timestamp="2021-08-22T22:39:18Z" changeset="110081205" uid="13744382" user="imel15"/>
  <node id="9027201060" lat="34.0327300" lon="-6.8246287" version="1" timestamp="2021-08-22T22:39:18Z" changeset="110081205" uid="13744382" user="imel15"/>
  <node id="9027201061" lat="34.0327277" lon="-6.8246770" version="1" timestamp="2021-08-22T22:39:18Z" changeset="110081205" uid="13744382" user="imel15"/>
  <node id="9027201062" lat="34.0326388" lon="-6.8246716" version="1" timestamp="2021-08-22T22:39:18Z" changeset="110081205" uid="13744382" user="imel15"/>
  <node id="9027201063" lat="34.0326433" lon="-6.8245509" version="1" timestamp="2021-08-22T22:39:18Z" changeset="110081205" uid="13744382" user="imel15"/>
  <node id="9027201064" lat="34.0327789" lon="-6.8245402" version="1" timestamp="2021-08-22T22:39:18Z" changeset="110081205" uid="13744382" user="imel15"/>
  <node id="9027201065" lat="34.0327744" lon="-6.8246126" version="1" timestamp="2021-08-22T22:39:18Z" changeset="110081205" uid="13744382" user="imel15"/>
  <node id="9027201066" lat="34.0329634" lon="-6.8244034" version="1" timestamp="2021-08-22T22:39:18Z" changeset="110081205" uid="13744382" user="imel15"/>
  <node id="9027201067" lat="34.0331123" lon="-6.8243873" version="1" timestamp="2021-08-22T22:39:18Z" changeset="110081205" uid="13744382" user="imel15"/>
  <node id="9027201068" lat="34.0333079" lon="-6.8243364" version="1" timestamp="2021-08-22T22:39:18Z" changeset="110081205" uid="13744382" user="imel15"/>
  <node id="9027201069" lat="34.0333101" lon="-6.8243900" version="1" timestamp="2021-08-22T22:39:18Z" changeset="110081205" uid="13744382" user="imel15"/>
  <node id="9027201070" lat="34.0332434" lon="-6.8243846" version="1" timestamp="2021-08-22T22:39:18Z" changeset="110081205" uid="13744382" user="imel15"/>
  <node id="9027201071" lat="34.0332368" lon="-6.8242398" version="1" timestamp="2021-08-22T22:39:18Z" changeset="110081205" uid="13744382" user="imel15"/>
  <node id="9027201073" lat="34.0333590" lon="-6.8242291" version="1" timestamp="2021-08-22T22:39:18Z" changeset="110081205" uid="13744382" user="imel15"/>
  <node id="9027201074" lat="34.0333635" lon="-6.8243417" version="1" timestamp="2021-08-22T22:39:18Z" changeset="110081205" uid="13744382" user="imel15"/>
  <node id="9027201075" lat="34.0334435" lon="-6.8243390" version="1" timestamp="2021-08-22T22:39:18Z" changeset="110081205" uid="13744382" user="imel15"/>
  <node id="9027201076" lat="34.0334390" lon="-6.8243095" version="1" timestamp="2021-08-22T22:39:18Z" changeset="110081205" uid="13744382" user="imel15"/>
  <node id="9027201077" lat="34.0334657" lon="-6.8243068" version="1" timestamp="2021-08-22T22:39:18Z" changeset="110081205" uid="13744382" user="imel15"/>
  <node id="9027201078" lat="34.0334457" lon="-6.8242559" version="1" timestamp="2021-08-22T22:39:18Z" changeset="110081205" uid="13744382" user="imel15"/>
  <node id="9027201079" lat="34.0334413" lon="-6.8242237" version="1" timestamp="2021-08-22T22:39:18Z" changeset="110081205" uid="13744382" user="imel15"/>
  <node id="9027201080" lat="34.0333012" lon="-6.8241835" version="1" timestamp="2021-08-22T22:39:18Z" changeset="110081205" uid="13744382" user="imel15"/>
  <node id="9027201081" lat="34.0332901" lon="-6.8240896" version="1" timestamp="2021-08-22T22:39:18Z" changeset="110081205" uid="13744382" user="imel15"/>
  <node id="9027201082" lat="34.0334212" lon="-6.8240708" version="1" timestamp="2021-08-22T22:39:18Z" changeset="110081205" uid="13744382" user="imel15"/>
  <node id="9027201083" lat="34.0334190" lon="-6.8241727" version="1" timestamp="2021-08-22T22:39:18Z" changeset="110081205" uid="13744382" user="imel15"/>
  <node id="9027201084" lat="34.0331834" lon="-6.8241057" version="1" timestamp="2021-08-22T22:39:18Z" changeset="110081205" uid="13744382" user="imel15"/>
  <node id="9027201085" lat="34.0331990" lon="-6.8242666" version="1" timestamp="2021-08-22T22:39:18Z" changeset="110081205" uid="13744382" user="imel15"/>
  <node id="9027201086" lat="34.0329856" lon="-6.8242800" version="1" timestamp="2021-08-22T22:39:18Z" changeset="110081205" uid="13744382" user="imel15"/>
  <node id="9027201087" lat="34.0329811" lon="-6.8241808" version="1" timestamp="2021-08-22T22:39:18Z" changeset="110081205" uid="13744382" user="imel15"/>
  <node id="9027201088" lat="34.0330167" lon="-6.8241325" version="1" timestamp="2021-08-22T22:39:18Z" changeset="110081205" uid="13744382" user="imel15"/>
  <node id="9027201089" lat="34.0330878" lon="-6.8241084" version="1" timestamp="2021-08-22T22:39:18Z" changeset="110081205" uid="13744382" user="imel15"/>
  <node id="9027201090" lat="34.0331056" lon="-6.8242961" version="1" timestamp="2021-08-22T22:39:18Z" changeset="110081205" uid="13744382" user="imel15"/>
  <node id="9027201091" lat="34.0328012" lon="-6.8244892" version="2" timestamp="2023-08-24T09:45:41Z" changeset="140313362" uid="18370762" user="Sofie2016"/>
  <node id="9027201092" lat="34.0327902" lon="-6.8241745" version="2" timestamp="2023-08-24T09:45:41Z" changeset="140313362" uid="18370762" user="Sofie2016"/>
  <node id="9035414998" lat="34.0324722" lon="-6.8231223" version="1" timestamp="2021-08-25T15:24:25Z" changeset="110239559" uid="1497225" user="kartonage"/>
  <node id="9076122916" lat="34.0804418" lon="-6.7679549" version="1" timestamp="2021-09-09T10:07:16Z" changeset="110966401" uid="9945421" user="alyaa_hossam"/>
  <node id="9562350071" lat="34.0321047" lon="-6.8214793" version="2" timestamp="2024-04-24T09:49:27Z" changeset="150435765" uid="9945354" user="salma_z"/>
  <node id="9562350072" lat="34.0323364" lon="-6.8215539" version="2" timestamp="2024-04-24T09:49:27Z" changeset="150435765" uid="9945354" user="salma_z"/>
  <node id="9872620103" lat="34.0820255" lon="-6.7704710" version="1" timestamp="2022-07-07T15:21:10Z" changeset="123325201" uid="1644161" user="ennabbadi reda"/>
  <node id="10090635437" lat="34.0390147" lon="-6.8294410" version="2" timestamp="2024-04-28T12:55:56Z" changeset="150617456" uid="9945354" user="salma_z"/>
  <node id="10090635438" lat="34.0390560" lon="-6.8294778" version="2" timestamp="2024-04-28T12:55:56Z" changeset="150617456" uid="9945354" user="salma_z"/>
  <node id="10090635439" lat="34.0390345" lon="-6.8294085" version="2" timestamp="2024-04-28T12:55:56Z" changeset="150617456" uid="9945354" user="salma_z"/>
  <node id="10090635440" lat="34.0390758" lon="-6.8294453" version="2" timestamp="2024-04-28T12:55:56Z" changeset="150617456" uid="9945354" user="salma_z"/>
  <node id="10090635441" lat="34.0387182" lon="-6.8291399" version="2" timestamp="2024-04-28T12:55:56Z" changeset="150617456" uid="9945354" user="salma_z"/>
  <node id="10090635442" lat="34.0387431" lon="-6.8291706" version="2" timestamp="2024-04-28T12:55:56Z" changeset="150617456" uid="9945354" user="salma_z"/>
  <node id="10090635443" lat="34.0387389" lon="-6.8291153" version="2" timestamp="2024-04-28T12:55:56Z" changeset="150617456" uid="9945354" user="salma_z"/>
  <node id="10090635444" lat="34.0384072" lon="-6.8287120" version="1" timestamp="2022-10-10T22:05:18Z" changeset="127325462" uid="6556551" user="TWHB">
    <tag k="barrier" v="entrance"/>
    <tag k="historic" v="city_gate"/>
    <tag k="name" v="Bab Maalga"/>
  </node>
  <node id="10090635445" lat="34.0383425" lon="-6.8287840" version="1" timestamp="2022-10-10T22:05:18Z" changeset="127325462" uid="6556551" user="TWHB"/>
  <node id="10090635446" lat="34.0384294" lon="-6.8288977" version="1" timestamp="2022-10-10T22:05:18Z" changeset="127325462" uid="6556551" user="TWHB"/>
  <node id="10090635447" lat="34.0384240" lon="-6.8286933" version="1" timestamp="2022-10-10T22:05:18Z" changeset="127325462" uid="6556551" user="TWHB"/>
  <node id="10090635448" lat="34.0385037" lon="-6.8288123" version="2" timestamp="2024-04-28T12:55:56Z" changeset="150617456" uid="9945354" user="salma_z"/>
  <node id="10090635450" lat="34.0360508" lon="-6.8182679" version="2" timestamp="2024-04-28T12:55:56Z" changeset="150617456" uid="9945354" user="salma_z"/>
  <node id="10090635451" lat="34.0360033" lon="-6.8183014" version="2" timestamp="2024-04-28T12:55:56Z" changeset="150617456" uid="9945354" user="salma_z"/>
  <node id="10090635452" lat="34.0360748" lon="-6.8183175" version="2" timestamp="2024-04-28T12:55:56Z" changeset="150617456" uid="9945354" user="salma_z"/>
  <node id="10090635453" lat="34.0360265" lon="-6.8183492" version="2" timestamp="2024-04-28T12:55:56Z" changeset="150617456" uid="9945354" user="salma_z"/>
  <node id="10090635454" lat="34.0356948" lon="-6.8185291" version="2" timestamp="2024-04-28T12:55:56Z" changeset="150617456" uid="9945354" user="salma_z"/>
  <node id="10090635455" lat="34.0356411" lon="-6.8185658" version="2" timestamp="2024-04-28T12:55:56Z" changeset="150617456" uid="9945354" user="salma_z"/>
  <node id="10090635456" lat="34.0357150" lon="-6.8185722" version="2" timestamp="2024-04-28T12:55:56Z" changeset="150617456" uid="9945354" user="salma_z"/>
  <node id="10090635457" lat="34.0356613" lon="-6.8186089" version="2" timestamp="2024-04-28T12:55:56Z" changeset="150617456" uid="9945354" user="salma_z"/>
  <node id="10090635458" lat="34.0349491" lon="-6.8190411" version="2" timestamp="2024-04-28T12:55:56Z" changeset="150617456" uid="9945354" user="salma_z"/>
  <node id="10090635459" lat="34.0349044" lon="-6.8190701" version="2" timestamp="2024-04-28T12:55:56Z" changeset="150617456" uid="9945354" user="salma_z"/>
  <node id="10090635460" lat="34.0349690" lon="-6.8190857" version="2" timestamp="2024-04-28T12:55:56Z" changeset="150617456" uid="9945354" user="salma_z"/>
  <node id="10090635461" lat="34.0349243" lon="-6.8191147" version="2" timestamp="2024-04-28T12:55:56Z" changeset="150617456" uid="9945354" user="salma_z"/>
  <node id="10090635462" lat="34.0365660" lon="-6.8179812" version="3" timestamp="2026-04-07T12:51:13Z" changeset="180997202" uid="1293386" user="Sal73x"/>
  <node id="10090635463" lat="34.0363806" lon="-6.8181094" version="3" timestamp="2026-04-07T12:51:13Z" changeset="180997202" uid="1293386" user="Sal73x"/>
  <node id="10090635464" lat="34.0332474" lon="-6.8214820" version="2" timestamp="2024-04-28T12:55:56Z" changeset="150617456" uid="9945354" user="salma_z"/>
  <node id="10090635465" lat="34.0332768" lon="-6.8215159" version="2" timestamp="2024-04-28T12:55:56Z" changeset="150617456" uid="9945354" user="salma_z"/>
  <node id="10090635466" lat="34.0333013" lon="-6.8214849" version="3" timestamp="2024-04-28T12:55:56Z" changeset="150617456" uid="9945354" user="salma_z"/>
  <node id="10090635467" lat="34.0333602" lon="-6.8216126" version="2" timestamp="2024-04-28T12:55:56Z" changeset="150617456" uid="9945354" user="salma_z"/>
  <node id="10090635468" lat="34.0333849" lon="-6.8216420" version="2" timestamp="2024-04-28T12:55:56Z" changeset="150617456" uid="9945354" user="salma_z"/>
  <node id="10090635469" lat="34.0333833" lon="-6.8215844" version="3" timestamp="2024-04-28T12:55:56Z" changeset="150617456" uid="9945354" user="salma_z"/>
  <node id="10090635470" lat="34.0335777" lon="-6.8199235" version="2" timestamp="2024-04-28T12:55:56Z" changeset="150617456" uid="9945354" user="salma_z"/>
  <node id="10090635471" lat="34.0335329" lon="-6.8199507" version="2" timestamp="2024-04-28T12:55:56Z" changeset="150617456" uid="9945354" user="salma_z"/>
  <node id="10090635472" lat="34.0335495" lon="-6.8199908" version="2" timestamp="2024-04-28T12:55:56Z" changeset="150617456" uid="9945354" user="salma_z"/>
  <node id="10090635473" lat="34.0335944" lon="-6.8199636" version="2" timestamp="2024-04-28T12:55:56Z" changeset="150617456" uid="9945354" user="salma_z"/>
  <node id="10090635474" lat="34.0340335" lon="-6.8196403" version="2" timestamp="2024-04-28T12:55:56Z" changeset="150617456" uid="9945354" user="salma_z"/>
  <node id="10090635475" lat="34.0339851" lon="-6.8196712" version="2" timestamp="2024-04-28T12:55:56Z" changeset="150617456" uid="9945354" user="salma_z"/>
  <node id="10090635476" lat="34.0340040" lon="-6.8197144" version="2" timestamp="2024-04-28T12:55:56Z" changeset="150617456" uid="9945354" user="salma_z"/>
  <node id="10090635477" lat="34.0340525" lon="-6.8196835" version="2" timestamp="2024-04-28T12:55:56Z" changeset="150617456" uid="9945354" user="salma_z"/>
  <node id="10090635478" lat="34.0345700" lon="-6.8192863" version="2" timestamp="2024-04-28T12:55:56Z" changeset="150617456" uid="9945354" user="salma_z"/>
  <node id="10090635479" lat="34.0346313" lon="-6.8192505" version="2" timestamp="2024-04-28T12:55:56Z" changeset="150617456" uid="9945354" user="salma_z"/>
  <node id="10090635480" lat="34.0345903" lon="-6.8193369" version="2" timestamp="2024-04-28T12:55:56Z" changeset="150617456" uid="9945354" user="salma_z"/>
  <node id="10090635481" lat="34.0340200" lon="-6.8223987" version="2" timestamp="2024-04-28T12:55:56Z" changeset="150617456" uid="9945354" user="salma_z"/>
  <node id="10090635482" lat="34.0340464" lon="-6.8224279" version="2" timestamp="2024-04-28T12:55:56Z" changeset="150617456" uid="9945354" user="salma_z"/>
  <node id="10090635483" lat="34.0336783" lon="-6.8220014" version="2" timestamp="2024-04-28T12:55:56Z" changeset="150617456" uid="9945354" user="salma_z"/>
  <node id="10090635484" lat="34.0337074" lon="-6.8220340" version="2" timestamp="2024-04-28T12:55:56Z" changeset="150617456" uid="9945354" user="salma_z"/>
  <node id="10090635485" lat="34.0328798" lon="-6.8210346" version="2" timestamp="2024-04-24T13:49:17Z" changeset="150448847" uid="9945354" user="salma_z"/>
  <node id="10090635486" lat="34.0329114" lon="-6.8210771" version="2" timestamp="2024-04-24T13:49:17Z" changeset="150448847" uid="9945354" user="salma_z"/>
  <node id="10090635487" lat="34.0325847" lon="-6.8206278" version="2" timestamp="2024-04-24T13:49:17Z" changeset="150448847" uid="9945354" user="salma_z"/>
  <node id="10090635488" lat="34.0325932" lon="-6.8205085" version="1" timestamp="2022-10-10T22:05:18Z" changeset="127325462" uid="6556551" user="TWHB"/>
  <node id="10090635489" lat="34.0326218" lon="-6.8205253" version="1" timestamp="2022-10-10T22:05:18Z" changeset="127325462" uid="6556551" user="TWHB"/>
  <node id="10090635490" lat="34.0325648" lon="-6.8205139" version="1" timestamp="2022-10-10T22:05:18Z" changeset="127325462" uid="6556551" user="TWHB"/>
  <node id="10090635491" lat="34.0325431" lon="-6.8205375" version="1" timestamp="2022-10-10T22:05:18Z" changeset="127325462" uid="6556551" user="TWHB"/>
  <node id="10090635492" lat="34.0325358" lon="-6.8205665" version="1" timestamp="2022-10-10T22:05:18Z" changeset="127325462" uid="6556551" user="TWHB"/>
  <node id="10090635493" lat="34.0325438" lon="-6.8206023" version="1" timestamp="2022-10-10T22:05:18Z" changeset="127325462" uid="6556551" user="TWHB"/>
  <node id="10090635494" lat="34.0325630" lon="-6.8206235" version="1" timestamp="2022-10-10T22:05:18Z" changeset="127325462" uid="6556551" user="TWHB"/>
  <node id="10090635502" lat="34.0336116" lon="-6.8199532" version="2" timestamp="2024-04-28T12:55:56Z" changeset="150617456" uid="9945354" user="salma_z"/>
  <node id="10090635504" lat="34.0335657" lon="-6.8198242" version="2" timestamp="2024-04-24T13:49:17Z" changeset="150448847" uid="9945354" user="salma_z"/>
  <node id="10090635505" lat="34.0335796" lon="-6.8197330" version="2" timestamp="2024-04-24T13:49:17Z" changeset="150448847" uid="9945354" user="salma_z"/>
  <node id="10090635506" lat="34.0336485" lon="-6.8196635" version="1" timestamp="2022-10-10T22:05:18Z" changeset="127325462" uid="6556551" user="TWHB"/>
  <node id="10090635507" lat="34.0317909" lon="-6.8196559" version="2" timestamp="2024-04-24T13:49:17Z" changeset="150448847" uid="9945354" user="salma_z"/>
  <node id="10090635508" lat="34.0318171" lon="-6.8200575" version="2" timestamp="2024-04-24T13:49:17Z" changeset="150448847" uid="9945354" user="salma_z"/>
  <node id="10090635509" lat="34.0318394" lon="-6.8201159" version="2" timestamp="2024-04-24T13:49:17Z" changeset="150448847" uid="9945354" user="salma_z"/>
  <node id="10090635510" lat="34.0318810" lon="-6.8201613" version="3" timestamp="2024-04-30T08:28:09Z" changeset="150695154" uid="9945354" user="salma_z"/>
  <node id="10090635511" lat="34.0321665" lon="-6.8203921" version="2" timestamp="2024-04-24T13:49:17Z" changeset="150448847" uid="9945354" user="salma_z"/>
  <node id="10090635512" lat="34.0323221" lon="-6.8205477" version="2" timestamp="2024-04-24T13:49:17Z" changeset="150448847" uid="9945354" user="salma_z"/>
  <node id="10090635513" lat="34.0324383" lon="-6.8206819" version="2" timestamp="2024-04-24T13:49:17Z" changeset="150448847" uid="9945354" user="salma_z"/>
  <node id="10090635514" lat="34.0347766" lon="-6.8235525" version="2" timestamp="2024-04-24T13:49:17Z" changeset="150448847" uid="9945354" user="salma_z"/>
  <node id="10090635515" lat="34.0349542" lon="-6.8235644" version="2" timestamp="2024-04-28T12:55:56Z" changeset="150617456" uid="9945354" user="salma_z"/>
  <node id="10090635516" lat="34.0334342" lon="-6.8217006" version="2" timestamp="2024-04-24T13:49:17Z" changeset="150448847" uid="9945354" user="salma_z"/>
  <node id="10090635517" lat="34.0336643" lon="-6.8219818" version="2" timestamp="2024-04-24T13:49:17Z" changeset="150448847" uid="9945354" user="salma_z"/>
  <node id="10090635518" lat="34.0337346" lon="-6.8220471" version="2" timestamp="2024-04-24T13:49:17Z" changeset="150448847" uid="9945354" user="salma_z"/>
  <node id="10090635519" lat="34.0340065" lon="-6.8223705" version="2" timestamp="2024-04-24T13:49:17Z" changeset="150448847" uid="9945354" user="salma_z"/>
  <node id="10090635520" lat="34.0346286" lon="-6.8231415" version="2" timestamp="2024-04-28T12:55:56Z" changeset="150617456" uid="9945354" user="salma_z"/>
  <node id="10090635521" lat="34.0346502" lon="-6.8231778" version="2" timestamp="2024-04-28T12:55:56Z" changeset="150617456" uid="9945354" user="salma_z"/>
  <node id="10090635522" lat="34.0346831" lon="-6.8231449" version="2" timestamp="2024-04-28T12:55:56Z" changeset="150617456" uid="9945354" user="salma_z"/>
  <node id="10090635523" lat="34.0340731" lon="-6.8224440" version="3" timestamp="2024-04-24T13:49:17Z" changeset="150448847" uid="9945354" user="salma_z"/>
  <node id="10090635524" lat="34.0343590" lon="-6.8227552" version="3" timestamp="2024-04-24T13:49:17Z" changeset="150448847" uid="9945354" user="salma_z"/>
  <node id="10090635526" lat="34.0346129" lon="-6.8231628" version="3" timestamp="2024-04-24T13:49:17Z" changeset="150448847" uid="9945354" user="salma_z"/>
  <node id="10090635527" lat="34.0348672" lon="-6.8234949" version="2" timestamp="2024-04-28T12:55:56Z" changeset="150617456" uid="9945354" user="salma_z"/>
  <node id="10090635528" lat="34.0348889" lon="-6.8235324" version="2" timestamp="2024-04-28T12:55:56Z" changeset="150617456" uid="9945354" user="salma_z"/>
  <node id="10090635529" lat="34.0348978" lon="-6.8234692" version="2" timestamp="2024-04-28T12:55:56Z" changeset="150617456" uid="9945354" user="salma_z"/>
  <node id="10090635546" lat="34.0361046" lon="-6.8265126" version="2" timestamp="2024-04-28T12:55:56Z" changeset="150617456" uid="9945354" user="salma_z"/>
  <node id="10090635547" lat="34.0361222" lon="-6.8265510" version="2" timestamp="2024-04-28T12:55:56Z" changeset="150617456" uid="9945354" user="salma_z"/>
  <node id="10090635548" lat="34.0361363" lon="-6.8264916" version="2" timestamp="2024-04-28T12:55:56Z" changeset="150617456" uid="9945354" user="salma_z"/>
  <node id="10090635549" lat="34.0364440" lon="-6.8267956" version="2" timestamp="2024-04-28T12:55:56Z" changeset="150617456" uid="9945354" user="salma_z"/>
  <node id="10090635550" lat="34.0364816" lon="-6.8268158" version="2" timestamp="2024-04-28T12:55:56Z" changeset="150617456" uid="9945354" user="salma_z"/>
  <node id="10090635551" lat="34.0365016" lon="-6.8267616" version="2" timestamp="2024-04-28T12:55:56Z" changeset="150617456" uid="9945354" user="salma_z"/>
  <node id="10090635552" lat="34.0364640" lon="-6.8267414" version="2" timestamp="2024-04-28T12:55:56Z" changeset="150617456" uid="9945354" user="salma_z"/>
  <node id="10090635556" lat="34.0367711" lon="-6.8270114" version="2" timestamp="2024-04-28T12:55:56Z" changeset="150617456" uid="9945354" user="salma_z"/>
  <node id="10090635557" lat="34.0368081" lon="-6.8270359" version="2" timestamp="2024-04-28T12:55:56Z" changeset="150617456" uid="9945354" user="salma_z"/>
  <node id="10090635558" lat="34.0368248" lon="-6.8269991" version="2" timestamp="2024-04-28T12:55:56Z" changeset="150617456" uid="9945354" user="salma_z"/>
  <node id="10090635559" lat="34.0375832" lon="-6.8276349" version="1" timestamp="2022-10-10T22:05:18Z" changeset="127325462" uid="6556551" user="TWHB"/>
  <node id="10090635560" lat="34.0376167" lon="-6.8276759" version="1" timestamp="2022-10-10T22:05:18Z" changeset="127325462" uid="6556551" user="TWHB"/>
  <node id="10090635561" lat="34.0376078" lon="-6.8276057" version="1" timestamp="2022-10-10T22:05:18Z" changeset="127325462" uid="6556551" user="TWHB"/>
  <node id="10102174504" lat="34.0352509" lon="-6.8113204" version="1" timestamp="2022-10-14T22:58:42Z" changeset="127548189" uid="578772" user="alain2003"/>
  <node id="10119997236" lat="34.0326533" lon="-6.8228051" version="1" timestamp="2022-10-22T00:22:27Z" changeset="127906037" uid="578772" user="alain2003"/>
  <node id="10119997237" lat="34.0326507" lon="-6.8226711" version="1" timestamp="2022-10-22T00:22:27Z" changeset="127906037" uid="578772" user="alain2003"/>
  <node id="10119997238" lat="34.0327640" lon="-6.8226678" version="1" timestamp="2022-10-22T00:22:27Z" changeset="127906037" uid="578772" user="alain2003"/>
  <node id="10119997239" lat="34.0327666" lon="-6.8228019" version="1" timestamp="2022-10-22T00:22:27Z" changeset="127906037" uid="578772" user="alain2003"/>
  <node id="10119997240" lat="34.0334603" lon="-6.8235454" version="1" timestamp="2022-10-22T00:22:27Z" changeset="127906037" uid="578772" user="alain2003"/>
  <node id="10119997241" lat="34.0332449" lon="-6.8235537" version="1" timestamp="2022-10-22T00:22:27Z" changeset="127906037" uid="578772" user="alain2003"/>
  <node id="10119997242" lat="34.0332456" lon="-6.8235788" version="1" timestamp="2022-10-22T00:22:27Z" changeset="127906037" uid="578772" user="alain2003"/>
  <node id="10119997243" lat="34.0331523" lon="-6.8235824" version="1" timestamp="2022-10-22T00:22:27Z" changeset="127906037" uid="578772" user="alain2003"/>
  <node id="10119997244" lat="34.0331498" lon="-6.8234849" version="1" timestamp="2022-10-22T00:22:27Z" changeset="127906037" uid="578772" user="alain2003"/>
  <node id="10119997245" lat="34.0331942" lon="-6.8234832" version="1" timestamp="2022-10-22T00:22:27Z" changeset="127906037" uid="578772" user="alain2003"/>
  <node id="10119997246" lat="34.0331913" lon="-6.8233733" version="1" timestamp="2022-10-22T00:22:27Z" changeset="127906037" uid="578772" user="alain2003"/>
  <node id="10119997247" lat="34.0334555" lon="-6.8233632" version="1" timestamp="2022-10-22T00:22:27Z" changeset="127906037" uid="578772" user="alain2003"/>
  <node id="10119997248" lat="34.0330251" lon="-6.8235451" version="1" timestamp="2022-10-22T00:22:27Z" changeset="127906037" uid="578772" user="alain2003"/>
  <node id="10119997249" lat="34.0330275" lon="-6.8234594" version="1" timestamp="2022-10-22T00:22:27Z" changeset="127906037" uid="578772" user="alain2003"/>
  <node id="10119997250" lat="34.0331385" lon="-6.8234640" version="1" timestamp="2022-10-22T00:22:27Z" changeset="127906037" uid="578772" user="alain2003"/>
  <node id="10119997251" lat="34.0331361" lon="-6.8235497" version="1" timestamp="2022-10-22T00:22:27Z" changeset="127906037" uid="578772" user="alain2003"/>
  <node id="10119997252" lat="34.0334591" lon="-6.8236720" version="1" timestamp="2022-10-22T00:22:27Z" changeset="127906037" uid="578772" user="alain2003"/>
  <node id="10119997253" lat="34.0334639" lon="-6.8237924" version="1" timestamp="2022-10-22T00:22:27Z" changeset="127906037" uid="578772" user="alain2003"/>
  <node id="10119997254" lat="34.0333685" lon="-6.8237979" version="1" timestamp="2022-10-22T00:22:27Z" changeset="127906037" uid="578772" user="alain2003"/>
  <node id="10119997255" lat="34.0333699" lon="-6.8238311" version="1" timestamp="2022-10-22T00:22:27Z" changeset="127906037" uid="578772" user="alain2003"/>
  <node id="10119997256" lat="34.0332870" lon="-6.8238359" version="1" timestamp="2022-10-22T00:22:27Z" changeset="127906037" uid="578772" user="alain2003"/>
  <node id="10119997257" lat="34.0332808" lon="-6.8236823" version="1" timestamp="2022-10-22T00:22:27Z" changeset="127906037" uid="578772" user="alain2003"/>
  <node id="10119997258" lat="34.0337721" lon="-6.8230220" version="1" timestamp="2022-10-22T00:22:27Z" changeset="127906037" uid="578772" user="alain2003"/>
  <node id="10119997259" lat="34.0337763" lon="-6.8231891" version="1" timestamp="2022-10-22T00:22:27Z" changeset="127906037" uid="578772" user="alain2003"/>
  <node id="10119997260" lat="34.0336497" lon="-6.8231937" version="1" timestamp="2022-10-22T00:22:27Z" changeset="127906037" uid="578772" user="alain2003"/>
  <node id="10119997261" lat="34.0336476" lon="-6.8231080" version="1" timestamp="2022-10-22T00:22:27Z" changeset="127906037" uid="578772" user="alain2003"/>
  <node id="10119997262" lat="34.0336490" lon="-6.8231079" version="1" timestamp="2022-10-22T00:22:27Z" changeset="127906037" uid="578772" user="alain2003"/>
  <node id="10119997263" lat="34.0336469" lon="-6.8230265" version="1" timestamp="2022-10-22T00:22:27Z" changeset="127906037" uid="578772" user="alain2003"/>
  <node id="10119997264" lat="34.0339610" lon="-6.8252595" version="1" timestamp="2022-10-22T00:22:27Z" changeset="127906037" uid="578772" user="alain2003"/>
  <node id="10119997265" lat="34.0340512" lon="-6.8251691" version="1" timestamp="2022-10-22T00:22:27Z" changeset="127906037" uid="578772" user="alain2003"/>
  <node id="10119997266" lat="34.0341346" lon="-6.8252902" version="1" timestamp="2022-10-22T00:22:27Z" changeset="127906037" uid="578772" user="alain2003"/>
  <node id="10119997267" lat="34.0340445" lon="-6.8253807" version="1" timestamp="2022-10-22T00:22:27Z" changeset="127906037" uid="578772" user="alain2003"/>
  <node id="10119997268" lat="34.0339676" lon="-6.8240359" version="1" timestamp="2022-10-22T00:22:27Z" changeset="127906037" uid="578772" user="alain2003"/>
  <node id="10119997269" lat="34.0340839" lon="-6.8240314" version="1" timestamp="2022-10-22T00:22:27Z" changeset="127906037" uid="578772" user="alain2003"/>
  <node id="10119997270" lat="34.0340849" lon="-6.8240679" version="1" timestamp="2022-10-22T00:22:27Z" changeset="127906037" uid="578772" user="alain2003"/>
  <node id="10119997271" lat="34.0340996" lon="-6.8240673" version="1" timestamp="2022-10-22T00:22:27Z" changeset="127906037" uid="578772" user="alain2003"/>
  <node id="10119997272" lat="34.0341052" lon="-6.8242800" version="1" timestamp="2022-10-22T00:22:27Z" changeset="127906037" uid="578772" user="alain2003"/>
  <node id="10119997273" lat="34.0339507" lon="-6.8242860" version="1" timestamp="2022-10-22T00:22:27Z" changeset="127906037" uid="578772" user="alain2003"/>
  <node id="10119997274" lat="34.0339464" lon="-6.8241252" version="1" timestamp="2022-10-22T00:22:27Z" changeset="127906037" uid="578772" user="alain2003"/>
  <node id="10119997275" lat="34.0339699" lon="-6.8241243" version="1" timestamp="2022-10-22T00:22:27Z" changeset="127906037" uid="578772" user="alain2003"/>
  <node id="10119997276" lat="34.0342842" lon="-6.8252475" version="1" timestamp="2022-10-22T00:22:27Z" changeset="127906037" uid="578772" user="alain2003"/>
  <node id="10119997277" lat="34.0343525" lon="-6.8253943" version="1" timestamp="2022-10-22T00:22:27Z" changeset="127906037" uid="578772" user="alain2003"/>
  <node id="10119997278" lat="34.0341007" lon="-6.8255649" version="1" timestamp="2022-10-22T00:22:27Z" changeset="127906037" uid="578772" user="alain2003"/>
  <node id="10119997279" lat="34.0341282" lon="-6.8256241" version="1" timestamp="2022-10-22T00:22:27Z" changeset="127906037" uid="578772" user="alain2003"/>
  <node id="10119997280" lat="34.0340835" lon="-6.8256543" version="1" timestamp="2022-10-22T00:22:27Z" changeset="127906037" uid="578772" user="alain2003"/>
  <node id="10119997281" lat="34.0340105" lon="-6.8254973" version="1" timestamp="2022-10-22T00:22:27Z" changeset="127906037" uid="578772" user="alain2003"/>
  <node id="10119997282" lat="34.0342377" lon="-6.8253434" version="1" timestamp="2022-10-22T00:22:27Z" changeset="127906037" uid="578772" user="alain2003"/>
  <node id="10119997283" lat="34.0342149" lon="-6.8252944" version="1" timestamp="2022-10-22T00:22:27Z" changeset="127906037" uid="578772" user="alain2003"/>
  <node id="10119997306" lat="34.0325943" lon="-6.8252091" version="1" timestamp="2022-10-22T00:22:27Z" changeset="127906037" uid="578772" user="alain2003"/>
  <node id="10119997307" lat="34.0327252" lon="-6.8252035" version="1" timestamp="2022-10-22T00:22:27Z" changeset="127906037" uid="578772" user="alain2003"/>
  <node id="10119997308" lat="34.0327274" lon="-6.8252742" version="1" timestamp="2022-10-22T00:22:27Z" changeset="127906037" uid="578772" user="alain2003"/>
  <node id="10119997309" lat="34.0326630" lon="-6.8252770" version="1" timestamp="2022-10-22T00:22:27Z" changeset="127906037" uid="578772" user="alain2003"/>
  <node id="10119997310" lat="34.0326655" lon="-6.8253600" version="1" timestamp="2022-10-22T00:22:27Z" changeset="127906037" uid="578772" user="alain2003"/>
  <node id="10119997311" lat="34.0325989" lon="-6.8253629" version="1" timestamp="2022-10-22T00:22:27Z" changeset="127906037" uid="578772" user="alain2003"/>
  <node id="10119997330" lat="34.0345833" lon="-6.8263795" version="2" timestamp="2024-04-30T08:28:09Z" changeset="150695154" uid="9945354" user="salma_z"/>
  <node id="10119997331" lat="34.0345478" lon="-6.8262869" version="2" timestamp="2024-04-30T08:28:09Z" changeset="150695154" uid="9945354" user="salma_z"/>
  <node id="10119997332" lat="34.0346905" lon="-6.8262385" version="2" timestamp="2024-04-30T08:28:09Z" changeset="150695154" uid="9945354" user="salma_z"/>
  <node id="10119997334" lat="34.0347190" lon="-6.8262139" version="2" timestamp="2024-04-30T08:28:09Z" changeset="150695154" uid="9945354" user="salma_z"/>
  <node id="10119997335" lat="34.0344237" lon="-6.8257628" version="2" timestamp="2024-04-30T08:28:09Z" changeset="150695154" uid="9945354" user="salma_z"/>
  <node id="10119997336" lat="34.0344102" lon="-6.8257736" version="2" timestamp="2024-04-30T08:28:09Z" changeset="150695154" uid="9945354" user="salma_z"/>
  <node id="10119997337" lat="34.0343880" lon="-6.8257406" version="2" timestamp="2024-04-30T08:28:09Z" changeset="150695154" uid="9945354" user="salma_z"/>
  <node id="10119997338" lat="34.0345179" lon="-6.8256192" version="2" timestamp="2024-04-30T08:28:09Z" changeset="150695154" uid="9945354" user="salma_z"/>
  <node id="10119997339" lat="34.0346024" lon="-6.8257349" version="2" timestamp="2024-04-30T08:28:09Z" changeset="150695154" uid="9945354" user="salma_z"/>
  <node id="10119997340" lat="34.0345864" lon="-6.8257504" version="2" timestamp="2024-04-30T08:28:09Z" changeset="150695154" uid="9945354" user="salma_z"/>
  <node id="10119997341" lat="34.0346205" lon="-6.8257962" version="2" timestamp="2024-04-30T08:28:09Z" changeset="150695154" uid="9945354" user="salma_z"/>
  <node id="10119997342" lat="34.0346000" lon="-6.8258179" version="2" timestamp="2024-04-30T08:28:09Z" changeset="150695154" uid="9945354" user="salma_z"/>
  <node id="10119997343" lat="34.0346304" lon="-6.8258614" version="2" timestamp="2024-04-30T08:28:09Z" changeset="150695154" uid="9945354" user="salma_z"/>
  <node id="10119997344" lat="34.0346424" lon="-6.8258490" version="2" timestamp="2024-04-30T08:28:09Z" changeset="150695154" uid="9945354" user="salma_z"/>
  <node id="10119997345" lat="34.0348591" lon="-6.8261989" version="2" timestamp="2024-04-30T08:28:09Z" changeset="150695154" uid="9945354" user="salma_z"/>
  <node id="10906051663" lat="34.0345185" lon="-6.8233264" version="2" timestamp="2024-04-24T09:49:27Z" changeset="150435765" uid="9945354" user="salma_z"/>
  <node id="10906051664" lat="34.0346282" lon="-6.8231688" version="2" timestamp="2024-04-24T09:49:27Z" changeset="150435765" uid="9945354" user="salma_z"/>
  <node id="10906051665" lat="34.0346108" lon="-6.8231435" version="3" timestamp="2024-04-24T13:49:17Z" changeset="150448847" uid="9945354" user="salma_z"/>
  <node id="10906051666" lat="34.0346488" lon="-6.8231036" version="2" timestamp="2024-04-24T13:49:17Z" changeset="150448847" uid="9945354" user="salma_z"/>
  <node id="10906051667" lat="34.0344051" lon="-6.8227939" version="3" timestamp="2024-04-24T13:49:17Z" changeset="150448847" uid="9945354" user="salma_z"/>
  <node id="10906051668" lat="34.0340681" lon="-6.8224239" version="2" timestamp="2024-04-24T13:49:17Z" changeset="150448847" uid="9945354" user="salma_z"/>
  <node id="10906051669" lat="34.0340470" lon="-6.8224461" version="2" timestamp="2024-04-24T13:49:17Z" changeset="150448847" uid="9945354" user="salma_z"/>
  <node id="10906051670" lat="34.0340287" lon="-6.8224259" version="2" timestamp="2024-04-24T13:49:17Z" changeset="150448847" uid="9945354" user="salma_z"/>
  <node id="10907456862" lat="34.0443410" lon="-6.8266457" version="1" timestamp="2023-05-18T07:54:00Z" changeset="136241407" uid="454932" user="Cyrille37"/>
  <node id="10907469912" lat="34.0333446" lon="-6.8215375" version="3" timestamp="2024-04-28T12:55:56Z" changeset="150617456" uid="9945354" user="salma_z">
    <tag k="barrier" v="entrance"/>
  </node>
  <node id="10914686850" lat="34.0419528" lon="-6.8294719" version="1" timestamp="2023-05-20T19:50:30Z" changeset="136351292" uid="11538330" user="Hel23"/>
  <node id="11140750390" lat="34.0325231" lon="-6.8238334" version="1" timestamp="2023-08-24T09:46:50Z" changeset="140313423" uid="18370762" user="Sofie2016"/>
  <node id="11140750391" lat="34.0324899" lon="-6.8237451" version="1" timestamp="2023-08-24T09:46:50Z" changeset="140313423" uid="18370762" user="Sofie2016"/>
  <node id="11140750392" lat="34.0325676" lon="-6.8237095" version="1" timestamp="2023-08-24T09:46:50Z" changeset="140313423" uid="18370762" user="Sofie2016"/>
  <node id="11140750393" lat="34.0325696" lon="-6.8236971" version="1" timestamp="2023-08-24T09:46:50Z" changeset="140313423" uid="18370762" user="Sofie2016"/>
  <node id="11140752478" lat="34.0318384" lon="-6.8257643" version="1" timestamp="2023-08-24T09:44:00Z" changeset="140313272" uid="18370762" user="Sofie2016"/>
  <node id="11140752479" lat="34.0318045" lon="-6.8258492" version="1" timestamp="2023-08-24T09:44:00Z" changeset="140313272" uid="18370762" user="Sofie2016"/>
  <node id="11140752480" lat="34.0316963" lon="-6.8256834" version="1" timestamp="2023-08-24T09:44:00Z" changeset="140313272" uid="18370762" user="Sofie2016"/>
  <node id="11140759260" lat="34.0326012" lon="-6.8244938" version="1" timestamp="2023-08-24T09:45:41Z" changeset="140313362" uid="18370762" user="Sofie2016"/>
  <node id="11140759261" lat="34.0325923" lon="-6.8243337" version="1" timestamp="2023-08-24T09:45:41Z" changeset="140313362" uid="18370762" user="Sofie2016"/>
  <node id="11140759262" lat="34.0325905" lon="-6.8241502" version="1" timestamp="2023-08-24T09:45:41Z" changeset="140313362" uid="18370762" user="Sofie2016"/>
  <node id="11140759263" lat="34.0327784" lon="-6.8241577" version="1" timestamp="2023-08-24T09:45:41Z" changeset="140313362" uid="18370762" user="Sofie2016"/>
  <node id="11140759264" lat="34.0327652" lon="-6.8241423" version="1" timestamp="2023-08-24T09:45:41Z" changeset="140313362" uid="18370762" user="Sofie2016"/>
  <node id="11140759265" lat="34.0327510" lon="-6.8241346" version="1" timestamp="2023-08-24T09:45:41Z" changeset="140313362" uid="18370762" user="Sofie2016"/>
  <node id="11347362325" lat="34.0341725" lon="-6.8247212" version="2" timestamp="2024-04-24T09:49:27Z" changeset="150435765" uid="9945354" user="salma_z">
    <tag k="highway" v="crossing"/>
  </node>
  <node id="11724006538" lat="34.0318203" lon="-6.8224485" version="3" timestamp="2026-04-07T12:44:31Z" changeset="180996821" uid="1293386" user="Sal73x"/>
  <node id="11724006539" lat="34.0319719" lon="-6.8225343" version="2" timestamp="2026-04-08T07:10:46Z" changeset="181033250" uid="15567285" user="Aya Samir"/>
  <node id="11724006540" lat="34.0319545" lon="-6.8223329" version="4" timestamp="2026-04-08T07:10:46Z" changeset="181033250" uid="15567285" user="Aya Samir"/>
  <node id="11837306744" lat="34.0345045" lon="-6.8272083" version="1" timestamp="2024-04-22T11:46:57Z" changeset="150342706" uid="9945354" user="salma_z"/>
  <node id="11837326622" lat="34.0321356" lon="-6.8268873" version="3" timestamp="2025-05-07T08:00:46Z" changeset="165925537" uid="15567198" user="Merna_mahmoud">
    <tag k="crossing" v="marked"/>
    <tag k="highway" v="crossing"/>
  </node>
  <node id="11837326633" lat="34.0319068" lon="-6.8236285" version="3" timestamp="2025-05-08T13:16:04Z" changeset="165983219" uid="15567198" user="Merna_mahmoud">
    <tag k="crossing" v="marked"/>
    <tag k="highway" v="crossing"/>
  </node>
  <node id="11837326645" lat="34.0320497" lon="-6.8236197" version="3" timestamp="2025-05-08T13:16:04Z" changeset="165983219" uid="15567198" user="Merna_mahmoud">
    <tag k="crossing" v="marked"/>
    <tag k="highway" v="crossing"/>
  </node>
  <node id="11837326650" lat="34.0315407" lon="-6.8186447" version="1" timestamp="2024-04-22T11:46:57Z" changeset="150342706" uid="9945354" user="salma_z"/>
  <node id="11837326651" lat="34.0315980" lon="-6.8193562" version="3" timestamp="2025-01-09T13:29:37Z" changeset="161170166" uid="4003485" user="LateNightTone">
    <tag k="crossing" v="traffic_signals"/>
    <tag k="crossing:island" v="no"/>
    <tag k="crossing:markings" v="zebra"/>
    <tag k="highway" v="crossing"/>
  </node>
  <node id="11837326656" lat="34.0318875" lon="-6.8214742" version="2" timestamp="2025-05-07T08:00:46Z" changeset="165925537" uid="15567198" user="Merna_mahmoud">
    <tag k="crossing" v="marked"/>
    <tag k="highway" v="crossing"/>
  </node>
  <node id="11837326657" lat="34.0317468" lon="-6.8214878" version="2" timestamp="2025-05-07T08:00:46Z" changeset="165925537" uid="15567198" user="Merna_mahmoud">
    <tag k="crossing" v="marked"/>
    <tag k="highway" v="crossing"/>
  </node>
  <node id="11837326658" lat="34.0321522" lon="-6.8239038" version="2" timestamp="2024-04-24T09:49:27Z" changeset="150435765" uid="9945354" user="salma_z">
    <tag k="highway" v="crossing"/>
  </node>
  <node id="11837326659" lat="34.0322793" lon="-6.8268825" version="2" timestamp="2025-05-07T08:00:46Z" changeset="165925537" uid="15567198" user="Merna_mahmoud">
    <tag k="crossing" v="marked"/>
    <tag k="highway" v="crossing"/>
  </node>
  <node id="11837326673" lat="34.0321265" lon="-6.8267489" version="1" timestamp="2024-04-22T11:46:57Z" changeset="150342706" uid="9945354" user="salma_z"/>
  <node id="11837326685" lat="34.0313496" lon="-6.8253828" version="1" timestamp="2024-04-22T11:46:57Z" changeset="150342706" uid="9945354" user="salma_z"/>
  <node id="11837326698" lat="34.0319379" lon="-6.8257234" version="1" timestamp="2024-04-22T11:46:57Z" changeset="150342706" uid="9945354" user="salma_z"/>
  <node id="11837326699" lat="34.0319509" lon="-6.8257276" version="1" timestamp="2024-04-22T11:46:57Z" changeset="150342706" uid="9945354" user="salma_z"/>
  <node id="11837326704" lat="34.0313329" lon="-6.8253730" version="1" timestamp="2024-04-22T11:46:57Z" changeset="150342706" uid="9945354" user="salma_z"/>
  <node id="11837326706" lat="34.0318938" lon="-6.8250181" version="1" timestamp="2024-04-22T11:46:57Z" changeset="150342706" uid="9945354" user="salma_z"/>
  <node id="11837326707" lat="34.0320093" lon="-6.8250180" version="1" timestamp="2024-04-22T11:46:57Z" changeset="150342706" uid="9945354" user="salma_z"/>
  <node id="11837326709" lat="34.0318771" lon="-6.8250127" version="1" timestamp="2024-04-22T11:46:57Z" changeset="150342706" uid="9945354" user="salma_z"/>
  <node id="11837326710" lat="34.0318609" lon="-6.8250055" version="1" timestamp="2024-04-22T11:46:57Z" changeset="150342706" uid="9945354" user="salma_z"/>
  <node id="11837326711" lat="34.0312096" lon="-6.8246287" version="1" timestamp="2024-04-22T11:46:57Z" changeset="150342706" uid="9945354" user="salma_z"/>
  <node id="11837326727" lat="34.0317806" lon="-6.8235691" version="1" timestamp="2024-04-22T11:46:57Z" changeset="150342706" uid="9945354" user="salma_z"/>
  <node id="11837326728" lat="34.0317480" lon="-6.8228700" version="1" timestamp="2024-04-22T11:46:57Z" changeset="150342706" uid="9945354" user="salma_z"/>
  <node id="11837326729" lat="34.0318500" lon="-6.8228698" version="1" timestamp="2024-04-22T11:46:57Z" changeset="150342706" uid="9945354" user="salma_z"/>
  <node id="11837326730" lat="34.0317697" lon="-6.8228725" version="1" timestamp="2024-04-22T11:46:57Z" changeset="150342706" uid="9945354" user="salma_z"/>
  <node id="11837326731" lat="34.0317588" lon="-6.8228720" version="2" timestamp="2024-04-24T09:49:27Z" changeset="150435765" uid="9945354" user="salma_z">
    <tag k="highway" v="crossing"/>
  </node>
  <node id="11837326732" lat="34.0317375" lon="-6.8228665" version="1" timestamp="2024-04-22T11:46:57Z" changeset="150342706" uid="9945354" user="salma_z"/>
  <node id="11837326733" lat="34.0315908" lon="-6.8227948" version="1" timestamp="2024-04-22T11:46:57Z" changeset="150342706" uid="9945354" user="salma_z"/>
  <node id="11837326734" lat="34.0317400" lon="-6.8225617" version="1" timestamp="2024-04-22T11:46:57Z" changeset="150342706" uid="9945354" user="salma_z"/>
  <node id="11837326735" lat="34.0317478" lon="-6.8225641" version="1" timestamp="2024-04-22T11:46:57Z" changeset="150342706" uid="9945354" user="salma_z"/>
  <node id="11837326736" lat="34.0317536" lon="-6.8225701" version="1" timestamp="2024-04-22T11:46:57Z" changeset="150342706" uid="9945354" user="salma_z"/>
  <node id="11837326737" lat="34.0317714" lon="-6.8228259" version="1" timestamp="2024-04-22T11:46:57Z" changeset="150342706" uid="9945354" user="salma_z"/>
  <node id="11837326738" lat="34.0317569" lon="-6.8228370" version="1" timestamp="2024-04-22T11:46:57Z" changeset="150342706" uid="9945354" user="salma_z"/>
  <node id="11837326739" lat="34.0317653" lon="-6.8228316" version="1" timestamp="2024-04-22T11:46:57Z" changeset="150342706" uid="9945354" user="salma_z"/>
  <node id="11837326740" lat="34.0316163" lon="-6.8227679" version="1" timestamp="2024-04-22T11:46:57Z" changeset="150342706" uid="9945354" user="salma_z"/>
  <node id="11837326741" lat="34.0314977" lon="-6.8227409" version="1" timestamp="2024-04-22T11:46:57Z" changeset="150342706" uid="9945354" user="salma_z"/>
  <node id="11837326742" lat="34.0315924" lon="-6.8227606" version="1" timestamp="2024-04-22T11:46:57Z" changeset="150342706" uid="9945354" user="salma_z"/>
  <node id="11837326743" lat="34.0317464" lon="-6.8228357" version="1" timestamp="2024-04-22T11:46:57Z" changeset="150342706" uid="9945354" user="salma_z"/>
  <node id="11837326744" lat="34.0317747" lon="-6.8228149" version="1" timestamp="2024-04-22T11:46:57Z" changeset="150342706" uid="9945354" user="salma_z"/>
  <node id="11837326745" lat="34.0317303" lon="-6.8225614" version="1" timestamp="2024-04-22T11:46:57Z" changeset="150342706" uid="9945354" user="salma_z"/>
  <node id="11837326746" lat="34.0314891" lon="-6.8227174" version="1" timestamp="2024-04-22T11:46:57Z" changeset="150342706" uid="9945354" user="salma_z"/>
  <node id="11837326749" lat="34.0317940" lon="-6.8235723" version="1" timestamp="2024-04-22T11:46:57Z" changeset="150342706" uid="9945354" user="salma_z"/>
  <node id="11837326750" lat="34.0317674" lon="-6.8235649" version="1" timestamp="2024-04-22T11:46:57Z" changeset="150342706" uid="9945354" user="salma_z"/>
  <node id="11837326751" lat="34.0313662" lon="-6.8233360" version="1" timestamp="2024-04-22T11:46:57Z" changeset="150342706" uid="9945354" user="salma_z"/>
  <node id="11837326763" lat="34.0315364" lon="-6.8225118" version="1" timestamp="2024-04-22T11:46:57Z" changeset="150342706" uid="9945354" user="salma_z"/>
  <node id="11837326764" lat="34.0317534" lon="-6.8223896" version="2" timestamp="2026-04-07T12:44:31Z" changeset="180996821" uid="1293386" user="Sal73x"/>
  <node id="11837326765" lat="34.0317500" lon="-6.8223552" version="1" timestamp="2024-04-22T11:46:57Z" changeset="150342706" uid="9945354" user="salma_z"/>
  <node id="11837610699" lat="34.0320500" lon="-6.8243796" version="1" timestamp="2024-04-22T13:57:50Z" changeset="150348679" uid="9945354" user="salma_z"/>
  <node id="11837610700" lat="34.0320335" lon="-6.8243727" version="1" timestamp="2024-04-22T13:57:50Z" changeset="150348679" uid="9945354" user="salma_z"/>
  <node id="11837610701" lat="34.0320063" lon="-6.8243854" version="1" timestamp="2024-04-22T13:57:50Z" changeset="150348679" uid="9945354" user="salma_z"/>
  <node id="11837610702" lat="34.0319995" lon="-6.8243981" version="1" timestamp="2024-04-22T13:57:50Z" changeset="150348679" uid="9945354" user="salma_z"/>
  <node id="11837610703" lat="34.0320615" lon="-6.8243954" version="1" timestamp="2024-04-22T13:57:50Z" changeset="150348679" uid="9945354" user="salma_z"/>
  <node id="11837610704" lat="34.0320164" lon="-6.8243766" version="1" timestamp="2024-04-22T13:57:50Z" changeset="150348679" uid="9945354" user="salma_z"/>
  <node id="11837610705" lat="34.0319970" lon="-6.8244128" version="1" timestamp="2024-04-22T13:57:50Z" changeset="150348679" uid="9945354" user="salma_z"/>
  <node id="11837610708" lat="34.0321831" lon="-6.8266833" version="1" timestamp="2024-04-22T13:57:50Z" changeset="150348679" uid="9945354" user="salma_z"/>
  <node id="11837610709" lat="34.0321997" lon="-6.8266891" version="1" timestamp="2024-04-22T13:57:50Z" changeset="150348679" uid="9945354" user="salma_z"/>
  <node id="11837610710" lat="34.0322273" lon="-6.8266743" version="1" timestamp="2024-04-22T13:57:50Z" changeset="150348679" uid="9945354" user="salma_z"/>
  <node id="11837610711" lat="34.0322340" lon="-6.8266597" version="1" timestamp="2024-04-22T13:57:50Z" changeset="150348679" uid="9945354" user="salma_z"/>
  <node id="11837610712" lat="34.0321709" lon="-6.8266685" version="1" timestamp="2024-04-22T13:57:50Z" changeset="150348679" uid="9945354" user="salma_z"/>
  <node id="11837610713" lat="34.0322165" lon="-6.8266846" version="1" timestamp="2024-04-22T13:57:50Z" changeset="150348679" uid="9945354" user="salma_z"/>
  <node id="11837610714" lat="34.0322354" lon="-6.8266431" version="1" timestamp="2024-04-22T13:57:50Z" changeset="150348679" uid="9945354" user="salma_z"/>
  <node id="11837610715" lat="34.0320137" lon="-6.8238783" version="1" timestamp="2024-04-22T13:57:50Z" changeset="150348679" uid="9945354" user="salma_z"/>
  <node id="11837610716" lat="34.0319975" lon="-6.8238719" version="1" timestamp="2024-04-22T13:57:50Z" changeset="150348679" uid="9945354" user="salma_z"/>
  <node id="11837610717" lat="34.0319680" lon="-6.8238882" version="1" timestamp="2024-04-22T13:57:50Z" changeset="150348679" uid="9945354" user="salma_z"/>
  <node id="11837610718" lat="34.0320253" lon="-6.8238931" version="1" timestamp="2024-04-22T13:57:50Z" changeset="150348679" uid="9945354" user="salma_z"/>
  <node id="11837610719" lat="34.0319809" lon="-6.8238757" version="1" timestamp="2024-04-22T13:57:50Z" changeset="150348679" uid="9945354" user="salma_z"/>
  <node id="11837610720" lat="34.0319614" lon="-6.8239065" version="1" timestamp="2024-04-22T13:57:50Z" changeset="150348679" uid="9945354" user="salma_z"/>
  <node id="11837610721" lat="34.0319892" lon="-6.8242136" version="1" timestamp="2024-04-22T13:57:50Z" changeset="150348679" uid="9945354" user="salma_z"/>
  <node id="11837610722" lat="34.0320011" lon="-6.8242233" version="1" timestamp="2024-04-22T13:57:50Z" changeset="150348679" uid="9945354" user="salma_z"/>
  <node id="11837610723" lat="34.0320290" lon="-6.8242226" version="1" timestamp="2024-04-22T13:57:50Z" changeset="150348679" uid="9945354" user="salma_z"/>
  <node id="11837610724" lat="34.0320403" lon="-6.8242127" version="1" timestamp="2024-04-22T13:57:50Z" changeset="150348679" uid="9945354" user="salma_z"/>
  <node id="11837610725" lat="34.0319814" lon="-6.8241989" version="1" timestamp="2024-04-22T13:57:50Z" changeset="150348679" uid="9945354" user="salma_z"/>
  <node id="11837610726" lat="34.0320153" lon="-6.8242264" version="1" timestamp="2024-04-22T13:57:50Z" changeset="150348679" uid="9945354" user="salma_z"/>
  <node id="11837610727" lat="34.0320476" lon="-6.8241982" version="1" timestamp="2024-04-22T13:57:50Z" changeset="150348679" uid="9945354" user="salma_z"/>
  <node id="11837610729" lat="34.0319423" lon="-6.8227099" version="1" timestamp="2024-04-22T13:57:50Z" changeset="150348679" uid="9945354" user="salma_z"/>
  <node id="11837610730" lat="34.0319311" lon="-6.8226796" version="1" timestamp="2024-04-22T13:57:50Z" changeset="150348679" uid="9945354" user="salma_z"/>
  <node id="11837610731" lat="34.0319178" lon="-6.8226699" version="1" timestamp="2024-04-22T13:57:50Z" changeset="150348679" uid="9945354" user="salma_z"/>
  <node id="11837610732" lat="34.0319023" lon="-6.8226682" version="1" timestamp="2024-04-22T13:57:50Z" changeset="150348679" uid="9945354" user="salma_z"/>
  <node id="11837610733" lat="34.0318790" lon="-6.8226856" version="1" timestamp="2024-04-22T13:57:50Z" changeset="150348679" uid="9945354" user="salma_z"/>
  <node id="11837610734" lat="34.0319395" lon="-6.8226955" version="1" timestamp="2024-04-22T13:57:50Z" changeset="150348679" uid="9945354" user="salma_z"/>
  <node id="11837610735" lat="34.0318878" lon="-6.8226751" version="1" timestamp="2024-04-22T13:57:50Z" changeset="150348679" uid="9945354" user="salma_z"/>
  <node id="11837610736" lat="34.0318739" lon="-6.8226992" version="1" timestamp="2024-04-22T13:57:50Z" changeset="150348679" uid="9945354" user="salma_z"/>
  <node id="11837610738" lat="34.0319415" lon="-6.8237142" version="2" timestamp="2025-05-07T08:00:46Z" changeset="165925537" uid="15567198" user="Merna_mahmoud"/>
  <node id="11837610739" lat="34.0319529" lon="-6.8237257" version="2" timestamp="2025-05-07T08:00:46Z" changeset="165925537" uid="15567198" user="Merna_mahmoud"/>
  <node id="11837610740" lat="34.0319672" lon="-6.8237301" version="2" timestamp="2025-05-07T08:00:46Z" changeset="165925537" uid="15567198" user="Merna_mahmoud"/>
  <node id="11837610741" lat="34.0319926" lon="-6.8237169" version="2" timestamp="2025-05-07T08:00:46Z" changeset="165925537" uid="15567198" user="Merna_mahmoud"/>
  <node id="11837610742" lat="34.0319353" lon="-6.8236980" version="2" timestamp="2025-05-07T08:00:46Z" changeset="165925537" uid="15567198" user="Merna_mahmoud"/>
  <node id="11837610743" lat="34.0319817" lon="-6.8237265" version="2" timestamp="2025-05-07T08:00:46Z" changeset="165925537" uid="15567198" user="Merna_mahmoud"/>
  <node id="11837610744" lat="34.0319995" lon="-6.8237027" version="2" timestamp="2025-05-07T08:00:46Z" changeset="165925537" uid="15567198" user="Merna_mahmoud"/>
  <node id="11837610749" lat="34.0318569" lon="-6.8214870" version="2" timestamp="2025-05-07T08:00:46Z" changeset="165925537" uid="15567198" user="Merna_mahmoud"/>
  <node id="11837610750" lat="34.0317764" lon="-6.8214943" version="2" timestamp="2025-05-07T08:00:46Z" changeset="165925537" uid="15567198" user="Merna_mahmoud"/>
  <node id="11837610751" lat="34.0318319" lon="-6.8221557" version="1" timestamp="2024-04-22T13:57:50Z" changeset="150348679" uid="9945354" user="salma_z"/>
  <node id="11837610752" lat="34.0319075" lon="-6.8221691" version="1" timestamp="2024-04-22T13:57:50Z" changeset="150348679" uid="9945354" user="salma_z"/>
  <node id="11837611041" lat="34.0317619" lon="-6.8303914" version="1" timestamp="2024-04-22T13:57:50Z" changeset="150348679" uid="9945354" user="salma_z"/>
  <node id="11837611042" lat="34.0315469" lon="-6.8299469" version="1" timestamp="2024-04-22T13:57:50Z" changeset="150348679" uid="9945354" user="salma_z"/>
  <node id="11837611043" lat="34.0316336" lon="-6.8302285" version="1" timestamp="2024-04-22T13:57:50Z" changeset="150348679" uid="9945354" user="salma_z"/>
  <node id="11839406373" lat="34.0567599" lon="-6.8197705" version="1" timestamp="2024-04-22T22:35:55Z" changeset="150368744" uid="15166886" user="smaptious"/>
  <node id="11841355724" lat="34.0315617" lon="-6.8197494" version="1" timestamp="2024-04-23T13:08:57Z" changeset="150395139" uid="9945354" user="salma_z"/>
  <node id="11841355757" lat="34.0316522" lon="-6.8202496" version="1" timestamp="2024-04-23T13:08:57Z" changeset="150395139" uid="9945354" user="salma_z"/>
  <node id="11841355768" lat="34.0316608" lon="-6.8203730" version="1" timestamp="2024-04-23T13:08:57Z" changeset="150395139" uid="9945354" user="salma_z"/>
  <node id="11841355795" lat="34.0316552" lon="-6.8222442" version="1" timestamp="2024-04-23T13:08:57Z" changeset="150395139" uid="9945354" user="salma_z"/>
  <node id="11841355841" lat="34.0315833" lon="-6.8219010" version="1" timestamp="2024-04-23T13:08:57Z" changeset="150395139" uid="9945354" user="salma_z"/>
  <node id="11841355887" lat="34.0316830" lon="-6.8227894" version="1" timestamp="2024-04-23T13:08:57Z" changeset="150395139" uid="9945354" user="salma_z"/>
  <node id="11841355888" lat="34.0317169" lon="-6.8227686" version="1" timestamp="2024-04-23T13:08:57Z" changeset="150395139" uid="9945354" user="salma_z"/>
  <node id="11841355889" lat="34.0316608" lon="-6.8226794" version="1" timestamp="2024-04-23T13:08:57Z" changeset="150395139" uid="9945354" user="salma_z"/>
  <node id="11841355890" lat="34.0315969" lon="-6.8227143" version="1" timestamp="2024-04-23T13:08:57Z" changeset="150395139" uid="9945354" user="salma_z"/>
  <node id="11841355891" lat="34.0315824" lon="-6.8226908" version="1" timestamp="2024-04-23T13:08:57Z" changeset="150395139" uid="9945354" user="salma_z"/>
  <node id="11841355892" lat="34.0317336" lon="-6.8226023" version="1" timestamp="2024-04-23T13:08:57Z" changeset="150395139" uid="9945354" user="salma_z"/>
  <node id="11841355893" lat="34.0317453" lon="-6.8228189" version="1" timestamp="2024-04-23T13:08:57Z" changeset="150395139" uid="9945354" user="salma_z"/>
  <node id="11843497899" lat="34.0338893" lon="-6.8248683" version="1" timestamp="2024-04-24T09:49:26Z" changeset="150435765" uid="9945354" user="salma_z"/>
  <node id="11843497900" lat="34.0340025" lon="-6.8250351" version="1" timestamp="2024-04-24T09:49:26Z" changeset="150435765" uid="9945354" user="salma_z"/>
  <node id="11843497901" lat="34.0338915" lon="-6.8248869" version="1" timestamp="2024-04-24T09:49:26Z" changeset="150435765" uid="9945354" user="salma_z"/>
  <node id="11843497902" lat="34.0337187" lon="-6.8250583" version="1" timestamp="2024-04-24T09:49:26Z" changeset="150435765" uid="9945354" user="salma_z"/>
  <node id="11843497903" lat="34.0337907" lon="-6.8251639" version="1" timestamp="2024-04-24T09:49:26Z" changeset="150435765" uid="9945354" user="salma_z"/>
  <node id="11843497904" lat="34.0339635" lon="-6.8249925" version="1" timestamp="2024-04-24T09:49:26Z" changeset="150435765" uid="9945354" user="salma_z"/>
  <node id="11843497905" lat="34.0339787" lon="-6.8249792" version="1" timestamp="2024-04-24T09:49:26Z" changeset="150435765" uid="9945354" user="salma_z"/>
  <node id="11843497906" lat="34.0339074" lon="-6.8248710" version="1" timestamp="2024-04-24T09:49:26Z" changeset="150435765" uid="9945354" user="salma_z"/>
  <node id="11843497907" lat="34.0340335" lon="-6.8247501" version="1" timestamp="2024-04-24T09:49:26Z" changeset="150435765" uid="9945354" user="salma_z"/>
  <node id="11843497908" lat="34.0341047" lon="-6.8248582" version="1" timestamp="2024-04-24T09:49:26Z" changeset="150435765" uid="9945354" user="salma_z"/>
  <node id="11843497909" lat="34.0336969" lon="-6.8250565" version="1" timestamp="2024-04-24T09:49:26Z" changeset="150435765" uid="9945354" user="salma_z"/>
  <node id="11843497910" lat="34.0337202" lon="-6.8250377" version="1" timestamp="2024-04-24T09:49:26Z" changeset="150435765" uid="9945354" user="salma_z"/>
  <node id="11843497911" lat="34.0340981" lon="-6.8247964" version="1" timestamp="2024-04-24T09:49:26Z" changeset="150435765" uid="9945354" user="salma_z"/>
  <node id="11843497912" lat="34.0340414" lon="-6.8247159" version="1" timestamp="2024-04-24T09:49:26Z" changeset="150435765" uid="9945354" user="salma_z"/>
  <node id="11843502186" lat="34.0344939" lon="-6.8245678" version="1" timestamp="2024-04-24T09:49:26Z" changeset="150435765" uid="9945354" user="salma_z"/>
  <node id="11843502245" lat="34.0322682" lon="-6.8254284" version="1" timestamp="2024-04-24T09:49:26Z" changeset="150435765" uid="9945354" user="salma_z"/>
  <node id="11843502246" lat="34.0322643" lon="-6.8252587" version="1" timestamp="2024-04-24T09:49:26Z" changeset="150435765" uid="9945354" user="salma_z"/>
  <node id="11843502247" lat="34.0322843" lon="-6.8252580" version="1" timestamp="2024-04-24T09:49:26Z" changeset="150435765" uid="9945354" user="salma_z"/>
  <node id="11843502248" lat="34.0322882" lon="-6.8254277" version="1" timestamp="2024-04-24T09:49:26Z" changeset="150435765" uid="9945354" user="salma_z"/>
  <node id="11843502249" lat="34.0322822" lon="-6.8250800" version="1" timestamp="2024-04-24T09:49:26Z" changeset="150435765" uid="9945354" user="salma_z"/>
  <node id="11843502250" lat="34.0322488" lon="-6.8250806" version="1" timestamp="2024-04-24T09:49:26Z" changeset="150435765" uid="9945354" user="salma_z"/>
  <node id="11843502251" lat="34.0322503" lon="-6.8251923" version="1" timestamp="2024-04-24T09:49:26Z" changeset="150435765" uid="9945354" user="salma_z"/>
  <node id="11843502252" lat="34.0322836" lon="-6.8251917" version="1" timestamp="2024-04-24T09:49:26Z" changeset="150435765" uid="9945354" user="salma_z"/>
  <node id="11843502253" lat="34.0322356" lon="-6.8250165" version="1" timestamp="2024-04-24T09:49:26Z" changeset="150435765" uid="9945354" user="salma_z"/>
  <node id="11843502254" lat="34.0322240" lon="-6.8248002" version="1" timestamp="2024-04-24T09:49:26Z" changeset="150435765" uid="9945354" user="salma_z"/>
  <node id="11843502255" lat="34.0322629" lon="-6.8247972" version="1" timestamp="2024-04-24T09:49:26Z" changeset="150435765" uid="9945354" user="salma_z"/>
  <node id="11843502256" lat="34.0322746" lon="-6.8250134" version="1" timestamp="2024-04-24T09:49:26Z" changeset="150435765" uid="9945354" user="salma_z"/>
  <node id="11843502257" lat="34.0321650" lon="-6.8247563" version="1" timestamp="2024-04-24T09:49:26Z" changeset="150435765" uid="9945354" user="salma_z"/>
  <node id="11843502258" lat="34.0321325" lon="-6.8242916" version="1" timestamp="2024-04-24T09:49:26Z" changeset="150435765" uid="9945354" user="salma_z"/>
  <node id="11843502259" lat="34.0321802" lon="-6.8247547" version="1" timestamp="2024-04-24T09:49:26Z" changeset="150435765" uid="9945354" user="salma_z"/>
  <node id="11843502260" lat="34.0321907" lon="-6.8248176" version="1" timestamp="2024-04-24T09:49:26Z" changeset="150435765" uid="9945354" user="salma_z"/>
  <node id="11843502261" lat="34.0321754" lon="-6.8248190" version="1" timestamp="2024-04-24T09:49:26Z" changeset="150435765" uid="9945354" user="salma_z"/>
  <node id="11843502262" lat="34.0321893" lon="-6.8250420" version="1" timestamp="2024-04-24T09:49:26Z" changeset="150435765" uid="9945354" user="salma_z"/>
  <node id="11843502263" lat="34.0322045" lon="-6.8250406" version="1" timestamp="2024-04-24T09:49:26Z" changeset="150435765" uid="9945354" user="salma_z"/>
  <node id="11843502264" lat="34.0322118" lon="-6.8250986" version="1" timestamp="2024-04-24T09:49:26Z" changeset="150435765" uid="9945354" user="salma_z"/>
  <node id="11843502265" lat="34.0321939" lon="-6.8250999" version="1" timestamp="2024-04-24T09:49:26Z" changeset="150435765" uid="9945354" user="salma_z"/>
  <node id="11843502266" lat="34.0321980" lon="-6.8251874" version="1" timestamp="2024-04-24T09:49:26Z" changeset="150435765" uid="9945354" user="salma_z"/>
  <node id="11843502267" lat="34.0322159" lon="-6.8251862" version="1" timestamp="2024-04-24T09:49:26Z" changeset="150435765" uid="9945354" user="salma_z"/>
  <node id="11843502268" lat="34.0322204" lon="-6.8254421" version="1" timestamp="2024-04-24T09:49:26Z" changeset="150435765" uid="9945354" user="salma_z"/>
  <node id="11843502269" lat="34.0322020" lon="-6.8252423" version="1" timestamp="2024-04-24T09:49:26Z" changeset="150435765" uid="9945354" user="salma_z"/>
  <node id="11843502270" lat="34.0322243" lon="-6.8252396" version="1" timestamp="2024-04-24T09:49:26Z" changeset="150435765" uid="9945354" user="salma_z"/>
  <node id="11843502271" lat="34.0322365" lon="-6.8254340" version="1" timestamp="2024-04-24T09:49:26Z" changeset="150435765" uid="9945354" user="salma_z"/>
  <node id="11843502272" lat="34.0322426" lon="-6.8254843" version="1" timestamp="2024-04-24T09:49:26Z" changeset="150435765" uid="9945354" user="salma_z"/>
  <node id="11843502273" lat="34.0322232" lon="-6.8254850" version="1" timestamp="2024-04-24T09:49:26Z" changeset="150435765" uid="9945354" user="salma_z"/>
  <node id="11843502274" lat="34.0323037" lon="-6.8265354" version="1" timestamp="2024-04-24T09:49:26Z" changeset="150435765" uid="9945354" user="salma_z"/>
  <node id="11843502275" lat="34.0323201" lon="-6.8265348" version="1" timestamp="2024-04-24T09:49:26Z" changeset="150435765" uid="9945354" user="salma_z"/>
  <node id="11843502282" lat="34.0322102" lon="-6.8247813" version="1" timestamp="2024-04-24T09:49:26Z" changeset="150435765" uid="9945354" user="salma_z"/>
  <node id="11843502283" lat="34.0322306" lon="-6.8250650" version="1" timestamp="2024-04-24T09:49:26Z" changeset="150435765" uid="9945354" user="salma_z"/>
  <node id="11843502284" lat="34.0321641" lon="-6.8252208" version="1" timestamp="2024-04-24T09:49:26Z" changeset="150435765" uid="9945354" user="salma_z"/>
  <node id="11843502285" lat="34.0322413" lon="-6.8252121" version="1" timestamp="2024-04-24T09:49:26Z" changeset="150435765" uid="9945354" user="salma_z"/>
  <node id="11843502286" lat="34.0321534" lon="-6.8250755" version="1" timestamp="2024-04-24T09:49:26Z" changeset="150435765" uid="9945354" user="salma_z"/>
  <node id="11843502287" lat="34.0322732" lon="-6.8250592" version="1" timestamp="2024-04-24T09:49:26Z" changeset="150435765" uid="9945354" user="salma_z"/>
  <node id="11843502288" lat="34.0321321" lon="-6.8247861" version="1" timestamp="2024-04-24T09:49:26Z" changeset="150435765" uid="9945354" user="salma_z"/>
  <node id="11843502289" lat="34.0322721" lon="-6.8247776" version="1" timestamp="2024-04-24T09:49:26Z" changeset="150435765" uid="9945354" user="salma_z"/>
  <node id="11843502290" lat="34.0322375" lon="-6.8245975" version="2" timestamp="2024-05-01T20:28:59Z" changeset="150767944" uid="10778897" user="Hightide10"/>
  <node id="11843502291" lat="34.0323349" lon="-6.8265089" version="1" timestamp="2024-04-24T09:49:26Z" changeset="150435765" uid="9945354" user="salma_z"/>
  <node id="11843502292" lat="34.0323483" lon="-6.8266152" version="2" timestamp="2025-06-06T06:03:52Z" changeset="167250757" uid="22435148" user="SevierLake"/>
  <node id="11843502296" lat="34.0322651" lon="-6.8265951" version="1" timestamp="2024-04-24T09:49:26Z" changeset="150435765" uid="9945354" user="salma_z"/>
  <node id="11843502297" lat="34.0340516" lon="-6.8238629" version="2" timestamp="2024-04-29T14:07:26Z" changeset="150665557" uid="9945354" user="salma_z"/>
  <node id="11843502299" lat="34.0340424" lon="-6.8238860" version="2" timestamp="2024-04-29T14:07:26Z" changeset="150665557" uid="9945354" user="salma_z"/>
  <node id="11843502300" lat="34.0340277" lon="-6.8239045" version="2" timestamp="2024-04-29T14:07:26Z" changeset="150665557" uid="9945354" user="salma_z"/>
  <node id="11843502301" lat="34.0340091" lon="-6.8239167" version="2" timestamp="2024-04-29T14:07:26Z" changeset="150665557" uid="9945354" user="salma_z"/>
  <node id="11843502302" lat="34.0324137" lon="-6.8241959" version="1" timestamp="2024-04-24T09:49:26Z" changeset="150435765" uid="9945354" user="salma_z"/>
  <node id="11843502303" lat="34.0324097" lon="-6.8241813" version="1" timestamp="2024-04-24T09:49:26Z" changeset="150435765" uid="9945354" user="salma_z"/>
  <node id="11843502304" lat="34.0324133" lon="-6.8242114" version="1" timestamp="2024-04-24T09:49:26Z" changeset="150435765" uid="9945354" user="salma_z"/>
  <node id="11843502305" lat="34.0324084" lon="-6.8242257" version="1" timestamp="2024-04-24T09:49:26Z" changeset="150435765" uid="9945354" user="salma_z"/>
  <node id="11843502306" lat="34.0322949" lon="-6.8243017" version="1" timestamp="2024-04-24T09:49:26Z" changeset="150435765" uid="9945354" user="salma_z"/>
  <node id="11843502307" lat="34.0322711" lon="-6.8242894" version="1" timestamp="2024-04-24T09:49:26Z" changeset="150435765" uid="9945354" user="salma_z"/>
  <node id="11843502308" lat="34.0323079" lon="-6.8242998" version="1" timestamp="2024-04-24T09:49:26Z" changeset="150435765" uid="9945354" user="salma_z"/>
  <node id="11843502309" lat="34.0322820" lon="-6.8242981" version="1" timestamp="2024-04-24T09:49:26Z" changeset="150435765" uid="9945354" user="salma_z"/>
  <node id="11843502310" lat="34.0322632" lon="-6.8242766" version="1" timestamp="2024-04-24T09:49:26Z" changeset="150435765" uid="9945354" user="salma_z"/>
  <node id="11843502311" lat="34.0324017" lon="-6.8241693" version="1" timestamp="2024-04-24T09:49:26Z" changeset="150435765" uid="9945354" user="salma_z"/>
  <node id="11843502312" lat="34.0323232" lon="-6.8243310" version="1" timestamp="2024-04-24T09:49:26Z" changeset="150435765" uid="9945354" user="salma_z"/>
  <node id="11843502313" lat="34.0323636" lon="-6.8243177" version="1" timestamp="2024-04-24T09:49:26Z" changeset="150435765" uid="9945354" user="salma_z"/>
  <node id="11843502314" lat="34.0324119" lon="-6.8242860" version="1" timestamp="2024-04-24T09:49:26Z" changeset="150435765" uid="9945354" user="salma_z"/>
  <node id="11843502315" lat="34.0324359" lon="-6.8243384" version="1" timestamp="2024-04-24T09:49:26Z" changeset="150435765" uid="9945354" user="salma_z"/>
  <node id="11843502316" lat="34.0323953" lon="-6.8242480" version="1" timestamp="2024-04-24T09:49:26Z" changeset="150435765" uid="9945354" user="salma_z"/>
  <node id="11843502317" lat="34.0323472" lon="-6.8242795" version="1" timestamp="2024-04-24T09:49:26Z" changeset="150435765" uid="9945354" user="salma_z"/>
  <node id="11843502318" lat="34.0323878" lon="-6.8243699" version="1" timestamp="2024-04-24T09:49:26Z" changeset="150435765" uid="9945354" user="salma_z"/>
  <node id="11843502319" lat="34.0322189" lon="-6.8243015" version="1" timestamp="2024-04-24T09:49:26Z" changeset="150435765" uid="9945354" user="salma_z"/>
  <node id="11843502320" lat="34.0322302" lon="-6.8243158" version="1" timestamp="2024-04-24T09:49:26Z" changeset="150435765" uid="9945354" user="salma_z"/>
  <node id="11843502321" lat="34.0322448" lon="-6.8243243" version="1" timestamp="2024-04-24T09:49:26Z" changeset="150435765" uid="9945354" user="salma_z"/>
  <node id="11843502322" lat="34.0321327" lon="-6.8239310" version="1" timestamp="2024-04-24T09:49:26Z" changeset="150435765" uid="9945354" user="salma_z"/>
  <node id="11843502323" lat="34.0321073" lon="-6.8239329" version="1" timestamp="2024-04-24T09:49:26Z" changeset="150435765" uid="9945354" user="salma_z"/>
  <node id="11843502324" lat="34.0321197" lon="-6.8241744" version="1" timestamp="2024-04-24T09:49:26Z" changeset="150435765" uid="9945354" user="salma_z"/>
  <node id="11843502325" lat="34.0321451" lon="-6.8241726" version="1" timestamp="2024-04-24T09:49:26Z" changeset="150435765" uid="9945354" user="salma_z"/>
  <node id="11843502326" lat="34.0321670" lon="-6.8239461" version="1" timestamp="2024-04-24T09:49:26Z" changeset="150435765" uid="9945354" user="salma_z"/>
  <node id="11843502327" lat="34.0323454" lon="-6.8240507" version="1" timestamp="2024-04-24T09:49:26Z" changeset="150435765" uid="9945354" user="salma_z"/>
  <node id="11843502328" lat="34.0321770" lon="-6.8241580" version="1" timestamp="2024-04-24T09:49:26Z" changeset="150435765" uid="9945354" user="salma_z"/>
  <node id="11843502329" lat="34.0321554" lon="-6.8242251" version="1" timestamp="2024-04-24T09:49:26Z" changeset="150435765" uid="9945354" user="salma_z"/>
  <node id="11843502330" lat="34.0321740" lon="-6.8225967" version="1" timestamp="2024-04-24T09:49:26Z" changeset="150435765" uid="9945354" user="salma_z"/>
  <node id="11843502331" lat="34.0321779" lon="-6.8224699" version="1" timestamp="2024-04-24T09:49:26Z" changeset="150435765" uid="9945354" user="salma_z"/>
  <node id="11843502332" lat="34.0322196" lon="-6.8224718" version="1" timestamp="2024-04-24T09:49:26Z" changeset="150435765" uid="9945354" user="salma_z"/>
  <node id="11843502333" lat="34.0322156" lon="-6.8225986" version="1" timestamp="2024-04-24T09:49:26Z" changeset="150435765" uid="9945354" user="salma_z"/>
  <node id="11843502334" lat="34.0321587" lon="-6.8237401" version="1" timestamp="2024-04-24T09:49:26Z" changeset="150435765" uid="9945354" user="salma_z"/>
  <node id="11843502335" lat="34.0321532" lon="-6.8235208" version="1" timestamp="2024-04-24T09:49:26Z" changeset="150435765" uid="9945354" user="salma_z"/>
  <node id="11843502336" lat="34.0322173" lon="-6.8235184" version="1" timestamp="2024-04-24T09:49:26Z" changeset="150435765" uid="9945354" user="salma_z"/>
  <node id="11843502337" lat="34.0322228" lon="-6.8237377" version="1" timestamp="2024-04-24T09:49:26Z" changeset="150435765" uid="9945354" user="salma_z"/>
  <node id="11843502338" lat="34.0322145" lon="-6.8234214" version="1" timestamp="2024-04-24T09:49:26Z" changeset="150435765" uid="9945354" user="salma_z"/>
  <node id="11843502339" lat="34.0321315" lon="-6.8234240" version="1" timestamp="2024-04-24T09:49:26Z" changeset="150435765" uid="9945354" user="salma_z"/>
  <node id="11843502340" lat="34.0321332" lon="-6.8235028" version="1" timestamp="2024-04-24T09:49:26Z" changeset="150435765" uid="9945354" user="salma_z"/>
  <node id="11843502341" lat="34.0322162" lon="-6.8235002" version="1" timestamp="2024-04-24T09:49:26Z" changeset="150435765" uid="9945354" user="salma_z"/>
  <node id="11843502342" lat="34.0322088" lon="-6.8233581" version="1" timestamp="2024-04-24T09:49:26Z" changeset="150435765" uid="9945354" user="salma_z"/>
  <node id="11843502343" lat="34.0321443" lon="-6.8233586" version="1" timestamp="2024-04-24T09:49:26Z" changeset="150435765" uid="9945354" user="salma_z"/>
  <node id="11843502344" lat="34.0321436" lon="-6.8232272" version="1" timestamp="2024-04-24T09:49:26Z" changeset="150435765" uid="9945354" user="salma_z"/>
  <node id="11843502345" lat="34.0322081" lon="-6.8232267" version="1" timestamp="2024-04-24T09:49:26Z" changeset="150435765" uid="9945354" user="salma_z"/>
  <node id="11843502346" lat="34.0322093" lon="-6.8228544" version="1" timestamp="2024-04-24T09:49:26Z" changeset="150435765" uid="9945354" user="salma_z"/>
  <node id="11843502347" lat="34.0321169" lon="-6.8235137" version="1" timestamp="2024-04-24T09:49:26Z" changeset="150435765" uid="9945354" user="salma_z"/>
  <node id="11843502348" lat="34.0322306" lon="-6.8235088" version="1" timestamp="2024-04-24T09:49:26Z" changeset="150435765" uid="9945354" user="salma_z"/>
  <node id="11843502349" lat="34.0321134" lon="-6.8233966" version="1" timestamp="2024-04-24T09:49:26Z" changeset="150435765" uid="9945354" user="salma_z"/>
  <node id="11843502350" lat="34.0322270" lon="-6.8233989" version="1" timestamp="2024-04-24T09:49:26Z" changeset="150435765" uid="9945354" user="salma_z"/>
  <node id="11843502351" lat="34.0321242" lon="-6.8237597" version="1" timestamp="2024-04-24T09:49:26Z" changeset="150435765" uid="9945354" user="salma_z"/>
  <node id="11843502352" lat="34.0320660" lon="-6.8224223" version="2" timestamp="2026-04-07T12:44:31Z" changeset="180996821" uid="1293386" user="Sal73x"/>
  <node id="11843502353" lat="34.0320910" lon="-6.8216475" version="1" timestamp="2024-04-24T09:49:26Z" changeset="150435765" uid="9945354" user="salma_z"/>
  <node id="11843502354" lat="34.0322965" lon="-6.8218583" version="1" timestamp="2024-04-24T09:49:26Z" changeset="150435765" uid="9945354" user="salma_z"/>
  <node id="11843502355" lat="34.0321669" lon="-6.8218466" version="1" timestamp="2024-04-24T09:49:26Z" changeset="150435765" uid="9945354" user="salma_z"/>
  <node id="11843502356" lat="34.0321525" lon="-6.8220125" version="1" timestamp="2024-04-24T09:49:26Z" changeset="150435765" uid="9945354" user="salma_z"/>
  <node id="11843502357" lat="34.0322050" lon="-6.8220173" version="1" timestamp="2024-04-24T09:49:26Z" changeset="150435765" uid="9945354" user="salma_z"/>
  <node id="11843502358" lat="34.0322025" lon="-6.8220764" version="1" timestamp="2024-04-24T09:49:26Z" changeset="150435765" uid="9945354" user="salma_z"/>
  <node id="11843502359" lat="34.0322824" lon="-6.8220838" version="1" timestamp="2024-04-24T09:49:26Z" changeset="150435765" uid="9945354" user="salma_z"/>
  <node id="11843502360" lat="34.0322759" lon="-6.8221316" version="1" timestamp="2024-04-24T09:49:26Z" changeset="150435765" uid="9945354" user="salma_z"/>
  <node id="11843502361" lat="34.0322003" lon="-6.8221268" version="1" timestamp="2024-04-24T09:49:26Z" changeset="150435765" uid="9945354" user="salma_z"/>
  <node id="11843502362" lat="34.0321921" lon="-6.8223177" version="1" timestamp="2024-04-24T09:49:26Z" changeset="150435765" uid="9945354" user="salma_z"/>
  <node id="11843502363" lat="34.0322675" lon="-6.8223226" version="1" timestamp="2024-04-24T09:49:26Z" changeset="150435765" uid="9945354" user="salma_z"/>
  <node id="11843502365" lat="34.0321819" lon="-6.8216735" version="1" timestamp="2024-04-24T09:49:26Z" changeset="150435765" uid="9945354" user="salma_z"/>
  <node id="11843502366" lat="34.0321718" lon="-6.8217894" version="1" timestamp="2024-04-24T09:49:26Z" changeset="150435765" uid="9945354" user="salma_z"/>
  <node id="11843502369" lat="34.0321923" lon="-6.8215531" version="1" timestamp="2024-04-24T09:49:26Z" changeset="150435765" uid="9945354" user="salma_z"/>
  <node id="11843502370" lat="34.0321842" lon="-6.8216463" version="1" timestamp="2024-04-24T09:49:26Z" changeset="150435765" uid="9945354" user="salma_z"/>
  <node id="11843502373" lat="34.0322057" lon="-6.8213983" version="1" timestamp="2024-04-24T09:49:26Z" changeset="150435765" uid="9945354" user="salma_z"/>
  <node id="11843502374" lat="34.0321984" lon="-6.8214830" version="1" timestamp="2024-04-24T09:49:26Z" changeset="150435765" uid="9945354" user="salma_z"/>
  <node id="11843502377" lat="34.0322204" lon="-6.8212287" version="1" timestamp="2024-04-24T09:49:26Z" changeset="150435765" uid="9945354" user="salma_z"/>
  <node id="11843502378" lat="34.0322137" lon="-6.8213060" version="1" timestamp="2024-04-24T09:49:26Z" changeset="150435765" uid="9945354" user="salma_z"/>
  <node id="11843502380" lat="34.0321012" lon="-6.8215221" version="1" timestamp="2024-04-24T09:49:26Z" changeset="150435765" uid="9945354" user="salma_z"/>
  <node id="11843502381" lat="34.0323269" lon="-6.8216774" version="1" timestamp="2024-04-24T09:49:26Z" changeset="150435765" uid="9945354" user="salma_z"/>
  <node id="11843502382" lat="34.0320778" lon="-6.8218084" version="1" timestamp="2024-04-24T09:49:26Z" changeset="150435765" uid="9945354" user="salma_z"/>
  <node id="11843502383" lat="34.0323153" lon="-6.8218314" version="1" timestamp="2024-04-24T09:49:26Z" changeset="150435765" uid="9945354" user="salma_z"/>
  <node id="11843502384" lat="34.0320546" lon="-6.8220939" version="1" timestamp="2024-04-24T09:49:26Z" changeset="150435765" uid="9945354" user="salma_z"/>
  <node id="11843502385" lat="34.0320548" lon="-6.8222201" version="2" timestamp="2025-06-02T13:52:28Z" changeset="167093544" uid="18031098" user="Mohamed_Taha"/>
  <node id="11843502386" lat="34.0321041" lon="-6.8223313" version="1" timestamp="2024-04-24T09:49:26Z" changeset="150435765" uid="9945354" user="salma_z"/>
  <node id="11843502387" lat="34.0320817" lon="-6.8223011" version="1" timestamp="2024-04-24T09:49:26Z" changeset="150435765" uid="9945354" user="salma_z"/>
  <node id="11843502388" lat="34.0322007" lon="-6.8224080" version="1" timestamp="2024-04-24T09:49:26Z" changeset="150435765" uid="9945354" user="salma_z"/>
  <node id="11843502389" lat="34.0321315" lon="-6.8223547" version="1" timestamp="2024-04-24T09:49:26Z" changeset="150435765" uid="9945354" user="salma_z"/>
  <node id="11843502390" lat="34.0320654" lon="-6.8222657" version="1" timestamp="2024-04-24T09:49:26Z" changeset="150435765" uid="9945354" user="salma_z"/>
  <node id="11843502404" lat="34.0320521" lon="-6.8221873" version="2" timestamp="2025-06-02T13:52:28Z" changeset="167093544" uid="18031098" user="Mohamed_Taha"/>
  <node id="11843502405" lat="34.0321296" lon="-6.8211744" version="1" timestamp="2024-04-24T09:49:26Z" changeset="150435765" uid="9945354" user="salma_z"/>
  <node id="11843502409" lat="34.0335635" lon="-6.8238938" version="1" timestamp="2024-04-24T09:49:26Z" changeset="150435765" uid="9945354" user="salma_z"/>
  <node id="11843502410" lat="34.0344990" lon="-6.8233023" version="1" timestamp="2024-04-24T09:49:26Z" changeset="150435765" uid="9945354" user="salma_z"/>
  <node id="11843502451" lat="34.0351153" lon="-6.8238312" version="2" timestamp="2024-04-29T14:07:26Z" changeset="150665557" uid="9945354" user="salma_z">
    <tag k="highway" v="crossing"/>
  </node>
  <node id="11843502470" lat="34.0348604" lon="-6.8241689" version="1" timestamp="2024-04-24T09:49:26Z" changeset="150435765" uid="9945354" user="salma_z"/>
  <node id="11843502473" lat="34.0350360" lon="-6.8238295" version="2" timestamp="2024-04-29T14:07:26Z" changeset="150665557" uid="9945354" user="salma_z"/>
  <node id="11843502475" lat="34.0348900" lon="-6.8237767" version="2" timestamp="2024-04-29T14:07:26Z" changeset="150665557" uid="9945354" user="salma_z"/>
  <node id="11843502486" lat="34.0320642" lon="-6.8208978" version="1" timestamp="2024-04-24T09:49:26Z" changeset="150435765" uid="9945354" user="salma_z"/>
  <node id="11843502567" lat="34.0318183" lon="-6.8236340" version="2" timestamp="2025-05-07T08:00:46Z" changeset="165925537" uid="15567198" user="Merna_mahmoud"/>
  <node id="11843502568" lat="34.0320238" lon="-6.8264572" version="1" timestamp="2024-04-24T09:49:26Z" changeset="150435765" uid="9945354" user="salma_z">
    <tag k="highway" v="crossing"/>
  </node>
  <node id="11843502569" lat="34.0319708" lon="-6.8257303" version="1" timestamp="2024-04-24T09:49:26Z" changeset="150435765" uid="9945354" user="salma_z">
    <tag k="highway" v="crossing"/>
  </node>
  <node id="11843502570" lat="34.0319192" lon="-6.8250213" version="1" timestamp="2024-04-24T09:49:26Z" changeset="150435765" uid="9945354" user="salma_z">
    <tag k="highway" v="crossing"/>
  </node>
  <node id="11843502571" lat="34.0318145" lon="-6.8235749" version="1" timestamp="2024-04-24T09:49:26Z" changeset="150435765" uid="9945354" user="salma_z">
    <tag k="highway" v="crossing"/>
  </node>
  <node id="11843502572" lat="34.0318075" lon="-6.8234780" version="1" timestamp="2024-04-24T09:49:26Z" changeset="150435765" uid="9945354" user="salma_z"/>
  <node id="11843502573" lat="34.0320502" lon="-6.8268193" version="1" timestamp="2024-04-24T09:49:26Z" changeset="150435765" uid="9945354" user="salma_z"/>
  <node id="11843502578" lat="34.0314757" lon="-6.8223006" version="1" timestamp="2024-04-24T09:49:26Z" changeset="150435765" uid="9945354" user="salma_z"/>
  <node id="11843502579" lat="34.0315530" lon="-6.8224850" version="1" timestamp="2024-04-24T09:49:26Z" changeset="150435765" uid="9945354" user="salma_z"/>
  <node id="11843502580" lat="34.0317203" lon="-6.8223763" version="1" timestamp="2024-04-24T09:49:26Z" changeset="150435765" uid="9945354" user="salma_z"/>
  <node id="11844495993" lat="34.0318028" lon="-6.8198386" version="1" timestamp="2024-04-24T13:49:17Z" changeset="150448847" uid="9945354" user="salma_z"/>
  <node id="11844495994" lat="34.0344059" lon="-6.8190598" version="1" timestamp="2024-04-24T13:49:17Z" changeset="150448847" uid="9945354" user="salma_z"/>
  <node id="11844495996" lat="34.0343631" lon="-6.8191563" version="1" timestamp="2024-04-24T13:49:17Z" changeset="150448847" uid="9945354" user="salma_z"/>
  <node id="11844495997" lat="34.0342694" lon="-6.8192832" version="1" timestamp="2024-04-24T13:49:17Z" changeset="150448847" uid="9945354" user="salma_z"/>
  <node id="11844495998" lat="34.0339811" lon="-6.8194598" version="1" timestamp="2024-04-24T13:49:17Z" changeset="150448847" uid="9945354" user="salma_z"/>
  <node id="11844495999" lat="34.0339326" lon="-6.8194895" version="1" timestamp="2024-04-24T13:49:17Z" changeset="150448847" uid="9945354" user="salma_z"/>
  <node id="11844496000" lat="34.0336085" lon="-6.8196928" version="1" timestamp="2024-04-24T13:49:17Z" changeset="150448847" uid="9945354" user="salma_z"/>
  <node id="11844496001" lat="34.0335660" lon="-6.8197810" version="1" timestamp="2024-04-24T13:49:17Z" changeset="150448847" uid="9945354" user="salma_z"/>
  <node id="11844496004" lat="34.0318462" lon="-6.8196338" version="1" timestamp="2024-04-24T13:49:17Z" changeset="150448847" uid="9945354" user="salma_z"/>
  <node id="11844496005" lat="34.0344810" lon="-6.8186424" version="1" timestamp="2024-04-24T13:49:17Z" changeset="150448847" uid="9945354" user="salma_z"/>
  <node id="11844496006" lat="34.0317941" lon="-6.8197051" version="1" timestamp="2024-04-24T13:49:17Z" changeset="150448847" uid="9945354" user="salma_z"/>
  <node id="11844496009" lat="34.0344604" lon="-6.8188668" version="1" timestamp="2024-04-24T13:49:17Z" changeset="150448847" uid="9945354" user="salma_z"/>
  <node id="11844496011" lat="34.0320557" lon="-6.8202983" version="1" timestamp="2024-04-24T13:49:17Z" changeset="150448847" uid="9945354" user="salma_z"/>
  <node id="11844496020" lat="34.0318601" lon="-6.8201430" version="1" timestamp="2024-04-24T13:49:17Z" changeset="150448847" uid="9945354" user="salma_z"/>
  <node id="11844496021" lat="34.0318261" lon="-6.8200886" version="1" timestamp="2024-04-24T13:49:17Z" changeset="150448847" uid="9945354" user="salma_z"/>
  <node id="11844496024" lat="34.0331090" lon="-6.8202606" version="2" timestamp="2026-04-24T23:02:30Z" changeset="181786568" uid="1293386" user="Sal73x"/>
  <node id="11844496032" lat="34.0331328" lon="-6.8215394" version="1" timestamp="2024-04-24T13:49:17Z" changeset="150448847" uid="9945354" user="salma_z"/>
  <node id="11844496033" lat="34.0336110" lon="-6.8221232" version="1" timestamp="2024-04-24T13:49:17Z" changeset="150448847" uid="9945354" user="salma_z"/>
  <node id="11844496034" lat="34.0335784" lon="-6.8221633" version="1" timestamp="2024-04-24T13:49:17Z" changeset="150448847" uid="9945354" user="salma_z"/>
  <node id="11844496035" lat="34.0336858" lon="-6.8220316" version="1" timestamp="2024-04-24T13:49:17Z" changeset="150448847" uid="9945354" user="salma_z"/>
  <node id="11844496036" lat="34.0333399" lon="-6.8217903" version="1" timestamp="2024-04-24T13:49:17Z" changeset="150448847" uid="9945354" user="salma_z"/>
  <node id="11844496037" lat="34.0340017" lon="-6.8223938" version="1" timestamp="2024-04-24T13:49:17Z" changeset="150448847" uid="9945354" user="salma_z"/>
  <node id="11844496038" lat="34.0340264" lon="-6.8223643" version="1" timestamp="2024-04-24T13:49:17Z" changeset="150448847" uid="9945354" user="salma_z"/>
  <node id="11844496039" lat="34.0337337" lon="-6.8220295" version="1" timestamp="2024-04-24T13:49:17Z" changeset="150448847" uid="9945354" user="salma_z"/>
  <node id="11844496040" lat="34.0337105" lon="-6.8220595" version="1" timestamp="2024-04-24T13:49:17Z" changeset="150448847" uid="9945354" user="salma_z"/>
  <node id="11844496041" lat="34.0336624" lon="-6.8220053" version="1" timestamp="2024-04-24T13:49:17Z" changeset="150448847" uid="9945354" user="salma_z"/>
  <node id="11844496042" lat="34.0336831" lon="-6.8219777" version="1" timestamp="2024-04-24T13:49:17Z" changeset="150448847" uid="9945354" user="salma_z"/>
  <node id="11844496043" lat="34.0339389" lon="-6.8225259" version="1" timestamp="2024-04-24T13:49:17Z" changeset="150448847" uid="9945354" user="salma_z"/>
  <node id="11844496044" lat="34.0344371" lon="-6.8228464" version="1" timestamp="2024-04-24T13:49:17Z" changeset="150448847" uid="9945354" user="salma_z"/>
  <node id="11844496045" lat="34.0345010" lon="-6.8229302" version="1" timestamp="2024-04-24T13:49:17Z" changeset="150448847" uid="9945354" user="salma_z"/>
  <node id="11844496046" lat="34.0345399" lon="-6.8232619" version="1" timestamp="2024-04-24T13:49:17Z" changeset="150448847" uid="9945354" user="salma_z"/>
  <node id="11844496048" lat="34.0349328" lon="-6.8235561" version="1" timestamp="2024-04-24T13:49:17Z" changeset="150448847" uid="9945354" user="salma_z"/>
  <node id="11844496052" lat="34.0333725" lon="-6.8217535" version="1" timestamp="2024-04-24T13:49:17Z" changeset="150448847" uid="9945354" user="salma_z"/>
  <node id="11844496053" lat="34.0331017" lon="-6.8215757" version="1" timestamp="2024-04-24T13:49:17Z" changeset="150448847" uid="9945354" user="salma_z"/>
  <node id="11844496054" lat="34.0333070" lon="-6.8218283" version="1" timestamp="2024-04-24T13:49:17Z" changeset="150448847" uid="9945354" user="salma_z"/>
  <node id="11844496055" lat="34.0334324" lon="-6.8216836" version="1" timestamp="2024-04-24T13:49:17Z" changeset="150448847" uid="9945354" user="salma_z"/>
  <node id="11862147401" lat="34.0361288" lon="-6.8182822" version="2" timestamp="2024-04-28T12:55:56Z" changeset="150617456" uid="9945354" user="salma_z"/>
  <node id="11862147402" lat="34.0359548" lon="-6.8183961" version="2" timestamp="2024-04-28T12:55:56Z" changeset="150617456" uid="9945354" user="salma_z"/>
  <node id="11862209780" lat="34.0336820" lon="-6.8199104" version="1" timestamp="2024-04-28T12:55:56Z" changeset="150617456" uid="9945354" user="salma_z"/>
  <node id="11865608620" lat="34.0318680" lon="-6.8243137" version="1" timestamp="2024-04-29T07:56:35Z" changeset="150649594" uid="9945354" user="salma_z"/>
  <node id="11865608622" lat="34.0311637" lon="-6.8229222" version="1" timestamp="2024-04-29T07:56:35Z" changeset="150649594" uid="9945354" user="salma_z"/>
  <node id="11865608623" lat="34.0309209" lon="-6.8230750" version="1" timestamp="2024-04-29T07:56:35Z" changeset="150649594" uid="9945354" user="salma_z"/>
  <node id="11865608624" lat="34.0313518" lon="-6.8228038" version="1" timestamp="2024-04-29T07:56:35Z" changeset="150649594" uid="9945354" user="salma_z"/>
  <node id="11865608626" lat="34.0320340" lon="-6.8233942" version="1" timestamp="2024-04-29T07:56:35Z" changeset="150649594" uid="9945354" user="salma_z"/>
  <node id="11866440914" lat="34.0347511" lon="-6.8241003" version="1" timestamp="2024-04-29T14:07:26Z" changeset="150665557" uid="9945354" user="salma_z"/>
  <node id="11866440915" lat="34.0346790" lon="-6.8243741" version="1" timestamp="2024-04-29T14:07:26Z" changeset="150665557" uid="9945354" user="salma_z"/>
  <node id="11866440917" lat="34.0345771" lon="-6.8241875" version="1" timestamp="2024-04-29T14:07:26Z" changeset="150665557" uid="9945354" user="salma_z"/>
  <node id="11866440918" lat="34.0348333" lon="-6.8239042" version="1" timestamp="2024-04-29T14:07:26Z" changeset="150665557" uid="9945354" user="salma_z"/>
  <node id="11866440919" lat="34.0340558" lon="-6.8237637" version="1" timestamp="2024-04-29T14:07:26Z" changeset="150665557" uid="9945354" user="salma_z"/>
  <node id="11866440920" lat="34.0347071" lon="-6.8237302" version="1" timestamp="2024-04-29T14:07:26Z" changeset="150665557" uid="9945354" user="salma_z"/>
  <node id="11866440921" lat="34.0347637" lon="-6.8238105" version="1" timestamp="2024-04-29T14:07:26Z" changeset="150665557" uid="9945354" user="salma_z"/>
  <node id="11866440922" lat="34.0343791" lon="-6.8238249" version="1" timestamp="2024-04-29T14:07:26Z" changeset="150665557" uid="9945354" user="salma_z"/>
  <node id="11866440923" lat="34.0346100" lon="-6.8242477" version="1" timestamp="2024-04-29T14:07:26Z" changeset="150665557" uid="9945354" user="salma_z"/>
  <node id="11866440926" lat="34.0349885" lon="-6.8238301" version="1" timestamp="2024-04-29T14:07:26Z" changeset="150665557" uid="9945354" user="salma_z"/>
  <node id="11866440927" lat="34.0348794" lon="-6.8239662" version="1" timestamp="2024-04-29T14:07:26Z" changeset="150665557" uid="9945354" user="salma_z"/>
  <node id="11866440928" lat="34.0340705" lon="-6.8238711" version="1" timestamp="2024-04-29T14:07:26Z" changeset="150665557" uid="9945354" user="salma_z"/>
  <node id="11866440929" lat="34.0340878" lon="-6.8239036" version="1" timestamp="2024-04-29T14:07:26Z" changeset="150665557" uid="9945354" user="salma_z"/>
  <node id="11866440930" lat="34.0341239" lon="-6.8239558" version="1" timestamp="2024-04-29T14:07:26Z" changeset="150665557" uid="9945354" user="salma_z"/>
  <node id="11866440931" lat="34.0341466" lon="-6.8240079" version="1" timestamp="2024-04-29T14:07:26Z" changeset="150665557" uid="9945354" user="salma_z"/>
  <node id="11866440932" lat="34.0341073" lon="-6.8239341" version="1" timestamp="2024-04-29T14:07:26Z" changeset="150665557" uid="9945354" user="salma_z"/>
  <node id="11866440933" lat="34.0341372" lon="-6.8239806" version="1" timestamp="2024-04-29T14:07:26Z" changeset="150665557" uid="9945354" user="salma_z"/>
  <node id="11868455220" lat="34.0318686" lon="-6.8202299" version="3" timestamp="2025-05-08T11:20:44Z" changeset="165977895" uid="15567198" user="Merna_mahmoud">
    <tag k="crossing" v="marked"/>
    <tag k="highway" v="crossing"/>
  </node>
  <node id="11868455222" lat="34.0336332" lon="-6.8223819" version="1" timestamp="2024-04-30T08:28:09Z" changeset="150695154" uid="9945354" user="salma_z"/>
  <node id="11868455223" lat="34.0336388" lon="-6.8223789" version="1" timestamp="2024-04-30T08:28:09Z" changeset="150695154" uid="9945354" user="salma_z"/>
  <node id="11868455224" lat="34.0336435" lon="-6.8223736" version="1" timestamp="2024-04-30T08:28:09Z" changeset="150695154" uid="9945354" user="salma_z"/>
  <node id="11868455225" lat="34.0335913" lon="-6.8226053" version="1" timestamp="2024-04-30T08:28:09Z" changeset="150695154" uid="9945354" user="salma_z"/>
  <node id="11868455226" lat="34.0336780" lon="-6.8224839" version="1" timestamp="2024-04-30T08:28:09Z" changeset="150695154" uid="9945354" user="salma_z"/>
  <node id="11868455227" lat="34.0336917" lon="-6.8225010" version="1" timestamp="2024-04-30T08:28:09Z" changeset="150695154" uid="9945354" user="salma_z"/>
  <node id="11868455228" lat="34.0335830" lon="-6.8226157" version="1" timestamp="2024-04-30T08:28:09Z" changeset="150695154" uid="9945354" user="salma_z"/>
  <node id="11868455229" lat="34.0337814" lon="-6.8225754" version="1" timestamp="2024-04-30T08:28:09Z" changeset="150695154" uid="9945354" user="salma_z"/>
  <node id="11868455230" lat="34.0338589" lon="-6.8225538" version="1" timestamp="2024-04-30T08:28:09Z" changeset="150695154" uid="9945354" user="salma_z"/>
  <node id="11868455231" lat="34.0338086" lon="-6.8225708" version="1" timestamp="2024-04-30T08:28:09Z" changeset="150695154" uid="9945354" user="salma_z"/>
  <node id="11868455247" lat="34.0346959" lon="-6.8259304" version="1" timestamp="2024-04-30T08:28:09Z" changeset="150695154" uid="9945354" user="salma_z"/>
  <node id="11868455268" lat="34.0343721" lon="-6.8260537" version="1" timestamp="2024-04-30T08:28:09Z" changeset="150695154" uid="9945354" user="salma_z"/>
  <node id="11868464969" lat="34.0343379" lon="-6.8260898" version="1" timestamp="2024-04-30T08:28:09Z" changeset="150695154" uid="9945354" user="salma_z"/>
  <node id="11868464986" lat="34.0345035" lon="-6.8262417" version="1" timestamp="2024-04-30T08:28:09Z" changeset="150695154" uid="9945354" user="salma_z"/>
  <node id="11868464987" lat="34.0344932" lon="-6.8261865" version="1" timestamp="2024-04-30T08:28:09Z" changeset="150695154" uid="9945354" user="salma_z"/>
  <node id="11868464988" lat="34.0344807" lon="-6.8261454" version="1" timestamp="2024-04-30T08:28:09Z" changeset="150695154" uid="9945354" user="salma_z"/>
  <node id="11868464989" lat="34.0345043" lon="-6.8262005" version="1" timestamp="2024-04-30T08:28:09Z" changeset="150695154" uid="9945354" user="salma_z"/>
  <node id="11868464990" lat="34.0344854" lon="-6.8261696" version="1" timestamp="2024-04-30T08:28:09Z" changeset="150695154" uid="9945354" user="salma_z"/>
  <node id="11868464991" lat="34.0344826" lon="-6.8261207" version="1" timestamp="2024-04-30T08:28:09Z" changeset="150695154" uid="9945354" user="salma_z"/>
  <node id="11868464992" lat="34.0344932" lon="-6.8261046" version="1" timestamp="2024-04-30T08:28:09Z" changeset="150695154" uid="9945354" user="salma_z"/>
  <node id="11868464993" lat="34.0344148" lon="-6.8259899" version="1" timestamp="2024-04-30T08:28:09Z" changeset="150695154" uid="9945354" user="salma_z"/>
  <node id="11868464994" lat="34.0343670" lon="-6.8260442" version="1" timestamp="2024-04-30T08:28:09Z" changeset="150695154" uid="9945354" user="salma_z"/>
  <node id="11868464995" lat="34.0343893" lon="-6.8260858" version="1" timestamp="2024-04-30T08:28:09Z" changeset="150695154" uid="9945354" user="salma_z"/>
  <node id="11868464996" lat="34.0343534" lon="-6.8261234" version="1" timestamp="2024-04-30T08:28:09Z" changeset="150695154" uid="9945354" user="salma_z"/>
  <node id="11868464997" lat="34.0344771" lon="-6.8263041" version="1" timestamp="2024-04-30T08:28:09Z" changeset="150695154" uid="9945354" user="salma_z"/>
  <node id="11868464998" lat="34.0345271" lon="-6.8262474" version="1" timestamp="2024-04-30T08:28:09Z" changeset="150695154" uid="9945354" user="salma_z"/>
  <node id="11868464999" lat="34.0343984" lon="-6.8259355" version="1" timestamp="2024-04-30T08:28:09Z" changeset="150695154" uid="9945354" user="salma_z"/>
  <node id="11868465014" lat="34.0345090" lon="-6.8261072" version="1" timestamp="2024-04-30T08:28:09Z" changeset="150695154" uid="9945354" user="salma_z"/>
  <node id="11868465017" lat="34.0346150" lon="-6.8262077" version="1" timestamp="2024-04-30T08:28:09Z" changeset="150695154" uid="9945354" user="salma_z"/>
  <node id="11868465018" lat="34.0346118" lon="-6.8262121" version="1" timestamp="2024-04-30T08:28:09Z" changeset="150695154" uid="9945354" user="salma_z"/>
  <node id="11868465019" lat="34.0346721" lon="-6.8262112" version="1" timestamp="2024-04-30T08:28:09Z" changeset="150695154" uid="9945354" user="salma_z"/>
  <node id="11868465020" lat="34.0347601" lon="-6.8260168" version="1" timestamp="2024-04-30T08:28:09Z" changeset="150695154" uid="9945354" user="salma_z"/>
  <node id="11868465021" lat="34.0347365" lon="-6.8259810" version="1" timestamp="2024-04-30T08:28:09Z" changeset="150695154" uid="9945354" user="salma_z"/>
  <node id="11868465022" lat="34.0347290" lon="-6.8259863" version="1" timestamp="2024-04-30T08:28:09Z" changeset="150695154" uid="9945354" user="salma_z"/>
  <node id="11868465023" lat="34.0347521" lon="-6.8260240" version="1" timestamp="2024-04-30T08:28:09Z" changeset="150695154" uid="9945354" user="salma_z"/>
  <node id="11868465024" lat="34.0346210" lon="-6.8262050" version="1" timestamp="2024-04-30T08:28:09Z" changeset="150695154" uid="9945354" user="salma_z"/>
  <node id="11868465025" lat="34.0346082" lon="-6.8262186" version="1" timestamp="2024-04-30T08:28:09Z" changeset="150695154" uid="9945354" user="salma_z"/>
  <node id="11868465026" lat="34.0346071" lon="-6.8262394" version="1" timestamp="2024-04-30T08:28:09Z" changeset="150695154" uid="9945354" user="salma_z"/>
  <node id="11868465027" lat="34.0343227" lon="-6.8260392" version="1" timestamp="2024-04-30T08:28:09Z" changeset="150695154" uid="9945354" user="salma_z">
    <tag k="barrier" v="gate"/>
  </node>
  <node id="11868465028" lat="34.0342373" lon="-6.8261541" version="1" timestamp="2024-04-30T08:28:09Z" changeset="150695154" uid="9945354" user="salma_z"/>
  <node id="11868465029" lat="34.0344110" lon="-6.8258888" version="1" timestamp="2024-04-30T08:28:09Z" changeset="150695154" uid="9945354" user="salma_z"/>
  <node id="11868465030" lat="34.0344099" lon="-6.8259137" version="1" timestamp="2024-04-30T08:28:09Z" changeset="150695154" uid="9945354" user="salma_z"/>
  <node id="11868465031" lat="34.0344086" lon="-6.8258766" version="1" timestamp="2024-04-30T08:28:09Z" changeset="150695154" uid="9945354" user="salma_z"/>
  <node id="11868465032" lat="34.0343515" lon="-6.8255467" version="1" timestamp="2024-04-30T08:28:09Z" changeset="150695154" uid="9945354" user="salma_z"/>
  <node id="11868465033" lat="34.0342689" lon="-6.8256200" version="1" timestamp="2024-04-30T08:28:09Z" changeset="150695154" uid="9945354" user="salma_z"/>
  <node id="11868465034" lat="34.0343219" lon="-6.8257198" version="1" timestamp="2024-04-30T08:28:09Z" changeset="150695154" uid="9945354" user="salma_z"/>
  <node id="11868465035" lat="34.0344921" lon="-6.8255647" version="1" timestamp="2024-04-30T08:28:09Z" changeset="150695154" uid="9945354" user="salma_z"/>
  <node id="11868465036" lat="34.0345094" lon="-6.8255650" version="1" timestamp="2024-04-30T08:28:09Z" changeset="150695154" uid="9945354" user="salma_z"/>
  <node id="11868465037" lat="34.0344843" lon="-6.8255695" version="1" timestamp="2024-04-30T08:28:09Z" changeset="150695154" uid="9945354" user="salma_z"/>
  <node id="11868465038" lat="34.0345008" lon="-6.8255631" version="1" timestamp="2024-04-30T08:28:09Z" changeset="150695154" uid="9945354" user="salma_z"/>
  <node id="11868465039" lat="34.0345171" lon="-6.8255702" version="1" timestamp="2024-04-30T08:28:09Z" changeset="150695154" uid="9945354" user="salma_z"/>
  <node id="11868465040" lat="34.0346282" lon="-6.8256661" version="1" timestamp="2024-04-30T08:28:09Z" changeset="150695154" uid="9945354" user="salma_z"/>
  <node id="11868465041" lat="34.0342492" lon="-6.8255829" version="1" timestamp="2024-04-30T08:28:09Z" changeset="150695154" uid="9945354" user="salma_z"/>
  <node id="11868465042" lat="34.0344042" lon="-6.8258652" version="1" timestamp="2024-04-30T08:28:09Z" changeset="150695154" uid="9945354" user="salma_z"/>
  <node id="11868465043" lat="34.0344115" lon="-6.8259013" version="1" timestamp="2024-04-30T08:28:09Z" changeset="150695154" uid="9945354" user="salma_z"/>
  <node id="11868465044" lat="34.0344064" lon="-6.8259255" version="1" timestamp="2024-04-30T08:28:09Z" changeset="150695154" uid="9945354" user="salma_z"/>
  <node id="11868465045" lat="34.0345160" lon="-6.8263923" version="1" timestamp="2024-04-30T08:28:09Z" changeset="150695154" uid="9945354" user="salma_z"/>
  <node id="11868823711" lat="34.0344523" lon="-6.8194309" version="1" timestamp="2024-04-30T11:36:57Z" changeset="150703333" uid="9945354" user="salma_z">
    <tag k="barrier" v="entrance"/>
    <tag k="historic" v="city_gate"/>
  </node>
  <node id="11868823712" lat="34.0343743" lon="-6.8194820" version="1" timestamp="2024-04-30T11:36:57Z" changeset="150703333" uid="9945354" user="salma_z">
    <tag k="barrier" v="entrance"/>
    <tag k="historic" v="city_gate"/>
  </node>
  <node id="11868823715" lat="34.0336645" lon="-6.8199211" version="1" timestamp="2024-04-30T11:36:57Z" changeset="150703333" uid="9945354" user="salma_z">
    <tag k="barrier" v="entrance"/>
    <tag k="historic" v="city_gate"/>
  </node>
  <node id="11868970591" lat="34.0335102" lon="-6.8252671" version="1" timestamp="2024-04-30T12:36:31Z" changeset="150705906" uid="9945354" user="salma_z"/>
  <node id="11868970592" lat="34.0329600" lon="-6.8257687" version="1" timestamp="2024-04-30T12:36:31Z" changeset="150705906" uid="9945354" user="salma_z"/>
  <node id="11868970593" lat="34.0330100" lon="-6.8258826" version="1" timestamp="2024-04-30T12:36:31Z" changeset="150705906" uid="9945354" user="salma_z"/>
  <node id="11868970594" lat="34.0335302" lon="-6.8254079" version="1" timestamp="2024-04-30T12:36:31Z" changeset="150705906" uid="9945354" user="salma_z"/>
  <node id="11868970595" lat="34.0335209" lon="-6.8252377" version="1" timestamp="2024-04-30T12:36:31Z" changeset="150705906" uid="9945354" user="salma_z"/>
  <node id="11868970596" lat="34.0335036" lon="-6.8252399" version="1" timestamp="2024-04-30T12:36:31Z" changeset="150705906" uid="9945354" user="salma_z"/>
  <node id="11868970597" lat="34.0334751" lon="-6.8239652" version="1" timestamp="2024-04-30T12:36:31Z" changeset="150705906" uid="9945354" user="salma_z"/>
  <node id="11868970598" lat="34.0335126" lon="-6.8252375" version="1" timestamp="2024-04-30T12:36:31Z" changeset="150705906" uid="9945354" user="salma_z"/>
  <node id="11868970599" lat="34.0335272" lon="-6.8252387" version="1" timestamp="2024-04-30T12:36:31Z" changeset="150705906" uid="9945354" user="salma_z"/>
  <node id="11868970600" lat="34.0334952" lon="-6.8252449" version="1" timestamp="2024-04-30T12:36:31Z" changeset="150705906" uid="9945354" user="salma_z"/>
  <node id="11868970601" lat="34.0329051" lon="-6.8257702" version="1" timestamp="2024-04-30T12:36:31Z" changeset="150705906" uid="9945354" user="salma_z"/>
  <node id="11868970602" lat="34.0344272" lon="-6.8237446" version="1" timestamp="2024-04-30T12:36:31Z" changeset="150705906" uid="9945354" user="salma_z"/>
  <node id="11868970603" lat="34.0344561" lon="-6.8238220" version="1" timestamp="2024-04-30T12:36:31Z" changeset="150705906" uid="9945354" user="salma_z"/>
  <node id="11872484414" lat="34.0292000" lon="-6.8240375" version="1" timestamp="2024-05-01T19:33:44Z" changeset="150765849" uid="10778897" user="Hightide10"/>
  <node id="11872686894" lat="34.0316877" lon="-6.8214933" version="3" timestamp="2025-05-08T11:20:44Z" changeset="165977895" uid="15567198" user="Merna_mahmoud"/>
  <node id="11873992790" lat="34.0315677" lon="-6.8198250" version="1" timestamp="2024-05-02T12:08:33Z" changeset="150790908" uid="9945354" user="salma_z"/>
  <node id="12155942121" lat="34.0744523" lon="-6.7535396" version="1" timestamp="2024-09-04T16:52:14Z" changeset="156196073" uid="578772" user="alain2003"/>
  <node id="12155942167" lat="34.0709638" lon="-6.7529079" version="1" timestamp="2024-09-04T16:52:14Z" changeset="156196073" uid="578772" user="alain2003"/>
  <node id="12155942168" lat="34.0710951" lon="-6.7531982" version="1" timestamp="2024-09-04T16:52:14Z" changeset="156196073" uid="578772" user="alain2003"/>
  <node id="12155942169" lat="34.0715276" lon="-6.7528997" version="1" timestamp="2024-09-04T16:52:14Z" changeset="156196073" uid="578772" user="alain2003"/>
  <node id="12155942170" lat="34.0714502" lon="-6.7525223" version="1" timestamp="2024-09-04T16:52:14Z" changeset="156196073" uid="578772" user="alain2003"/>
  <node id="12155942171" lat="34.0723448" lon="-6.7517652" version="1" timestamp="2024-09-04T16:52:14Z" changeset="156196073" uid="578772" user="alain2003"/>
  <node id="12155942172" lat="34.0729231" lon="-6.7527332" version="1" timestamp="2024-09-04T16:52:14Z" changeset="156196073" uid="578772" user="alain2003"/>
  <node id="12155942173" lat="34.0734049" lon="-6.7522409" version="1" timestamp="2024-09-04T16:52:14Z" changeset="156196073" uid="578772" user="alain2003"/>
  <node id="12558637010" lat="34.0342525" lon="-6.8244554" version="1" timestamp="2025-02-05T10:31:05Z" changeset="162159319" uid="208020" user="clwacker"/>
  <node id="12558637011" lat="34.0342308" lon="-6.8244258" version="1" timestamp="2025-02-05T10:31:05Z" changeset="162159319" uid="208020" user="clwacker"/>
  <node id="12558637012" lat="34.0342540" lon="-6.8244011" version="1" timestamp="2025-02-05T10:31:05Z" changeset="162159319" uid="208020" user="clwacker"/>
  <node id="12558637013" lat="34.0342757" lon="-6.8244308" version="1" timestamp="2025-02-05T10:31:05Z" changeset="162159319" uid="208020" user="clwacker"/>
  <node id="12558637014" lat="34.0342803" lon="-6.8244241" version="1" timestamp="2025-02-05T10:31:05Z" changeset="162159319" uid="208020" user="clwacker"/>
  <node id="12558637015" lat="34.0342610" lon="-6.8243952" version="1" timestamp="2025-02-05T10:31:05Z" changeset="162159319" uid="208020" user="clwacker"/>
  <node id="12558637016" lat="34.0342823" lon="-6.8243744" version="1" timestamp="2025-02-05T10:31:05Z" changeset="162159319" uid="208020" user="clwacker"/>
  <node id="12558637017" lat="34.0343017" lon="-6.8244034" version="1" timestamp="2025-02-05T10:31:05Z" changeset="162159319" uid="208020" user="clwacker"/>
  <node id="12606414199" lat="34.0328278" lon="-6.8258563" version="1" timestamp="2025-02-21T08:50:50Z" changeset="162770144" uid="1122708" user="zaizone"/>
  <node id="12606414200" lat="34.0325831" lon="-6.8260993" version="1" timestamp="2025-02-21T08:50:50Z" changeset="162770144" uid="1122708" user="zaizone"/>
  <node id="12606441840" lat="34.0316964" lon="-6.8230108" version="1" timestamp="2025-02-21T08:38:04Z" changeset="162769727" uid="1122708" user="zaizone">
    <tag k="name" v="U Express"/>
    <tag k="shop" v="supermarket"/>
    <tag k="website" v="https://coursesu.ma"/>
  </node>
  <node id="12606509401" lat="34.0324831" lon="-6.8261028" version="1" timestamp="2025-02-21T08:50:50Z" changeset="162770144" uid="1122708" user="zaizone"/>
  <node id="12606509402" lat="34.0323209" lon="-6.8260119" version="1" timestamp="2025-02-21T08:50:50Z" changeset="162770144" uid="1122708" user="zaizone"/>
  <node id="12606509403" lat="34.0322969" lon="-6.8253873" version="1" timestamp="2025-02-21T08:50:50Z" changeset="162770144" uid="1122708" user="zaizone"/>
  <node id="12816362378" lat="34.0321199" lon="-6.8236154" version="1" timestamp="2025-05-07T08:00:46Z" changeset="165925537" uid="15567198" user="Merna_mahmoud"/>
  <node id="12816362390" lat="34.0319320" lon="-6.8236446" version="1" timestamp="2025-05-07T08:00:46Z" changeset="165925537" uid="15567198" user="Merna_mahmoud"/>
  <node id="12816362391" lat="34.0319301" lon="-6.8236137" version="1" timestamp="2025-05-07T08:00:46Z" changeset="165925537" uid="15567198" user="Merna_mahmoud"/>
  <node id="12816362392" lat="34.0319959" lon="-6.8236390" version="1" timestamp="2025-05-07T08:00:46Z" changeset="165925537" uid="15567198" user="Merna_mahmoud"/>
  <node id="12816362393" lat="34.0319942" lon="-6.8236095" version="1" timestamp="2025-05-07T08:00:46Z" changeset="165925537" uid="15567198" user="Merna_mahmoud"/>
  <node id="12819152067" lat="34.0315985" lon="-6.8202600" version="1" timestamp="2025-05-08T11:20:44Z" changeset="165977895" uid="15567198" user="Merna_mahmoud">
    <tag k="highway" v="crossing"/>
  </node>
  <node id="12819152068" lat="34.0316030" lon="-6.8203214" version="1" timestamp="2025-05-08T11:20:44Z" changeset="165977895" uid="15567198" user="Merna_mahmoud">
    <tag k="highway" v="crossing"/>
  </node>
  <node id="12819152069" lat="34.0316068" lon="-6.8203743" version="1" timestamp="2025-05-08T11:20:44Z" changeset="165977895" uid="15567198" user="Merna_mahmoud">
    <tag k="highway" v="crossing"/>
  </node>
  <node id="12819152074" lat="34.0315903" lon="-6.8201461" version="1" timestamp="2025-05-08T11:20:44Z" changeset="165977895" uid="15567198" user="Merna_mahmoud"/>
  <node id="12880904499" lat="34.0319447" lon="-6.8222118" version="1" timestamp="2025-06-02T13:52:28Z" changeset="167093544" uid="18031098" user="Mohamed_Taha"/>
  <node id="13713773758" lat="34.0317584" lon="-6.8224760" version="1" timestamp="2026-04-07T12:44:31Z" changeset="180996821" uid="1293386" user="Sal73x"/>
  <node id="13713773759" lat="34.0319630" lon="-6.8224322" version="1" timestamp="2026-04-07T12:44:31Z" changeset="180996821" uid="1293386" user="Sal73x"/>
  <node id="13713773764" lat="34.0319195" lon="-6.8223077" version="2" timestamp="2026-04-08T07:10:46Z" changeset="181033250" uid="15567285" user="Aya Samir"/>
  <node id="13713773765" lat="34.0318789" lon="-6.8223039" version="2" timestamp="2026-04-08T07:10:46Z" changeset="181033250" uid="15567285" user="Aya Samir"/>
  <node id="13713773766" lat="34.0318411" lon="-6.8223224" version="2" timestamp="2026-04-08T07:10:46Z" changeset="181033250" uid="15567285" user="Aya Samir"/>
  <node id="13713810299" lat="34.0363642" lon="-6.8180399" version="1" timestamp="2026-04-07T12:51:13Z" changeset="180997202" uid="1293386" user="Sal73x"/>
  <node id="13713810300" lat="34.0365318" lon="-6.8179361" version="1" timestamp="2026-04-07T12:51:13Z" changeset="180997202" uid="1293386" user="Sal73x"/>
  <node id="13713812101" lat="34.0365419" lon="-6.8179296" version="1" timestamp="2026-04-07T12:51:13Z" changeset="180997202" uid="1293386" user="Sal73x"/>
  <node id="13715563045" lat="34.0318533" lon="-6.8225808" version="1" timestamp="2026-04-08T07:10:46Z" changeset="181033250" uid="15567285" user="Aya Samir"/>
  <node id="13715563046" lat="34.0318865" lon="-6.8225944" version="1" timestamp="2026-04-08T07:10:46Z" changeset="181033250" uid="15567285" user="Aya Samir"/>
  <node id="13715563047" lat="34.0319516" lon="-6.8225688" version="1" timestamp="2026-04-08T07:10:46Z" changeset="181033250" uid="15567285" user="Aya Samir"/>
  <node id="13715563048" lat="34.0318277" lon="-6.8225518" version="1" timestamp="2026-04-08T07:10:46Z" changeset="181033250" uid="15567285" user="Aya Samir"/>
  <node id="13715563049" lat="34.0319213" lon="-6.8225901" version="1" timestamp="2026-04-08T07:10:46Z" changeset="181033250" uid="15567285" user="Aya Samir"/>
  <node id="13715563050" lat="34.0318140" lon="-6.8223592" version="1" timestamp="2026-04-08T07:10:46Z" changeset="181033250" uid="15567285" user="Aya Samir"/>
  <node id="13759719397" lat="34.0330318" lon="-6.8203135" version="1" timestamp="2026-04-24T23:02:30Z" changeset="181786568" uid="1293386" user="Sal73x"/>
  <node id="13759719398" lat="34.0330206" lon="-6.8202853" version="1" timestamp="2026-04-24T23:02:30Z" changeset="181786568" uid="1293386" user="Sal73x"/>
  <node id="13759719399" lat="34.0331901" lon="-6.8202133" version="1" timestamp="2026-04-24T23:02:30Z" changeset="181786568" uid="1293386" user="Sal73x"/>
  <node id="13759719400" lat="34.0331796" lon="-6.8201883" version="1" timestamp="2026-04-24T23:02:30Z" changeset="181786568" uid="1293386" user="Sal73x"/>
  <node id="13759752201" lat="34.0331527" lon="-6.8202048" version="1" timestamp="2026-04-24T23:02:30Z" changeset="181786568" uid="1293386" user="Sal73x"/>
  <node id="13759752202" lat="34.0331624" lon="-6.8202278" version="1" timestamp="2026-04-24T23:02:30Z" changeset="181786568" uid="1293386" user="Sal73x"/>
  <node id="13759752203" lat="34.0330570" lon="-6.8202925" version="1" timestamp="2026-04-24T23:02:30Z" changeset="181786568" uid="1293386" user="Sal73x"/>
  <node id="13759752204" lat="34.0330471" lon="-6.8202690" version="1" timestamp="2026-04-24T23:02:30Z" changeset="181786568" uid="1293386" user="Sal73x"/>
  <way id="40979735" version="23" timestamp="2024-04-30T08:28:09Z" changeset="150695154" uid="9945354" user="salma_z">
    <nd ref="499401036"/>
    <nd ref="11868465028"/>
    <nd ref="898156759"/>
    <nd ref="6970499502"/>
    <nd ref="6970499500"/>
    <nd ref="499401040"/>
    <tag k="highway" v="residential"/>
    <tag k="lanes" v="1"/>
    <tag k="maxspeed" v="60"/>
    <tag k="name" v="Rue Al Ayachi"/>
    <tag k="oneway" v="yes"/>
    <tag k="surface" v="asphalt"/>
  </way>
  <way id="76139404" version="12" timestamp="2026-04-07T12:44:31Z" changeset="180996821" uid="1293386" user="Sal73x">
    <nd ref="13713773759"/>
    <nd ref="11843502352"/>
    <nd ref="11843502388"/>
    <nd ref="898162726"/>
    <nd ref="898160940"/>
    <nd ref="898160701"/>
    <nd ref="898160708"/>
    <tag k="highway" v="residential"/>
    <tag k="surface" v="asphalt"/>
  </way>
  <way id="76139461" version="8" timestamp="2024-04-30T12:36:31Z" changeset="150705906" uid="9945354" user="salma_z">
    <nd ref="898160757"/>
    <nd ref="6956357441"/>
    <nd ref="6755710847"/>
    <nd ref="11868970601"/>
    <nd ref="898160938"/>
    <nd ref="898160940"/>
    <nd ref="898160941"/>
    <tag k="highway" v="residential"/>
    <tag k="name" v="Rue Madaris"/>
    <tag k="surface" v="asphalt"/>
  </way>
  <way id="76139677" version="8" timestamp="2026-03-28T21:32:45Z" changeset="180559869" uid="251543" user="ChrissW-R1">
    <nd ref="6956357426"/>
    <nd ref="9562350072"/>
    <nd ref="11843502381"/>
    <nd ref="11843502383"/>
    <nd ref="6755928164"/>
    <nd ref="898162726"/>
    <nd ref="6755928163"/>
    <nd ref="11843502346"/>
    <nd ref="11843502350"/>
    <nd ref="11843502348"/>
    <nd ref="898162727"/>
    <tag k="highway" v="footway"/>
  </way>
  <way id="76140036" version="17" timestamp="2019-11-13T02:59:58Z" changeset="76989002" uid="9202927" user="Araucaria_araucana">
    <nd ref="898166338"/>
    <nd ref="6755710836"/>
    <nd ref="6755710837"/>
    <nd ref="898167443"/>
    <nd ref="6755710838"/>
    <nd ref="6755710839"/>
    <nd ref="898168028"/>
    <nd ref="6956327840"/>
    <nd ref="898166339"/>
    <nd ref="898166932"/>
    <nd ref="898166589"/>
    <nd ref="898166884"/>
    <nd ref="898166827"/>
    <nd ref="898166626"/>
    <nd ref="898166341"/>
    <nd ref="898166657"/>
    <nd ref="898166732"/>
    <nd ref="898166779"/>
    <nd ref="898166342"/>
    <tag k="highway" v="residential"/>
    <tag k="name" v="Avenue Bani Marine"/>
    <tag k="surface" v="asphalt"/>
    <tag k="width" v="4"/>
  </way>
  <way id="76140232" version="5" timestamp="2019-11-13T02:59:58Z" changeset="76989002" uid="9202927" user="Araucaria_araucana">
    <nd ref="898166900"/>
    <nd ref="898166884"/>
    <tag k="highway" v="pedestrian"/>
  </way>
  <way id="152606712" version="11" timestamp="2026-04-24T23:02:30Z" changeset="181786568" uid="1293386" user="Sal73x">
    <nd ref="2618153908"/>
    <nd ref="10090635515"/>
    <nd ref="1654142281"/>
    <nd ref="10090635528"/>
    <nd ref="10090635527"/>
    <nd ref="10090635529"/>
    <nd ref="8991479900"/>
    <nd ref="2618153899"/>
    <nd ref="10090635522"/>
    <nd ref="10090635521"/>
    <nd ref="10090635520"/>
    <nd ref="2618153894"/>
    <nd ref="8991479905"/>
    <nd ref="8991479911"/>
    <nd ref="8991479908"/>
    <nd ref="8991479906"/>
    <nd ref="2618153886"/>
    <nd ref="10090635482"/>
    <nd ref="10090635481"/>
    <nd ref="2618153881"/>
    <nd ref="8991479881"/>
    <nd ref="8991479882"/>
    <nd ref="8991479880"/>
    <nd ref="2618153875"/>
    <nd ref="10090635484"/>
    <nd ref="10090635483"/>
    <nd ref="2618153872"/>
    <nd ref="2618153863"/>
    <nd ref="10090635468"/>
    <nd ref="10090635467"/>
    <nd ref="10090635469"/>
    <nd ref="10907469912"/>
    <nd ref="10090635466"/>
    <nd ref="10090635465"/>
    <nd ref="10090635464"/>
    <nd ref="2618153859"/>
    <nd ref="2618153849"/>
    <nd ref="10090635486"/>
    <nd ref="10090635485"/>
    <nd ref="2618153844"/>
    <nd ref="1654142263"/>
    <nd ref="10090635487"/>
    <nd ref="10090635494"/>
    <nd ref="10090635493"/>
    <nd ref="10090635492"/>
    <nd ref="10090635491"/>
    <nd ref="10090635490"/>
    <nd ref="10090635488"/>
    <nd ref="10090635489"/>
    <nd ref="2618153835"/>
    <nd ref="13759719397"/>
    <nd ref="13759719398"/>
    <nd ref="13759752204"/>
    <nd ref="13759752203"/>
    <nd ref="11844496024"/>
    <nd ref="13759752202"/>
    <nd ref="13759752201"/>
    <nd ref="13759719400"/>
    <nd ref="13759719399"/>
    <nd ref="8982952047"/>
    <nd ref="8982952045"/>
    <nd ref="2833767732"/>
    <nd ref="10090635472"/>
    <nd ref="10090635471"/>
    <nd ref="10090635470"/>
    <nd ref="10090635473"/>
    <nd ref="10090635502"/>
    <nd ref="898163094"/>
    <nd ref="11868823715"/>
    <nd ref="11862209780"/>
    <nd ref="10090635476"/>
    <nd ref="10090635475"/>
    <nd ref="10090635474"/>
    <nd ref="10090635477"/>
    <nd ref="11868823712"/>
    <nd ref="2833767733"/>
    <nd ref="11868823711"/>
    <nd ref="10090635480"/>
    <nd ref="10090635478"/>
    <nd ref="10090635479"/>
    <nd ref="1654142273"/>
    <nd ref="10090635461"/>
    <nd ref="10090635459"/>
    <nd ref="10090635458"/>
    <nd ref="10090635460"/>
    <nd ref="2833767736"/>
    <nd ref="10090635457"/>
    <nd ref="10090635455"/>
    <nd ref="10090635454"/>
    <nd ref="10090635456"/>
    <nd ref="11862147402"/>
    <nd ref="10090635453"/>
    <nd ref="10090635451"/>
    <nd ref="10090635450"/>
    <nd ref="10090635452"/>
    <nd ref="11862147401"/>
    <nd ref="2833767740"/>
    <nd ref="10090635463"/>
    <nd ref="1654142320"/>
    <nd ref="13713810299"/>
    <nd ref="8992931500"/>
    <nd ref="8992931506"/>
    <nd ref="13713810300"/>
    <nd ref="13713812101"/>
    <nd ref="10090635462"/>
    <nd ref="2833767743"/>
    <tag k="barrier" v="city_wall"/>
    <tag k="historic" v="citywalls"/>
  </way>
  <way id="206128100" version="74" timestamp="2026-04-24T23:02:30Z" changeset="181786568" uid="1293386" user="Sal73x">
    <nd ref="2161285692"/>
    <nd ref="2161284965"/>
    <nd ref="2161285246"/>
    <nd ref="2161285434"/>
    <nd ref="2161284940"/>
    <nd ref="8951852486"/>
    <nd ref="2161285662"/>
    <nd ref="2161284900"/>
    <nd ref="2161284884"/>
    <nd ref="2161285566"/>
    <nd ref="2161285424"/>
    <nd ref="2618153743"/>
    <nd ref="5242542955"/>
    <nd ref="2161285635"/>
    <nd ref="2161285568"/>
    <nd ref="2161285702"/>
    <nd ref="4490820154"/>
    <nd ref="2574086721"/>
    <nd ref="5242542961"/>
    <nd ref="2161285199"/>
    <nd ref="2574086719"/>
    <nd ref="2161285331"/>
    <nd ref="2574086723"/>
    <nd ref="2161285650"/>
    <nd ref="2574086725"/>
    <nd ref="2574248676"/>
    <nd ref="2161285006"/>
    <nd ref="2574086731"/>
    <nd ref="2161285671"/>
    <nd ref="2574086744"/>
    <nd ref="2161285081"/>
    <nd ref="1776501258"/>
    <nd ref="6755879647"/>
    <nd ref="6755837578"/>
    <nd ref="2161284964"/>
    <nd ref="2574086747"/>
    <nd ref="5588709017"/>
    <nd ref="2574086749"/>
    <nd ref="5791223037"/>
    <nd ref="5791223038"/>
    <nd ref="2574086751"/>
    <nd ref="5791223036"/>
    <nd ref="5791223035"/>
    <nd ref="2574086753"/>
    <nd ref="5791210247"/>
    <nd ref="2161285521"/>
    <nd ref="5791210216"/>
    <nd ref="1448860937"/>
    <nd ref="2114851115"/>
    <nd ref="2161285144"/>
    <nd ref="2161285154"/>
    <nd ref="2161285492"/>
    <nd ref="2161284991"/>
    <nd ref="2637253218"/>
    <nd ref="2161285419"/>
    <nd ref="2161285634"/>
    <nd ref="2161285155"/>
    <nd ref="2161285411"/>
    <nd ref="2161285059"/>
    <nd ref="2161285412"/>
    <nd ref="2161285115"/>
    <nd ref="2161285452"/>
    <nd ref="2161284882"/>
    <nd ref="2161285637"/>
    <nd ref="2161285519"/>
    <nd ref="2161285013"/>
    <nd ref="2161285395"/>
    <nd ref="2161285120"/>
    <nd ref="5588709243"/>
    <nd ref="2161285502"/>
    <nd ref="2161285209"/>
    <nd ref="2161285633"/>
    <nd ref="2161285698"/>
    <nd ref="5245930308"/>
    <nd ref="2161285335"/>
    <nd ref="4541527957"/>
    <nd ref="4541527956"/>
    <nd ref="4541527958"/>
    <nd ref="4541527959"/>
    <nd ref="4541527955"/>
    <nd ref="4541527954"/>
    <nd ref="4541527953"/>
    <nd ref="4541527952"/>
    <nd ref="4541527951"/>
    <nd ref="2161285494"/>
    <nd ref="4541527950"/>
    <nd ref="2161285570"/>
    <nd ref="5907445071"/>
    <nd ref="2161285387"/>
    <nd ref="2161284922"/>
    <nd ref="2161285291"/>
    <nd ref="8164820702"/>
    <nd ref="2161285505"/>
    <nd ref="2161284989"/>
    <nd ref="2161285472"/>
    <nd ref="2161284974"/>
    <nd ref="2161285270"/>
    <nd ref="2161285285"/>
    <nd ref="2161285203"/>
    <nd ref="2161285090"/>
    <nd ref="2161285122"/>
    <nd ref="2161285026"/>
    <nd ref="8164820708"/>
    <nd ref="2161285427"/>
    <nd ref="2161285302"/>
    <nd ref="12155942173"/>
    <nd ref="12155942172"/>
    <nd ref="12155942171"/>
    <nd ref="12155942170"/>
    <nd ref="12155942169"/>
    <nd ref="12155942168"/>
    <nd ref="12155942167"/>
    <nd ref="2161285487"/>
    <nd ref="2161285091"/>
    <nd ref="12155942121"/>
    <nd ref="2161285207"/>
    <nd ref="2161285033"/>
    <nd ref="2161284871"/>
    <nd ref="2161284946"/>
    <nd ref="2161285002"/>
    <nd ref="2161285480"/>
    <nd ref="2161285136"/>
    <nd ref="2161285053"/>
    <nd ref="4713784337"/>
    <nd ref="9076122916"/>
    <nd ref="2161285612"/>
    <nd ref="2161285572"/>
    <nd ref="2161285651"/>
    <nd ref="2161284927"/>
    <nd ref="9872620103"/>
    <nd ref="2161285733"/>
    <nd ref="2161285552"/>
    <nd ref="2161285762"/>
    <nd ref="2161284976"/>
    <nd ref="2161284968"/>
    <nd ref="2161284935"/>
    <nd ref="2161285130"/>
    <nd ref="2672283592"/>
    <nd ref="2672283642"/>
    <nd ref="2672283606"/>
    <nd ref="2161285409"/>
    <nd ref="4713784239"/>
    <nd ref="2161285491"/>
    <nd ref="2161285527"/>
    <nd ref="4713784344"/>
    <nd ref="2161285685"/>
    <nd ref="2161285226"/>
    <nd ref="2161285221"/>
    <nd ref="2186253192"/>
    <nd ref="2161284971"/>
    <nd ref="2161284933"/>
    <nd ref="2161285482"/>
    <nd ref="2161285421"/>
    <nd ref="2161285037"/>
    <nd ref="2161285011"/>
    <nd ref="2161285669"/>
    <nd ref="2161285545"/>
    <nd ref="2161285660"/>
    <nd ref="2161285373"/>
    <nd ref="2161285252"/>
    <nd ref="2161285044"/>
    <nd ref="2161285049"/>
    <nd ref="2161285298"/>
    <nd ref="2161285777"/>
    <nd ref="2161285034"/>
    <nd ref="2161284937"/>
    <nd ref="2161285042"/>
    <nd ref="5757238404"/>
    <nd ref="2161285653"/>
    <nd ref="2161284886"/>
    <nd ref="2161285571"/>
    <nd ref="2161285484"/>
    <nd ref="2161285766"/>
    <nd ref="2161285747"/>
    <nd ref="2161284957"/>
    <nd ref="2161284995"/>
    <nd ref="2161285190"/>
    <nd ref="4420014179"/>
    <nd ref="2161285477"/>
    <nd ref="2161285743"/>
    <nd ref="2161285157"/>
    <nd ref="2161285464"/>
    <nd ref="2161285641"/>
    <nd ref="2161285643"/>
    <nd ref="2161285606"/>
    <nd ref="2161285725"/>
    <nd ref="2161285783"/>
    <nd ref="2161285040"/>
    <nd ref="5784761181"/>
    <nd ref="11839406373"/>
    <nd ref="2161285549"/>
    <nd ref="4713471484"/>
    <nd ref="2161285613"/>
    <nd ref="4713471483"/>
    <nd ref="4713471482"/>
    <nd ref="2161285142"/>
    <nd ref="4713471479"/>
    <nd ref="2161285239"/>
    <nd ref="4713471478"/>
    <nd ref="5784792629"/>
    <nd ref="4713471477"/>
    <nd ref="2161285574"/>
    <nd ref="5784792631"/>
    <nd ref="4713471481"/>
    <nd ref="4713471480"/>
    <nd ref="6726726237"/>
    <nd ref="2161285046"/>
    <nd ref="10907456862"/>
    <nd ref="2161285655"/>
    <nd ref="5656425961"/>
    <nd ref="2161285693"/>
    <nd ref="2161285228"/>
    <nd ref="2161285218"/>
    <nd ref="2161284878"/>
    <nd ref="10914686850"/>
    <nd ref="2161285414"/>
    <nd ref="2161285282"/>
    <nd ref="1654142368"/>
    <nd ref="1654142359"/>
    <nd ref="10090635440"/>
    <nd ref="10090635438"/>
    <nd ref="10090635437"/>
    <nd ref="10090635439"/>
    <nd ref="1654142354"/>
    <nd ref="10090635442"/>
    <nd ref="10090635441"/>
    <nd ref="10090635443"/>
    <nd ref="10090635448"/>
    <nd ref="10090635446"/>
    <nd ref="10090635445"/>
    <nd ref="10090635444"/>
    <nd ref="10090635447"/>
    <nd ref="1654142349"/>
    <nd ref="2833767745"/>
    <nd ref="1654142341"/>
    <nd ref="10090635560"/>
    <nd ref="10090635559"/>
    <nd ref="10090635561"/>
    <nd ref="1654142334"/>
    <nd ref="10090635558"/>
    <nd ref="10090635557"/>
    <nd ref="10090635556"/>
    <nd ref="2161285279"/>
    <nd ref="1654142327"/>
    <nd ref="1654142319"/>
    <nd ref="10090635551"/>
    <nd ref="10090635550"/>
    <nd ref="10090635549"/>
    <nd ref="10090635552"/>
    <nd ref="1654142318"/>
    <nd ref="10090635547"/>
    <nd ref="10090635546"/>
    <nd ref="10090635548"/>
    <nd ref="2161285470"/>
    <nd ref="2161285740"/>
    <nd ref="2161285636"/>
    <nd ref="2161284926"/>
    <nd ref="2161284906"/>
    <nd ref="8637280647"/>
    <nd ref="8637280648"/>
    <nd ref="8637280649"/>
    <nd ref="11837611041"/>
    <nd ref="11837611043"/>
    <nd ref="11837611042"/>
    <nd ref="2161285094"/>
    <nd ref="2833732648"/>
    <nd ref="2161285727"/>
    <nd ref="2161285556"/>
    <nd ref="2161285132"/>
    <nd ref="2161285710"/>
    <nd ref="10090635487"/>
    <nd ref="1654142263"/>
    <nd ref="2618153835"/>
    <nd ref="13759719397"/>
    <nd ref="13759719398"/>
    <nd ref="13759752204"/>
    <nd ref="13759752203"/>
    <nd ref="11844496024"/>
    <nd ref="13759752202"/>
    <nd ref="13759752201"/>
    <nd ref="13759719400"/>
    <nd ref="13759719399"/>
    <nd ref="8982952047"/>
    <nd ref="8982952045"/>
    <nd ref="2833767732"/>
    <nd ref="10090635472"/>
    <nd ref="10090635471"/>
    <nd ref="10090635470"/>
    <nd ref="10090635473"/>
    <nd ref="10090635502"/>
    <nd ref="898163094"/>
    <nd ref="11862209780"/>
    <nd ref="10090635476"/>
    <nd ref="10090635475"/>
    <nd ref="10090635474"/>
    <nd ref="10090635477"/>
    <nd ref="2833767733"/>
    <nd ref="10090635480"/>
    <nd ref="10090635478"/>
    <nd ref="10090635479"/>
    <nd ref="1654142273"/>
    <nd ref="8990698915"/>
    <nd ref="2833767735"/>
    <nd ref="2833767737"/>
    <nd ref="2833767736"/>
    <nd ref="10090635457"/>
    <nd ref="10090635455"/>
    <nd ref="10090635454"/>
    <nd ref="10090635456"/>
    <nd ref="11862147402"/>
    <nd ref="10090635453"/>
    <nd ref="10090635451"/>
    <nd ref="10090635450"/>
    <nd ref="10090635452"/>
    <nd ref="11862147401"/>
    <nd ref="2833767740"/>
    <nd ref="10090635463"/>
    <nd ref="1654142320"/>
    <nd ref="2161285274"/>
    <nd ref="2161284859"/>
    <nd ref="2161284949"/>
    <nd ref="2161285338"/>
    <nd ref="2161284959"/>
    <nd ref="10102174504"/>
    <nd ref="2161285295"/>
    <nd ref="7160613040"/>
    <nd ref="4420179061"/>
    <nd ref="2161285584"/>
    <nd ref="5788124214"/>
    <nd ref="2161285793"/>
    <nd ref="2161285615"/>
    <nd ref="2161285582"/>
    <nd ref="2161285362"/>
    <nd ref="2161285089"/>
    <nd ref="2161284953"/>
    <nd ref="2161284969"/>
    <nd ref="2161285048"/>
    <nd ref="5242572941"/>
    <nd ref="4420183729"/>
    <nd ref="2161285687"/>
    <nd ref="4420183710"/>
    <nd ref="2161284993"/>
    <nd ref="9021101387"/>
    <nd ref="2161285340"/>
    <nd ref="4420183730"/>
    <nd ref="2161284963"/>
    <nd ref="2161285723"/>
    <nd ref="2618153749"/>
    <nd ref="4463219299"/>
    <nd ref="2161284880"/>
    <nd ref="2161285021"/>
    <nd ref="2161285365"/>
    <nd ref="2161285181"/>
    <nd ref="2161285745"/>
    <nd ref="2161285786"/>
    <nd ref="5637889829"/>
    <nd ref="2161284947"/>
    <nd ref="8947776609"/>
    <nd ref="2161284939"/>
    <nd ref="2161285711"/>
    <nd ref="5242572958"/>
    <nd ref="5242572956"/>
    <nd ref="2161285779"/>
    <nd ref="2161284944"/>
    <nd ref="2161285692"/>
    <tag k="landuse" v="residential"/>
  </way>
  <way id="208303960" version="28" timestamp="2026-04-08T07:10:46Z" changeset="181033250" uid="15567285" user="Aya Samir">
    <nd ref="8637311224"/>
    <nd ref="11837326622"/>
    <nd ref="2186272319"/>
    <nd ref="11837326673"/>
    <nd ref="6956327874"/>
    <nd ref="6956327868"/>
    <nd ref="11837326707"/>
    <nd ref="2186272332"/>
    <nd ref="2186272276"/>
    <nd ref="11837326633"/>
    <nd ref="6956327862"/>
    <nd ref="11837326729"/>
    <nd ref="13715563048"/>
    <nd ref="11724006538"/>
    <tag k="foot" v="no"/>
    <tag k="highway" v="secondary"/>
    <tag k="lanes" v="2"/>
    <tag k="name" v="Avenue Fes شارع فاس"/>
    <tag k="name:ar" v="Avenue Fes شارع فاس"/>
    <tag k="name:fr" v="Avenue Fes"/>
    <tag k="oneway" v="yes"/>
    <tag k="sidewalk" v="right"/>
    <tag k="surface" v="asphalt"/>
  </way>
  <way id="208303965" version="13" timestamp="2024-04-30T12:36:31Z" changeset="150705906" uid="9945354" user="salma_z">
    <nd ref="2186272330"/>
    <nd ref="6956357397"/>
    <nd ref="898160938"/>
    <nd ref="11868970597"/>
    <nd ref="898159855"/>
    <nd ref="6755710853"/>
    <nd ref="11843502301"/>
    <nd ref="11843502300"/>
    <nd ref="11843502299"/>
    <nd ref="11843502297"/>
    <nd ref="6970499538"/>
    <nd ref="11866440919"/>
    <nd ref="898160098"/>
    <tag k="highway" v="residential"/>
    <tag k="surface" v="asphalt"/>
  </way>
  <way id="208303976" version="8" timestamp="2024-04-29T07:56:35Z" changeset="150649594" uid="9945354" user="salma_z">
    <nd ref="2186272330"/>
    <nd ref="6956357415"/>
    <nd ref="6956357405"/>
    <nd ref="11843502329"/>
    <nd ref="2186272248"/>
    <nd ref="6956357496"/>
    <nd ref="6956357498"/>
    <nd ref="6956357497"/>
    <nd ref="2186272332"/>
    <tag k="highway" v="residential"/>
    <tag k="oneway" v="yes"/>
    <tag k="surface" v="asphalt"/>
  </way>
  <way id="220512403" version="13" timestamp="2026-04-24T23:02:30Z" changeset="181786568" uid="1293386" user="Sal73x">
    <nd ref="10090635487"/>
    <nd ref="10090635494"/>
    <nd ref="10090635493"/>
    <nd ref="10090635492"/>
    <nd ref="10090635491"/>
    <nd ref="10090635490"/>
    <nd ref="10090635488"/>
    <nd ref="10090635489"/>
    <nd ref="2618153835"/>
    <nd ref="13759719397"/>
    <nd ref="13759719398"/>
    <nd ref="13759752204"/>
    <nd ref="13759752203"/>
    <nd ref="11844496024"/>
    <nd ref="13759752202"/>
    <nd ref="13759752201"/>
    <nd ref="13759719400"/>
    <nd ref="13759719399"/>
    <nd ref="8982952047"/>
    <nd ref="8982952045"/>
    <nd ref="2833767732"/>
    <nd ref="10090635472"/>
    <nd ref="10090635471"/>
    <nd ref="10090635470"/>
    <nd ref="10090635473"/>
    <nd ref="10090635502"/>
    <nd ref="10090635504"/>
    <nd ref="11844496001"/>
    <nd ref="10090635505"/>
    <nd ref="11844496000"/>
    <nd ref="10090635506"/>
    <nd ref="11844495999"/>
    <nd ref="11844495998"/>
    <nd ref="11844495997"/>
    <nd ref="2296258953"/>
    <nd ref="11844495996"/>
    <nd ref="11844495994"/>
    <nd ref="2296258954"/>
    <nd ref="11844496009"/>
    <nd ref="11844496005"/>
    <nd ref="2296258949"/>
    <nd ref="11844496004"/>
    <nd ref="10090635507"/>
    <nd ref="11844496006"/>
    <nd ref="11844495993"/>
    <nd ref="10090635508"/>
    <nd ref="11844496021"/>
    <nd ref="10090635509"/>
    <nd ref="11844496020"/>
    <nd ref="10090635510"/>
    <nd ref="11844496011"/>
    <nd ref="10090635511"/>
    <nd ref="10090635512"/>
    <nd ref="10090635513"/>
    <nd ref="11844496032"/>
    <nd ref="11844496036"/>
    <nd ref="11844496033"/>
    <nd ref="11844496043"/>
    <nd ref="11844496046"/>
    <nd ref="10090635514"/>
    <nd ref="11844496048"/>
    <nd ref="10090635515"/>
    <nd ref="1654142281"/>
    <nd ref="10090635528"/>
    <nd ref="10090635527"/>
    <nd ref="10090635529"/>
    <nd ref="8991479900"/>
    <nd ref="2618153899"/>
    <nd ref="10090635522"/>
    <nd ref="10090635521"/>
    <nd ref="10090635520"/>
    <nd ref="2618153894"/>
    <nd ref="8991479905"/>
    <nd ref="8991479911"/>
    <nd ref="8991479908"/>
    <nd ref="8991479906"/>
    <nd ref="2618153886"/>
    <nd ref="10090635482"/>
    <nd ref="10090635481"/>
    <nd ref="2618153881"/>
    <nd ref="8991479881"/>
    <nd ref="8991479882"/>
    <nd ref="8991479880"/>
    <nd ref="2618153875"/>
    <nd ref="10090635484"/>
    <nd ref="10090635483"/>
    <nd ref="2618153872"/>
    <nd ref="2618153863"/>
    <nd ref="10090635468"/>
    <nd ref="10090635467"/>
    <nd ref="10090635469"/>
    <nd ref="10907469912"/>
    <nd ref="10090635466"/>
    <nd ref="10090635465"/>
    <nd ref="10090635464"/>
    <nd ref="2618153859"/>
    <nd ref="2618153849"/>
    <nd ref="10090635486"/>
    <nd ref="10090635485"/>
    <nd ref="2618153844"/>
    <nd ref="1654142263"/>
    <nd ref="10090635487"/>
  </way>
  <way id="251113458" version="20" timestamp="2024-05-07T08:39:26Z" changeset="150997849" uid="9945354" user="salma_z">
    <nd ref="2186272323"/>
    <nd ref="11868455220"/>
    <nd ref="2186272288"/>
    <nd ref="6956327829"/>
    <nd ref="410870017"/>
    <nd ref="616653708"/>
    <nd ref="1448875158"/>
    <nd ref="6956357416"/>
    <nd ref="898160941"/>
    <nd ref="11844496053"/>
    <nd ref="11844496054"/>
    <nd ref="410870023"/>
    <nd ref="11844496034"/>
    <nd ref="898160708"/>
    <nd ref="6956357393"/>
    <nd ref="6755928161"/>
    <nd ref="898160098"/>
    <nd ref="11843502410"/>
    <nd ref="10906051663"/>
    <nd ref="410870021"/>
    <nd ref="11843502475"/>
    <nd ref="898159861"/>
    <nd ref="410870039"/>
    <nd ref="11866440926"/>
    <nd ref="11843502473"/>
    <nd ref="6771549971"/>
    <nd ref="11843502451"/>
    <nd ref="898166090"/>
    <nd ref="6769994092"/>
    <nd ref="6769570592"/>
    <nd ref="6769570593"/>
    <nd ref="410870040"/>
    <tag k="highway" v="tertiary"/>
    <tag k="lanes" v="2"/>
    <tag k="name" v="Avenue Al Moqawama"/>
    <tag k="oneway" v="yes"/>
    <tag k="surface" v="asphalt"/>
  </way>
  <way id="256119118" version="2" timestamp="2022-10-10T22:05:18Z" changeset="127325462" uid="6556551" user="TWHB">
    <nd ref="10090635517"/>
    <nd ref="2618153870"/>
    <nd ref="2618153871"/>
    <nd ref="2618153868"/>
    <nd ref="2618153860"/>
    <nd ref="10090635516"/>
    <nd ref="10090635517"/>
    <tag k="landuse" v="grass"/>
  </way>
  <way id="256119120" version="2" timestamp="2022-10-10T22:05:18Z" changeset="127325462" uid="6556551" user="TWHB">
    <nd ref="10090635519"/>
    <nd ref="2618153878"/>
    <nd ref="2618153880"/>
    <nd ref="2618153876"/>
    <nd ref="2618153869"/>
    <nd ref="2618153873"/>
    <nd ref="2618153874"/>
    <nd ref="10090635518"/>
    <nd ref="10090635519"/>
    <tag k="landuse" v="grass"/>
  </way>
  <way id="256119121" version="3" timestamp="2024-04-24T13:49:17Z" changeset="150448847" uid="9945354" user="salma_z">
    <nd ref="10090635523"/>
    <nd ref="10090635524"/>
    <nd ref="11844496044"/>
    <nd ref="11844496045"/>
    <nd ref="2618153892"/>
    <nd ref="2618153893"/>
    <nd ref="10090635526"/>
    <nd ref="2618153890"/>
    <nd ref="2618153877"/>
    <nd ref="2618153882"/>
    <nd ref="2618153884"/>
    <nd ref="10090635523"/>
    <tag k="landuse" v="grass"/>
  </way>
  <way id="256119157" version="3" timestamp="2023-05-17T21:10:17Z" changeset="136229283" uid="454932" user="Cyrille37">
    <nd ref="8983011181"/>
    <nd ref="898166825"/>
    <nd ref="898166827"/>
    <tag k="highway" v="pedestrian"/>
  </way>
  <way id="321530330" version="10" timestamp="2025-06-06T06:03:52Z" changeset="167250757" uid="22435148" user="SevierLake">
    <nd ref="11843502470"/>
    <nd ref="6970499512"/>
    <nd ref="6970499513"/>
    <nd ref="11866440915"/>
    <nd ref="11843502186"/>
    <nd ref="898156879"/>
    <nd ref="6772009694"/>
    <nd ref="11843497900"/>
    <nd ref="499401036"/>
    <nd ref="2573980185"/>
    <nd ref="898160757"/>
    <nd ref="11843502292"/>
    <tag k="highway" v="residential"/>
    <tag k="name" v="Avenue des Forces Armées Royales شارع الجيش الملكي"/>
    <tag k="name:ar" v="شارع الجيش الملكي"/>
    <tag k="name:etymology" v="القوات المسلحة الملكية المغربية"/>
    <tag k="name:etymology:wikidata" v="Q34511"/>
    <tag k="name:etymology:wikipedia" v="ar:القوات المسلحة الملكية المغربية"/>
    <tag k="name:fr" v="Avenue des Forces Armées Royales"/>
    <tag k="surface" v="asphalt"/>
  </way>
  <way id="397942807" version="1" timestamp="2016-02-15T10:47:03Z" changeset="37221501" uid="1749221" user="neocarto">
    <nd ref="4007155891"/>
    <nd ref="4007155892"/>
    <nd ref="4007155893"/>
    <nd ref="4007155894"/>
    <nd ref="4007155895"/>
    <nd ref="4007155896"/>
    <nd ref="4007155891"/>
    <tag k="building" v="yes"/>
  </way>
  <way id="397942808" version="2" timestamp="2019-11-08T01:54:42Z" changeset="76783291" uid="9202927" user="Araucaria_araucana">
    <nd ref="4007155897"/>
    <nd ref="6956357386"/>
    <nd ref="4007155898"/>
    <nd ref="6956357385"/>
    <nd ref="6956357388"/>
    <nd ref="4007155899"/>
    <nd ref="4007155900"/>
    <nd ref="6956357387"/>
    <nd ref="4007155897"/>
    <tag k="building" v="yes"/>
  </way>
  <way id="453127434" version="6" timestamp="2026-03-05T04:37:49Z" changeset="179377820" uid="21853634" user="ilias_">
    <nd ref="4499255638"/>
    <nd ref="4499255639"/>
    <nd ref="4499255640"/>
    <nd ref="11843502318"/>
    <nd ref="11843502315"/>
    <nd ref="4499255641"/>
    <nd ref="4499255642"/>
    <nd ref="4499255643"/>
    <nd ref="11140759261"/>
    <nd ref="4499255644"/>
    <nd ref="4499255645"/>
    <nd ref="4499255646"/>
    <nd ref="9027201039"/>
    <nd ref="4499255647"/>
    <nd ref="4499255638"/>
    <tag k="amenity" v="clinic"/>
    <tag k="building" v="yes"/>
    <tag k="healthcare" v="clinic"/>
    <tag k="name" v="Clinique Beauséjour"/>
    <tag k="phone" v="+212 5 37 78 13 13"/>
  </way>
  <way id="453127996" version="6" timestamp="2024-04-30T08:28:09Z" changeset="150695154" uid="9945354" user="salma_z">
    <nd ref="4499274711"/>
    <nd ref="8991509449"/>
    <nd ref="4499274712"/>
    <nd ref="8991509470"/>
    <nd ref="4499274713"/>
    <nd ref="4499274714"/>
    <nd ref="4499274715"/>
    <nd ref="4499274711"/>
    <tag k="amenity" v="place_of_worship"/>
    <tag k="building" v="yes"/>
    <tag k="name" v="Mosquée Réda"/>
    <tag k="name:fr" v="Mosquée Réda"/>
    <tag k="religion" v="muslim"/>
  </way>
  <way id="584347695" version="15" timestamp="2026-04-07T12:44:31Z" changeset="180996821" uid="1293386" user="Sal73x">
    <nd ref="2186272323"/>
    <nd ref="6956357418"/>
    <nd ref="11837326656"/>
    <nd ref="6756048012"/>
    <nd ref="12880904499"/>
    <nd ref="11724006540"/>
    <nd ref="13713773759"/>
    <nd ref="11724006539"/>
    <nd ref="11865608626"/>
    <nd ref="11837326645"/>
    <nd ref="2186272274"/>
    <nd ref="2186272248"/>
    <nd ref="11843502288"/>
    <nd ref="11843502286"/>
    <nd ref="11843502284"/>
    <nd ref="11843502296"/>
    <nd ref="898154135"/>
    <nd ref="11837326659"/>
    <nd ref="6956357511"/>
    <tag k="foot" v="no"/>
    <tag k="highway" v="secondary"/>
    <tag k="lanes" v="2"/>
    <tag k="name" v="Avenue Fes شارع فاس"/>
    <tag k="name:ar" v="Avenue Fes شارع فاس"/>
    <tag k="name:en" v="Fez Avenue"/>
    <tag k="name:fr" v="Avenue Fes"/>
    <tag k="oneway" v="yes"/>
    <tag k="sidewalk" v="right"/>
    <tag k="surface" v="asphalt"/>
  </way>
  <way id="699447825" version="2" timestamp="2021-08-06T13:38:14Z" changeset="109263719" uid="13744382" user="imel15">
    <nd ref="6568143855"/>
    <nd ref="6568143856"/>
    <nd ref="6568143857"/>
    <nd ref="6568143858"/>
    <nd ref="6568143859"/>
    <nd ref="6568143860"/>
    <nd ref="6568143861"/>
    <nd ref="8985864137"/>
    <nd ref="6568143862"/>
    <nd ref="6568143855"/>
    <tag k="building" v="yes"/>
  </way>
  <way id="699447826" version="2" timestamp="2021-08-06T13:25:26Z" changeset="109263113" uid="13744382" user="imel15">
    <nd ref="6568143863"/>
    <nd ref="6568143864"/>
    <nd ref="6568143865"/>
    <nd ref="6568143866"/>
    <nd ref="6568143867"/>
    <nd ref="6568143868"/>
    <nd ref="6568143869"/>
    <nd ref="8985838644"/>
    <nd ref="8985838645"/>
    <nd ref="6568143870"/>
    <nd ref="6568143863"/>
    <tag k="building" v="yes"/>
  </way>
  <way id="699447827" version="3" timestamp="2021-08-06T03:13:26Z" changeset="109229396" uid="13744382" user="imel15">
    <nd ref="6568143871"/>
    <nd ref="6568143872"/>
    <nd ref="6568143873"/>
    <nd ref="6568143874"/>
    <nd ref="6568143875"/>
    <nd ref="6568143876"/>
    <nd ref="6568143877"/>
    <nd ref="8984508051"/>
    <nd ref="8984577525"/>
    <nd ref="8984508050"/>
    <nd ref="8984508049"/>
    <nd ref="8984508048"/>
    <nd ref="8984508047"/>
    <nd ref="8984508046"/>
    <nd ref="6568143878"/>
    <nd ref="6568143871"/>
    <tag k="building" v="yes"/>
  </way>
  <way id="699447828" version="2" timestamp="2021-08-06T03:13:26Z" changeset="109229396" uid="13744382" user="imel15">
    <nd ref="6568143879"/>
    <nd ref="6568143880"/>
    <nd ref="6568143881"/>
    <nd ref="6568143882"/>
    <nd ref="6568143883"/>
    <nd ref="6568143884"/>
    <nd ref="6568149585"/>
    <nd ref="8984508069"/>
    <nd ref="8984508068"/>
    <nd ref="8984508067"/>
    <nd ref="8984508066"/>
    <nd ref="8984508065"/>
    <nd ref="8984508064"/>
    <nd ref="8984508063"/>
    <nd ref="8984508062"/>
    <nd ref="6568149586"/>
    <nd ref="6568143879"/>
    <tag k="building" v="yes"/>
  </way>
  <way id="699447829" version="2" timestamp="2021-08-06T13:25:26Z" changeset="109263113" uid="13744382" user="imel15">
    <nd ref="6568149587"/>
    <nd ref="6568149588"/>
    <nd ref="6568149589"/>
    <nd ref="6568149590"/>
    <nd ref="6568149591"/>
    <nd ref="6568149592"/>
    <nd ref="6568149593"/>
    <nd ref="8985838660"/>
    <nd ref="6568149594"/>
    <nd ref="6568149587"/>
    <tag k="building" v="yes"/>
  </way>
  <way id="699447830" version="2" timestamp="2021-08-06T13:38:14Z" changeset="109263719" uid="13744382" user="imel15">
    <nd ref="6568149595"/>
    <nd ref="6568149596"/>
    <nd ref="6568149597"/>
    <nd ref="6568149598"/>
    <nd ref="6568149599"/>
    <nd ref="6568149600"/>
    <nd ref="6568149601"/>
    <nd ref="8985858215"/>
    <nd ref="8985858214"/>
    <nd ref="6568149602"/>
    <nd ref="6568149595"/>
    <tag k="building" v="yes"/>
  </way>
  <way id="699447831" version="2" timestamp="2021-08-06T14:34:31Z" changeset="109266557" uid="13744382" user="imel15">
    <nd ref="6568149603"/>
    <nd ref="6568149604"/>
    <nd ref="6568149605"/>
    <nd ref="6568149606"/>
    <nd ref="6568149607"/>
    <nd ref="6568149608"/>
    <nd ref="6568149609"/>
    <nd ref="8985953164"/>
    <nd ref="6568149610"/>
    <nd ref="6568149603"/>
    <tag k="building" v="yes"/>
  </way>
  <way id="699472867" version="1" timestamp="2019-06-24T18:17:48Z" changeset="71571928" uid="1208299" user="Xadu">
    <nd ref="6568381477"/>
    <nd ref="6568381478"/>
    <nd ref="6568381479"/>
    <nd ref="6568381480"/>
    <nd ref="6568381481"/>
    <nd ref="6568381482"/>
    <nd ref="6568381483"/>
    <nd ref="6568381484"/>
    <nd ref="6568396485"/>
    <nd ref="6568396486"/>
    <nd ref="6568396487"/>
    <nd ref="6568149617"/>
    <nd ref="6568381477"/>
    <tag k="building" v="yes"/>
  </way>
  <way id="699472868" version="1" timestamp="2019-06-24T18:17:48Z" changeset="71571928" uid="1208299" user="Xadu">
    <nd ref="6568381483"/>
    <nd ref="6568396488"/>
    <nd ref="6568396489"/>
    <nd ref="6568396511"/>
    <nd ref="6568396490"/>
    <nd ref="6568396491"/>
    <nd ref="6568396492"/>
    <nd ref="6568396493"/>
    <nd ref="6568396494"/>
    <nd ref="6568396495"/>
    <nd ref="6568396496"/>
    <nd ref="6568396497"/>
    <nd ref="6568396498"/>
    <nd ref="6568381483"/>
    <tag k="building" v="yes"/>
  </way>
  <way id="704396849" version="4" timestamp="2026-04-07T12:44:31Z" changeset="180996821" uid="1293386" user="Sal73x">
    <nd ref="6615104211"/>
    <nd ref="11837326765"/>
    <tag k="highway" v="footway"/>
  </way>
  <way id="719436673" version="4" timestamp="2019-11-08T01:54:42Z" changeset="76783291" uid="9202927" user="Araucaria_araucana">
    <nd ref="6755710859"/>
    <nd ref="6755710854"/>
    <nd ref="6755710858"/>
    <nd ref="499401036"/>
    <tag k="highway" v="residential"/>
    <tag k="name" v="Rue Al Yachi"/>
    <tag k="oneway" v="yes"/>
    <tag k="surface" v="asphalt"/>
  </way>
  <way id="719696895" version="5" timestamp="2026-04-07T12:44:31Z" changeset="180996821" uid="1293386" user="Sal73x">
    <nd ref="6755928169"/>
    <nd ref="11872484414"/>
    <nd ref="898155431"/>
    <nd ref="6956357380"/>
    <nd ref="6956327845"/>
    <nd ref="6956357377"/>
    <nd ref="6956357375"/>
    <nd ref="6755928172"/>
    <nd ref="6956327864"/>
    <nd ref="6956327877"/>
    <nd ref="6956327857"/>
    <nd ref="6956357483"/>
    <nd ref="13713773758"/>
    <nd ref="11724006538"/>
    <tag k="highway" v="residential"/>
    <tag k="surface" v="asphalt"/>
  </way>
  <way id="719905730" version="5" timestamp="2024-04-24T09:49:27Z" changeset="150435765" uid="9945354" user="salma_z">
    <nd ref="410870023"/>
    <nd ref="898160701"/>
    <nd ref="6956357396"/>
    <nd ref="6956357389"/>
    <nd ref="6771812178"/>
    <nd ref="6956357432"/>
    <nd ref="11843502409"/>
    <nd ref="898159855"/>
    <tag k="highway" v="residential"/>
    <tag k="lanes" v="1"/>
    <tag k="maxspeed" v="60"/>
    <tag k="name" v="Rue Al Ayachi"/>
    <tag k="oneway" v="yes"/>
    <tag k="surface" v="asphalt"/>
  </way>
  <way id="721918322" version="5" timestamp="2024-04-29T14:07:26Z" changeset="150665557" uid="9945354" user="salma_z">
    <nd ref="6772009694"/>
    <nd ref="11347362325"/>
    <nd ref="6771636304"/>
    <nd ref="11866440931"/>
    <nd ref="11866440933"/>
    <nd ref="11866440930"/>
    <nd ref="11866440932"/>
    <nd ref="11866440929"/>
    <nd ref="11866440928"/>
    <nd ref="6970499538"/>
    <tag k="highway" v="residential"/>
  </way>
  <way id="743168805" version="3" timestamp="2024-04-24T09:49:27Z" changeset="150435765" uid="9945354" user="salma_z">
    <nd ref="11837326751"/>
    <nd ref="11837326750"/>
    <nd ref="11837326727"/>
    <nd ref="11837326749"/>
    <nd ref="11843502571"/>
    <nd ref="6956327862"/>
    <tag k="highway" v="service"/>
  </way>
  <way id="743168807" version="4" timestamp="2024-04-24T09:49:27Z" changeset="150435765" uid="9945354" user="salma_z">
    <nd ref="11837326704"/>
    <nd ref="11837326685"/>
    <nd ref="6956327869"/>
    <nd ref="11837326698"/>
    <nd ref="11837326699"/>
    <nd ref="11843502569"/>
    <nd ref="6956327868"/>
    <tag k="highway" v="service"/>
  </way>
  <way id="743168830" version="2" timestamp="2024-04-30T08:28:09Z" changeset="150695154" uid="9945354" user="salma_z">
    <nd ref="6956357385"/>
    <nd ref="11868455226"/>
    <nd ref="11868455227"/>
    <nd ref="6956357386"/>
    <tag k="covered" v="yes"/>
    <tag k="highway" v="service"/>
  </way>
  <way id="743168831" version="1" timestamp="2019-11-08T01:54:42Z" changeset="76783291" uid="9202927" user="Araucaria_araucana">
    <nd ref="6956357395"/>
    <nd ref="6956357385"/>
    <tag k="highway" v="service"/>
  </way>
  <way id="743168832" version="1" timestamp="2019-11-08T01:54:42Z" changeset="76783291" uid="9202927" user="Araucaria_araucana">
    <nd ref="6956357388"/>
    <nd ref="6956357387"/>
    <tag k="covered" v="yes"/>
    <tag k="highway" v="service"/>
  </way>
  <way id="743168833" version="1" timestamp="2019-11-08T01:54:42Z" changeset="76783291" uid="9202927" user="Araucaria_araucana">
    <nd ref="6956357392"/>
    <nd ref="6956357388"/>
    <tag k="highway" v="service"/>
  </way>
  <way id="743168834" version="2" timestamp="2024-04-30T08:28:09Z" changeset="150695154" uid="9945354" user="salma_z">
    <nd ref="6956357387"/>
    <nd ref="6956357391"/>
    <nd ref="11868455225"/>
    <nd ref="11868455228"/>
    <nd ref="6956357390"/>
    <nd ref="6956357389"/>
    <tag k="highway" v="service"/>
  </way>
  <way id="743168835" version="2" timestamp="2024-04-30T08:28:09Z" changeset="150695154" uid="9945354" user="salma_z">
    <nd ref="6956357391"/>
    <nd ref="11868455229"/>
    <nd ref="11868455231"/>
    <nd ref="6956357394"/>
    <nd ref="11868455230"/>
    <nd ref="6956357393"/>
    <tag k="highway" v="service"/>
  </way>
  <way id="743168836" version="2" timestamp="2024-04-30T08:28:09Z" changeset="150695154" uid="9945354" user="salma_z">
    <nd ref="6956357396"/>
    <nd ref="6956357392"/>
    <nd ref="6956357395"/>
    <nd ref="11868455222"/>
    <nd ref="11868455223"/>
    <nd ref="11868455224"/>
    <nd ref="898160708"/>
    <tag k="highway" v="service"/>
  </way>
  <way id="743168837" version="3" timestamp="2025-05-07T08:00:46Z" changeset="165925537" uid="15567198" user="Merna_mahmoud">
    <nd ref="6956357425"/>
    <nd ref="11843502349"/>
    <nd ref="11843502347"/>
    <nd ref="12816362378"/>
    <nd ref="11843502351"/>
    <nd ref="6956357403"/>
    <nd ref="898162727"/>
    <nd ref="6956357402"/>
    <nd ref="6956357401"/>
    <nd ref="6956357400"/>
    <nd ref="6956357399"/>
    <nd ref="6956357398"/>
    <nd ref="6956357397"/>
    <tag k="highway" v="footway"/>
  </way>
  <way id="743168838" version="3" timestamp="2024-04-24T09:49:27Z" changeset="150435765" uid="9945354" user="salma_z">
    <nd ref="11843502329"/>
    <nd ref="11837326658"/>
    <nd ref="6956357403"/>
    <tag k="highway" v="footway"/>
  </way>
  <way id="743168839" version="2" timestamp="2024-04-24T09:49:27Z" changeset="150435765" uid="9945354" user="salma_z">
    <nd ref="11843502313"/>
    <nd ref="6956357408"/>
    <nd ref="11843502312"/>
    <nd ref="6956357407"/>
    <nd ref="11843502321"/>
    <nd ref="11843502320"/>
    <nd ref="11843502319"/>
    <nd ref="6956357406"/>
    <nd ref="6956357405"/>
    <tag k="highway" v="service"/>
  </way>
  <way id="743168842" version="2" timestamp="2020-10-08T08:17:20Z" changeset="92157125" uid="11821890" user="BENICHI">
    <nd ref="898159855"/>
    <nd ref="6755710859"/>
    <tag k="highway" v="residential"/>
    <tag k="lanes" v="1"/>
    <tag k="maxspeed" v="60"/>
    <tag k="name" v="Rue Al Ayachi"/>
    <tag k="surface" v="asphalt"/>
  </way>
  <way id="744788037" version="4" timestamp="2024-04-30T12:36:31Z" changeset="150705906" uid="9945354" user="salma_z">
    <nd ref="898159861"/>
    <nd ref="11866440921"/>
    <nd ref="11868970603"/>
    <nd ref="11866440922"/>
    <nd ref="6970499538"/>
    <tag k="highway" v="footway"/>
  </way>
  <way id="789273401" version="3" timestamp="2024-04-30T08:28:09Z" changeset="150695154" uid="9945354" user="salma_z">
    <nd ref="4499267989"/>
    <nd ref="7379866972"/>
    <nd ref="7379866973"/>
    <nd ref="11868465045"/>
    <nd ref="7379866975"/>
    <nd ref="7379866977"/>
    <nd ref="7379866979"/>
    <nd ref="7379866980"/>
    <nd ref="7379866981"/>
    <nd ref="7379866982"/>
    <nd ref="7379866983"/>
    <nd ref="4499267989"/>
    <tag k="amenity" v="hospital"/>
    <tag k="emergency" v="no"/>
    <tag k="healthcare" v="hospital"/>
    <tag k="healthcare:speciality" v="Rhumatologie_-_Médecine_physique_et_réadaptation"/>
    <tag k="name" v="مستشفي العياشي"/>
    <tag k="name:ar" v="مستشفي العياشي"/>
    <tag k="name:en" v="Hopital AL AYACHI"/>
    <tag k="operator" v="CHU Ibn Sina"/>
  </way>
  <way id="964359347" version="5" timestamp="2024-04-24T09:49:27Z" changeset="150435765" uid="9945354" user="salma_z">
    <nd ref="8920117350"/>
    <nd ref="8920117358"/>
    <nd ref="8920117359"/>
    <nd ref="8920117356"/>
    <nd ref="8920117355"/>
    <nd ref="8920117353"/>
    <nd ref="8920117354"/>
    <nd ref="8920117360"/>
    <nd ref="8920117357"/>
    <nd ref="8920117361"/>
    <nd ref="8920117351"/>
    <nd ref="11843502486"/>
    <nd ref="2618153814"/>
    <nd ref="2618153813"/>
    <nd ref="2618153812"/>
    <nd ref="8996037202"/>
    <nd ref="8996037204"/>
    <nd ref="8920117352"/>
    <nd ref="11843502377"/>
    <nd ref="11843502378"/>
    <nd ref="11843502373"/>
    <nd ref="11843502374"/>
    <nd ref="11843502369"/>
    <nd ref="11843502370"/>
    <nd ref="11843502365"/>
    <nd ref="11843502366"/>
    <nd ref="11843502355"/>
    <nd ref="11843502356"/>
    <nd ref="11843502357"/>
    <nd ref="11843502358"/>
    <nd ref="11843502361"/>
    <nd ref="11843502362"/>
    <nd ref="8920117350"/>
    <tag k="amenity" v="parking"/>
    <tag k="capacity" v="40"/>
    <tag k="parking" v="surface"/>
  </way>
  <way id="965793098" version="2" timestamp="2021-07-26T17:04:01Z" changeset="108637649" uid="13744183" user="joulahcen">
    <nd ref="8934561963"/>
    <nd ref="8934561964"/>
    <nd ref="8934561965"/>
    <nd ref="8934561966"/>
    <nd ref="8934561963"/>
    <tag k="access" v="yes"/>
    <tag k="amenity" v="parking"/>
    <tag k="capacity" v="35"/>
    <tag k="parking" v="lane"/>
  </way>
  <way id="965793099" version="3" timestamp="2024-04-24T09:49:27Z" changeset="150435765" uid="9945354" user="salma_z">
    <nd ref="8934561967"/>
    <nd ref="8934561968"/>
    <nd ref="8934561969"/>
    <nd ref="8934561970"/>
    <nd ref="8934561967"/>
    <tag k="access" v="yes"/>
    <tag k="amenity" v="parking"/>
    <tag k="capacity" v="50"/>
    <tag k="parking" v="lane"/>
  </way>
  <way id="967621570" version="1" timestamp="2021-07-26T17:04:01Z" changeset="108637649" uid="13744183" user="joulahcen">
    <nd ref="8951862077"/>
    <nd ref="8951862078"/>
    <nd ref="8951862079"/>
    <nd ref="8951862080"/>
    <nd ref="8951862081"/>
    <nd ref="8951862082"/>
    <nd ref="8951862077"/>
    <tag k="amenity" v="parking"/>
    <tag k="capacity" v="22"/>
    <tag k="parking" v="surface"/>
  </way>
  <way id="970767770" version="2" timestamp="2021-08-06T03:13:26Z" changeset="109229396" uid="13744382" user="imel15">
    <nd ref="8984503319"/>
    <nd ref="8984503318"/>
    <nd ref="8984503317"/>
    <nd ref="8984508042"/>
    <nd ref="8984508043"/>
    <nd ref="8984508045"/>
    <nd ref="8984508044"/>
    <nd ref="8984490816"/>
    <nd ref="8984490815"/>
    <nd ref="8984490814"/>
    <nd ref="8984503319"/>
    <tag k="building" v="apartments"/>
    <tag k="building:levels" v="4"/>
  </way>
  <way id="970767771" version="1" timestamp="2021-08-06T02:06:28Z" changeset="109228289" uid="13744382" user="imel15">
    <nd ref="8984503333"/>
    <nd ref="8984503332"/>
    <nd ref="8984503331"/>
    <nd ref="8984503330"/>
    <nd ref="8984503329"/>
    <nd ref="8984503328"/>
    <nd ref="8984503327"/>
    <nd ref="8984503326"/>
    <nd ref="8984503325"/>
    <nd ref="8984503324"/>
    <nd ref="8984503323"/>
    <nd ref="8984503322"/>
    <nd ref="8984503321"/>
    <nd ref="8984503320"/>
    <nd ref="8984503333"/>
    <tag k="building" v="apartments"/>
    <tag k="building:levels" v="4"/>
  </way>
  <way id="970767772" version="1" timestamp="2021-08-06T02:06:28Z" changeset="109228289" uid="13744382" user="imel15">
    <nd ref="8984503336"/>
    <nd ref="8984503335"/>
    <nd ref="8984503334"/>
    <nd ref="8984503337"/>
    <nd ref="8984503336"/>
    <tag k="building" v="apartments"/>
    <tag k="building:levels" v="3"/>
  </way>
  <way id="970767773" version="1" timestamp="2021-08-06T02:06:28Z" changeset="109228289" uid="13744382" user="imel15">
    <nd ref="8984503343"/>
    <nd ref="8984503338"/>
    <nd ref="8984503336"/>
    <nd ref="8984503337"/>
    <nd ref="8984503339"/>
    <nd ref="8984503343"/>
    <tag k="building" v="apartments"/>
    <tag k="building:levels" v="3"/>
  </way>
  <way id="970767774" version="1" timestamp="2021-08-06T02:06:28Z" changeset="109228289" uid="13744382" user="imel15">
    <nd ref="8984503343"/>
    <nd ref="8984503342"/>
    <nd ref="8984503340"/>
    <nd ref="8984503339"/>
    <nd ref="8984503343"/>
    <tag k="building" v="apartments"/>
    <tag k="building:levels" v="3"/>
  </way>
  <way id="970776554" version="2" timestamp="2021-08-06T02:52:24Z" changeset="109229064" uid="13744382" user="imel15">
    <nd ref="8984511547"/>
    <nd ref="8984511546"/>
    <nd ref="8984511545"/>
    <nd ref="8984511544"/>
    <nd ref="8984511543"/>
    <nd ref="8984511542"/>
    <nd ref="8984511541"/>
    <nd ref="8984532390"/>
    <nd ref="8984511540"/>
    <nd ref="8984511539"/>
    <nd ref="8984511538"/>
    <nd ref="8984511537"/>
    <nd ref="8984511536"/>
    <nd ref="8984511547"/>
    <tag k="building" v="apartments"/>
    <tag k="building:levels" v="4"/>
  </way>
  <way id="970905702" version="1" timestamp="2021-08-06T13:25:26Z" changeset="109263113" uid="13744382" user="imel15">
    <nd ref="8985838649"/>
    <nd ref="8985838648"/>
    <nd ref="8985838647"/>
    <nd ref="8985838646"/>
    <nd ref="8985838645"/>
    <nd ref="8985838644"/>
    <nd ref="8985838643"/>
    <nd ref="8985838642"/>
    <nd ref="8985838649"/>
    <tag k="building" v="apartments"/>
    <tag k="building:levels" v="4"/>
  </way>
  <way id="970905704" version="1" timestamp="2021-08-06T13:25:26Z" changeset="109263113" uid="13744382" user="imel15">
    <nd ref="8985838662"/>
    <nd ref="8985838661"/>
    <nd ref="6568149594"/>
    <nd ref="8985838660"/>
    <nd ref="8985838659"/>
    <nd ref="8985838658"/>
    <nd ref="8985838662"/>
    <tag k="building" v="apartments"/>
    <tag k="building:levels" v="4"/>
  </way>
  <way id="970909699" version="2" timestamp="2023-08-24T09:44:00Z" changeset="140313272" uid="18370762" user="Sofie2016">
    <nd ref="8985858216"/>
    <nd ref="11140752478"/>
    <nd ref="11140752479"/>
    <nd ref="8985858213"/>
    <nd ref="8985858212"/>
    <nd ref="8985858211"/>
    <nd ref="8985858216"/>
    <tag k="building" v="apartments"/>
    <tag k="building:levels" v="4"/>
  </way>
  <way id="970909700" version="2" timestamp="2023-08-24T09:44:00Z" changeset="140313272" uid="18370762" user="Sofie2016">
    <nd ref="8985864122"/>
    <nd ref="8985864121"/>
    <nd ref="11140752480"/>
    <nd ref="8985864120"/>
    <nd ref="8985864119"/>
    <nd ref="8985864118"/>
    <nd ref="8985864117"/>
    <nd ref="8985864122"/>
    <tag k="building" v="apartments"/>
    <tag k="building:levels" v="4"/>
  </way>
  <way id="970909702" version="1" timestamp="2021-08-06T13:38:14Z" changeset="109263719" uid="13744382" user="imel15">
    <nd ref="8985864139"/>
    <nd ref="8985864134"/>
    <nd ref="8985864133"/>
    <nd ref="8985864132"/>
    <nd ref="8985864131"/>
    <nd ref="8985864130"/>
    <nd ref="8985864129"/>
    <nd ref="8985864138"/>
    <nd ref="8985864139"/>
    <tag k="building" v="apartments"/>
    <tag k="building:levels" v="4"/>
  </way>
  <way id="970909703" version="1" timestamp="2021-08-06T13:38:14Z" changeset="109263719" uid="13744382" user="imel15">
    <nd ref="8985864139"/>
    <nd ref="8985864138"/>
    <nd ref="6568143862"/>
    <nd ref="8985864137"/>
    <nd ref="8985864136"/>
    <nd ref="8985864135"/>
    <nd ref="8985864139"/>
    <tag k="building" v="apartments"/>
    <tag k="building:levels" v="4"/>
  </way>
  <way id="970920962" version="1" timestamp="2021-08-06T14:34:31Z" changeset="109266557" uid="13744382" user="imel15">
    <nd ref="8985953166"/>
    <nd ref="8985953165"/>
    <nd ref="6568149610"/>
    <nd ref="8985953164"/>
    <nd ref="8985953163"/>
    <nd ref="8985953162"/>
    <nd ref="8985953166"/>
    <tag k="building" v="apartments"/>
    <tag k="building:levels" v="4"/>
  </way>
  <way id="971481049" version="1" timestamp="2021-08-09T00:15:34Z" changeset="109368349" uid="13744382" user="imel15">
    <nd ref="8991479882"/>
    <nd ref="8991479880"/>
    <nd ref="8991479879"/>
    <nd ref="8991479883"/>
    <nd ref="8991479882"/>
    <tag k="building" v="yes"/>
  </way>
  <way id="971481050" version="1" timestamp="2021-08-09T00:15:34Z" changeset="109368349" uid="13744382" user="imel15">
    <nd ref="8991479884"/>
    <nd ref="8991479883"/>
    <nd ref="8991479882"/>
    <nd ref="8991479881"/>
    <nd ref="8991479884"/>
    <tag k="building" v="yes"/>
  </way>
  <way id="971481051" version="1" timestamp="2021-08-09T00:15:34Z" changeset="109368349" uid="13744382" user="imel15">
    <nd ref="8991479888"/>
    <nd ref="8991479887"/>
    <nd ref="8991479886"/>
    <nd ref="8991479885"/>
    <nd ref="8991479888"/>
    <tag k="building" v="yes"/>
  </way>
  <way id="971481057" version="1" timestamp="2021-08-09T00:15:34Z" changeset="109368349" uid="13744382" user="imel15">
    <nd ref="8991479908"/>
    <nd ref="8991479909"/>
    <nd ref="8991479907"/>
    <nd ref="8991479906"/>
    <nd ref="8991479908"/>
    <tag k="building" v="yes"/>
  </way>
  <way id="971481059" version="1" timestamp="2021-08-09T00:15:34Z" changeset="109368349" uid="13744382" user="imel15">
    <nd ref="8991479915"/>
    <nd ref="8991479914"/>
    <nd ref="8991479913"/>
    <nd ref="8991479912"/>
    <nd ref="8991479915"/>
    <tag k="building" v="yes"/>
  </way>
  <way id="971481060" version="1" timestamp="2021-08-09T00:15:34Z" changeset="109368349" uid="13744382" user="imel15">
    <nd ref="8991509421"/>
    <nd ref="8991509420"/>
    <nd ref="8991509419"/>
    <nd ref="8991509418"/>
    <nd ref="8991509417"/>
    <nd ref="8991479916"/>
    <nd ref="8991509421"/>
    <tag k="building" v="yes"/>
  </way>
  <way id="971481062" version="1" timestamp="2021-08-09T00:15:34Z" changeset="109368349" uid="13744382" user="imel15">
    <nd ref="8991509430"/>
    <nd ref="8991509426"/>
    <nd ref="8991509429"/>
    <nd ref="8991509430"/>
    <tag k="building" v="yes"/>
  </way>
  <way id="971481063" version="1" timestamp="2021-08-09T00:15:34Z" changeset="109368349" uid="13744382" user="imel15">
    <nd ref="8991509430"/>
    <nd ref="8991509429"/>
    <nd ref="8991509428"/>
    <nd ref="8991509427"/>
    <nd ref="8991509430"/>
    <tag k="building" v="yes"/>
  </way>
  <way id="971481064" version="1" timestamp="2021-08-09T00:15:34Z" changeset="109368349" uid="13744382" user="imel15">
    <nd ref="8991509435"/>
    <nd ref="8991509434"/>
    <nd ref="8991509433"/>
    <nd ref="8991509432"/>
    <nd ref="8991509431"/>
    <nd ref="8991509435"/>
    <tag k="building" v="yes"/>
  </way>
  <way id="971481065" version="1" timestamp="2021-08-09T00:15:34Z" changeset="109368349" uid="13744382" user="imel15">
    <nd ref="8991509443"/>
    <nd ref="8991509442"/>
    <nd ref="8991509441"/>
    <nd ref="8991509440"/>
    <nd ref="8991509439"/>
    <nd ref="8991509438"/>
    <nd ref="8991509437"/>
    <nd ref="8991509436"/>
    <nd ref="8991509443"/>
    <tag k="building" v="yes"/>
  </way>
  <way id="971481066" version="1" timestamp="2021-08-09T00:15:34Z" changeset="109368349" uid="13744382" user="imel15">
    <nd ref="8991509447"/>
    <nd ref="8991509446"/>
    <nd ref="8991509445"/>
    <nd ref="8991509444"/>
    <nd ref="8991509447"/>
    <tag k="building" v="yes"/>
  </way>
  <way id="971481067" version="2" timestamp="2023-05-17T21:10:17Z" changeset="136229283" uid="454932" user="Cyrille37">
    <nd ref="8991509451"/>
    <nd ref="8991509450"/>
    <nd ref="8991509449"/>
    <nd ref="4499274711"/>
    <nd ref="8991509451"/>
    <tag k="building" v="yes"/>
  </way>
  <way id="971481068" version="2" timestamp="2021-08-10T04:19:09Z" changeset="109436082" uid="13196817" user="Giza_Up">
    <nd ref="8991509459"/>
    <nd ref="8994740110"/>
    <nd ref="8994740109"/>
    <nd ref="8991509458"/>
    <nd ref="8991509457"/>
    <nd ref="8991509456"/>
    <nd ref="8991509455"/>
    <nd ref="8991509454"/>
    <nd ref="8991509453"/>
    <nd ref="8991509452"/>
    <nd ref="8991509459"/>
    <tag k="building" v="yes"/>
  </way>
  <way id="971481069" version="1" timestamp="2021-08-09T00:15:34Z" changeset="109368349" uid="13744382" user="imel15">
    <nd ref="8991509466"/>
    <nd ref="8991509464"/>
    <nd ref="8991509463"/>
    <nd ref="8991509462"/>
    <nd ref="8991509461"/>
    <nd ref="8991509460"/>
    <nd ref="8991509465"/>
    <nd ref="8991509466"/>
    <tag k="building" v="yes"/>
  </way>
  <way id="971481070" version="2" timestamp="2021-08-10T04:21:34Z" changeset="109436173" uid="13196817" user="Giza_Up">
    <nd ref="8991509469"/>
    <nd ref="8994749374"/>
    <nd ref="8994749375"/>
    <nd ref="8991509468"/>
    <nd ref="8991509469"/>
    <tag k="building" v="yes"/>
  </way>
  <way id="971481071" version="3" timestamp="2024-04-30T08:28:09Z" changeset="150695154" uid="9945354" user="salma_z">
    <nd ref="8991509470"/>
    <nd ref="8991509469"/>
    <nd ref="8991509468"/>
    <nd ref="8994749376"/>
    <nd ref="4499274713"/>
    <nd ref="8991509470"/>
    <tag k="building" v="yes"/>
  </way>
  <way id="971481072" version="1" timestamp="2021-08-09T00:15:34Z" changeset="109368349" uid="13744382" user="imel15">
    <nd ref="8991509478"/>
    <nd ref="8991509477"/>
    <nd ref="8991509476"/>
    <nd ref="8991509475"/>
    <nd ref="8991509474"/>
    <nd ref="8991509473"/>
    <nd ref="8991509472"/>
    <nd ref="8991509471"/>
    <nd ref="8991509478"/>
    <tag k="building" v="yes"/>
  </way>
  <way id="971481073" version="1" timestamp="2021-08-09T00:15:34Z" changeset="109368349" uid="13744382" user="imel15">
    <nd ref="8991509486"/>
    <nd ref="8991509485"/>
    <nd ref="8991509484"/>
    <nd ref="8991509483"/>
    <nd ref="8991509482"/>
    <nd ref="8991509481"/>
    <nd ref="8991509480"/>
    <nd ref="8991509479"/>
    <nd ref="8991509486"/>
    <tag k="building" v="yes"/>
  </way>
  <way id="971481074" version="1" timestamp="2021-08-09T00:15:34Z" changeset="109368349" uid="13744382" user="imel15">
    <nd ref="8991509491"/>
    <nd ref="8991509490"/>
    <nd ref="8991509489"/>
    <nd ref="8991509488"/>
    <nd ref="8991509487"/>
    <nd ref="8991509491"/>
    <tag k="building" v="yes"/>
  </way>
  <way id="971481075" version="1" timestamp="2021-08-09T00:15:34Z" changeset="109368349" uid="13744382" user="imel15">
    <nd ref="8991509495"/>
    <nd ref="8991509494"/>
    <nd ref="8991509493"/>
    <nd ref="8991509492"/>
    <nd ref="8991509495"/>
    <tag k="building" v="yes"/>
  </way>
  <way id="971481076" version="1" timestamp="2021-08-09T00:15:34Z" changeset="109368349" uid="13744382" user="imel15">
    <nd ref="8991509501"/>
    <nd ref="8991509500"/>
    <nd ref="8991509499"/>
    <nd ref="8991509498"/>
    <nd ref="8991509497"/>
    <nd ref="8991509496"/>
    <nd ref="8991509501"/>
    <tag k="building" v="yes"/>
  </way>
  <way id="971481077" version="1" timestamp="2021-08-09T00:15:34Z" changeset="109368349" uid="13744382" user="imel15">
    <nd ref="8991509507"/>
    <nd ref="8991509506"/>
    <nd ref="8991509505"/>
    <nd ref="8991509504"/>
    <nd ref="8991509503"/>
    <nd ref="8991509502"/>
    <nd ref="8991509501"/>
    <nd ref="8991509507"/>
    <tag k="building" v="yes"/>
  </way>
  <way id="971481078" version="1" timestamp="2021-08-09T00:15:34Z" changeset="109368349" uid="13744382" user="imel15">
    <nd ref="8991509512"/>
    <nd ref="8991509511"/>
    <nd ref="8991509510"/>
    <nd ref="8991509509"/>
    <nd ref="8991509508"/>
    <nd ref="8991509512"/>
    <tag k="building" v="yes"/>
  </way>
  <way id="971481079" version="1" timestamp="2021-08-09T00:15:34Z" changeset="109368349" uid="13744382" user="imel15">
    <nd ref="8991509520"/>
    <nd ref="8991509516"/>
    <nd ref="8991509515"/>
    <nd ref="8991509514"/>
    <nd ref="8991509513"/>
    <nd ref="8991509519"/>
    <nd ref="8991509520"/>
    <tag k="building" v="yes"/>
  </way>
  <way id="971481080" version="1" timestamp="2021-08-09T00:15:34Z" changeset="109368349" uid="13744382" user="imel15">
    <nd ref="8991509520"/>
    <nd ref="8991509519"/>
    <nd ref="8991509518"/>
    <nd ref="8991509517"/>
    <nd ref="8991509520"/>
    <tag k="building" v="yes"/>
  </way>
  <way id="971481081" version="1" timestamp="2021-08-09T00:15:34Z" changeset="109368349" uid="13744382" user="imel15">
    <nd ref="8991509526"/>
    <nd ref="8991509525"/>
    <nd ref="8991509524"/>
    <nd ref="8991509523"/>
    <nd ref="8991509522"/>
    <nd ref="8991509521"/>
    <nd ref="8991509526"/>
    <tag k="building" v="yes"/>
  </way>
  <way id="971481082" version="1" timestamp="2021-08-09T00:15:34Z" changeset="109368349" uid="13744382" user="imel15">
    <nd ref="8991509536"/>
    <nd ref="8991509535"/>
    <nd ref="8991509534"/>
    <nd ref="8991509533"/>
    <nd ref="8991509532"/>
    <nd ref="8991509531"/>
    <nd ref="8991509530"/>
    <nd ref="8991509529"/>
    <nd ref="8991509528"/>
    <nd ref="8991509527"/>
    <nd ref="8991509536"/>
    <tag k="building" v="yes"/>
  </way>
  <way id="971481083" version="1" timestamp="2021-08-09T00:15:34Z" changeset="109368349" uid="13744382" user="imel15">
    <nd ref="8991509540"/>
    <nd ref="8991509539"/>
    <nd ref="8991509538"/>
    <nd ref="8991509537"/>
    <nd ref="8991509540"/>
    <tag k="building" v="yes"/>
  </way>
  <way id="971481084" version="1" timestamp="2021-08-09T00:15:34Z" changeset="109368349" uid="13744382" user="imel15">
    <nd ref="8991509546"/>
    <nd ref="8991509545"/>
    <nd ref="8991509544"/>
    <nd ref="8991509543"/>
    <nd ref="8991509542"/>
    <nd ref="8991509541"/>
    <nd ref="8991509546"/>
    <tag k="building" v="yes"/>
  </way>
  <way id="971481085" version="1" timestamp="2021-08-09T00:15:34Z" changeset="109368349" uid="13744382" user="imel15">
    <nd ref="8991509569"/>
    <nd ref="8991509549"/>
    <nd ref="8991509548"/>
    <nd ref="8991509547"/>
    <nd ref="8991509569"/>
    <tag k="building" v="yes"/>
  </way>
  <way id="971481086" version="1" timestamp="2021-08-09T00:15:34Z" changeset="109368349" uid="13744382" user="imel15">
    <nd ref="8991509557"/>
    <nd ref="8991509556"/>
    <nd ref="8991509555"/>
    <nd ref="8991509554"/>
    <nd ref="8991509553"/>
    <nd ref="8991509552"/>
    <nd ref="8991509551"/>
    <nd ref="8991509550"/>
    <nd ref="8991509557"/>
    <tag k="building" v="yes"/>
  </way>
  <way id="971481087" version="1" timestamp="2021-08-09T00:15:34Z" changeset="109368349" uid="13744382" user="imel15">
    <nd ref="8991509561"/>
    <nd ref="8991509560"/>
    <nd ref="8991509559"/>
    <nd ref="8991509558"/>
    <nd ref="8991509561"/>
    <tag k="building" v="yes"/>
  </way>
  <way id="971481088" version="1" timestamp="2021-08-09T00:15:34Z" changeset="109368349" uid="13744382" user="imel15">
    <nd ref="8991509567"/>
    <nd ref="8991509563"/>
    <nd ref="8991509562"/>
    <nd ref="8991509566"/>
    <nd ref="8991509567"/>
    <tag k="building" v="yes"/>
  </way>
  <way id="971481089" version="1" timestamp="2021-08-09T00:15:34Z" changeset="109368349" uid="13744382" user="imel15">
    <nd ref="8991509567"/>
    <nd ref="8991509566"/>
    <nd ref="8991509565"/>
    <nd ref="8991509564"/>
    <nd ref="8991509567"/>
    <tag k="building" v="yes"/>
  </way>
  <way id="971481090" version="1" timestamp="2021-08-09T00:15:34Z" changeset="109368349" uid="13744382" user="imel15">
    <nd ref="8991509571"/>
    <nd ref="8991509570"/>
    <nd ref="8991509569"/>
    <nd ref="8991509568"/>
    <nd ref="8991509571"/>
    <tag k="building" v="yes"/>
  </way>
  <way id="971481091" version="1" timestamp="2021-08-09T00:15:34Z" changeset="109368349" uid="13744382" user="imel15">
    <nd ref="8991509575"/>
    <nd ref="8991509574"/>
    <nd ref="8991509573"/>
    <nd ref="8991509572"/>
    <nd ref="8991509575"/>
    <tag k="building" v="yes"/>
  </way>
  <way id="971481092" version="1" timestamp="2021-08-09T00:15:34Z" changeset="109368349" uid="13744382" user="imel15">
    <nd ref="8991509583"/>
    <nd ref="8991509582"/>
    <nd ref="8991509581"/>
    <nd ref="8991509580"/>
    <nd ref="8991509579"/>
    <nd ref="8991509578"/>
    <nd ref="8991509577"/>
    <nd ref="8991509576"/>
    <nd ref="8991509583"/>
    <tag k="building" v="yes"/>
  </way>
  <way id="971481093" version="1" timestamp="2021-08-09T00:15:34Z" changeset="109368349" uid="13744382" user="imel15">
    <nd ref="8991509587"/>
    <nd ref="8991509586"/>
    <nd ref="8991509585"/>
    <nd ref="8991509584"/>
    <nd ref="8991509587"/>
    <tag k="building" v="yes"/>
  </way>
  <way id="971481094" version="1" timestamp="2021-08-09T00:15:34Z" changeset="109368349" uid="13744382" user="imel15">
    <nd ref="8991509595"/>
    <nd ref="8991509594"/>
    <nd ref="8991509593"/>
    <nd ref="8991509592"/>
    <nd ref="8991509591"/>
    <nd ref="8991509590"/>
    <nd ref="8991509589"/>
    <nd ref="8991509588"/>
    <nd ref="8991509595"/>
    <tag k="building" v="yes"/>
  </way>
  <way id="971481095" version="1" timestamp="2021-08-09T00:15:34Z" changeset="109368349" uid="13744382" user="imel15">
    <nd ref="8991509599"/>
    <nd ref="8991509598"/>
    <nd ref="8991509597"/>
    <nd ref="8991509596"/>
    <nd ref="8991509599"/>
    <tag k="building" v="yes"/>
  </way>
  <way id="971481096" version="1" timestamp="2021-08-09T00:15:34Z" changeset="109368349" uid="13744382" user="imel15">
    <nd ref="8991509603"/>
    <nd ref="8991509602"/>
    <nd ref="8991509601"/>
    <nd ref="8991509600"/>
    <nd ref="8991509603"/>
    <tag k="building" v="yes"/>
  </way>
  <way id="971481098" version="1" timestamp="2021-08-09T00:15:34Z" changeset="109368349" uid="13744382" user="imel15">
    <nd ref="8991509613"/>
    <nd ref="8991509612"/>
    <nd ref="8991509611"/>
    <nd ref="8991509610"/>
    <nd ref="8991509609"/>
    <nd ref="8991509608"/>
    <nd ref="8991509613"/>
    <tag k="building" v="yes"/>
  </way>
  <way id="971481099" version="2" timestamp="2023-08-24T09:46:50Z" changeset="140313423" uid="18370762" user="Sofie2016">
    <nd ref="8991509624"/>
    <nd ref="8991509623"/>
    <nd ref="8991509622"/>
    <nd ref="8991509621"/>
    <nd ref="8991509620"/>
    <nd ref="8991509619"/>
    <nd ref="8991509618"/>
    <nd ref="8991509617"/>
    <nd ref="8991509616"/>
    <nd ref="11140750391"/>
    <nd ref="8991509615"/>
    <nd ref="8991509614"/>
    <nd ref="8991509624"/>
    <tag k="building" v="yes"/>
  </way>
  <way id="971481100" version="2" timestamp="2023-08-24T09:46:50Z" changeset="140313423" uid="18370762" user="Sofie2016">
    <nd ref="8991509630"/>
    <nd ref="8991509629"/>
    <nd ref="11140750393"/>
    <nd ref="11140750392"/>
    <nd ref="8991509628"/>
    <nd ref="11140750390"/>
    <nd ref="8991509627"/>
    <nd ref="8991509626"/>
    <nd ref="8991509625"/>
    <nd ref="8991509630"/>
    <tag k="building" v="yes"/>
  </way>
  <way id="971481101" version="1" timestamp="2021-08-09T00:15:34Z" changeset="109368349" uid="13744382" user="imel15">
    <nd ref="8991509638"/>
    <nd ref="8991509637"/>
    <nd ref="8991509636"/>
    <nd ref="8991509635"/>
    <nd ref="8991509634"/>
    <nd ref="8991509633"/>
    <nd ref="8991509632"/>
    <nd ref="8991509631"/>
    <nd ref="8991509638"/>
    <tag k="building" v="yes"/>
  </way>
  <way id="971481102" version="1" timestamp="2021-08-09T00:15:34Z" changeset="109368349" uid="13744382" user="imel15">
    <nd ref="8991509644"/>
    <nd ref="8991509643"/>
    <nd ref="8991509642"/>
    <nd ref="8991509641"/>
    <nd ref="8991509640"/>
    <nd ref="8991509639"/>
    <nd ref="8991509644"/>
    <tag k="building" v="apartments"/>
    <tag k="building:levels" v="3"/>
  </way>
  <way id="971481104" version="1" timestamp="2021-08-09T00:15:34Z" changeset="109368349" uid="13744382" user="imel15">
    <nd ref="8991509651"/>
    <nd ref="8991509648"/>
    <nd ref="8991509647"/>
    <nd ref="8991509650"/>
    <nd ref="8991509651"/>
    <tag k="building" v="apartments"/>
    <tag k="building:levels" v="3"/>
  </way>
  <way id="971481105" version="1" timestamp="2021-08-09T00:15:34Z" changeset="109368349" uid="13744382" user="imel15">
    <nd ref="8991509652"/>
    <nd ref="8991509651"/>
    <nd ref="8991509650"/>
    <nd ref="8991509649"/>
    <nd ref="8991509652"/>
    <tag k="building" v="apartments"/>
    <tag k="building:levels" v="3"/>
  </way>
  <way id="971976432" version="1" timestamp="2021-08-10T12:53:30Z" changeset="109464408" uid="13744183" user="joulahcen">
    <nd ref="8996037182"/>
    <nd ref="8996037183"/>
    <nd ref="8996037184"/>
    <nd ref="8996037185"/>
    <nd ref="8996037182"/>
    <tag k="amenity" v="parking"/>
    <tag k="capacity" v="23"/>
    <tag k="parking" v="lane"/>
  </way>
  <way id="971976433" version="3" timestamp="2024-04-24T09:49:27Z" changeset="150435765" uid="9945354" user="salma_z">
    <nd ref="8996037191"/>
    <nd ref="8996037186"/>
    <nd ref="8996037187"/>
    <nd ref="8996037192"/>
    <nd ref="8996037191"/>
    <tag k="amenity" v="parking"/>
  </way>
  <way id="971976434" version="1" timestamp="2021-08-10T12:53:30Z" changeset="109464408" uid="13744183" user="joulahcen">
    <nd ref="8996037193"/>
    <nd ref="8996037194"/>
    <nd ref="8996037195"/>
    <nd ref="8996037196"/>
    <nd ref="8996037193"/>
    <tag k="amenity" v="parking"/>
    <tag k="capacity" v="8"/>
    <tag k="parking" v="surface"/>
  </way>
  <way id="971976435" version="1" timestamp="2021-08-10T12:53:30Z" changeset="109464408" uid="13744183" user="joulahcen">
    <nd ref="8996037197"/>
    <nd ref="8996037198"/>
    <nd ref="8996037199"/>
    <nd ref="8996037200"/>
    <nd ref="8996037197"/>
    <tag k="amenity" v="parking"/>
    <tag k="capacity" v="10"/>
    <tag k="parking" v="lane"/>
  </way>
  <way id="975494934" version="1" timestamp="2021-08-22T22:39:18Z" changeset="110081205" uid="13744382" user="imel15">
    <nd ref="8991509596"/>
    <nd ref="9027189011"/>
    <nd ref="9027189010"/>
    <nd ref="8991509597"/>
    <nd ref="8991509596"/>
    <tag k="building" v="yes"/>
  </way>
  <way id="975494935" version="2" timestamp="2021-08-25T15:24:25Z" changeset="110239559" uid="1497225" user="kartonage">
    <nd ref="9027189014"/>
    <nd ref="9035414998"/>
    <nd ref="9027189013"/>
    <nd ref="9027189012"/>
    <nd ref="8991509642"/>
    <nd ref="8991509641"/>
    <nd ref="9027189015"/>
    <nd ref="9027189014"/>
    <tag k="building" v="yes"/>
  </way>
  <way id="975494936" version="2" timestamp="2021-08-25T15:24:25Z" changeset="110239559" uid="1497225" user="kartonage">
    <nd ref="8984503335"/>
    <nd ref="9027189014"/>
    <nd ref="9027189015"/>
    <nd ref="8984503334"/>
    <nd ref="8984503335"/>
    <tag k="building" v="yes"/>
  </way>
  <way id="975494937" version="1" timestamp="2021-08-22T22:39:18Z" changeset="110081205" uid="13744382" user="imel15">
    <nd ref="9027201020"/>
    <nd ref="9027201019"/>
    <nd ref="9027201018"/>
    <nd ref="9027201017"/>
    <nd ref="9027201020"/>
    <tag k="building" v="yes"/>
  </way>
  <way id="975494938" version="1" timestamp="2021-08-22T22:39:18Z" changeset="110081205" uid="13744382" user="imel15">
    <nd ref="9027201024"/>
    <nd ref="9027201023"/>
    <nd ref="9027201022"/>
    <nd ref="9027201021"/>
    <nd ref="9027201024"/>
    <tag k="building" v="yes"/>
  </way>
  <way id="975494939" version="1" timestamp="2021-08-22T22:39:18Z" changeset="110081205" uid="13744382" user="imel15">
    <nd ref="9027201037"/>
    <nd ref="9027201031"/>
    <nd ref="9027201026"/>
    <nd ref="9027201025"/>
    <nd ref="9027201037"/>
    <tag k="building" v="yes"/>
  </way>
  <way id="975494940" version="1" timestamp="2021-08-22T22:39:18Z" changeset="110081205" uid="13744382" user="imel15">
    <nd ref="9027201030"/>
    <nd ref="9027201028"/>
    <nd ref="9027201027"/>
    <nd ref="9027201029"/>
    <nd ref="9027201030"/>
    <tag k="building" v="yes"/>
  </way>
  <way id="975494941" version="1" timestamp="2021-08-22T22:39:18Z" changeset="110081205" uid="13744382" user="imel15">
    <nd ref="9027201032"/>
    <nd ref="9027201031"/>
    <nd ref="9027201030"/>
    <nd ref="9027201029"/>
    <nd ref="9027201032"/>
    <tag k="building" v="yes"/>
  </way>
  <way id="975494942" version="2" timestamp="2025-02-21T08:50:50Z" changeset="162770144" uid="1122708" user="zaizone">
    <nd ref="9027201036"/>
    <nd ref="9027201035"/>
    <nd ref="9027201034"/>
    <nd ref="9027201033"/>
    <nd ref="9027201036"/>
    <tag k="building" v="yes"/>
    <tag k="name" v="Ancienne Église"/>
  </way>
  <way id="975494943" version="1" timestamp="2021-08-22T22:39:18Z" changeset="110081205" uid="13744382" user="imel15">
    <nd ref="4499255639"/>
    <nd ref="9027201038"/>
    <nd ref="9027201037"/>
    <nd ref="4499255638"/>
    <nd ref="4499255639"/>
    <tag k="building" v="yes"/>
  </way>
  <way id="975494944" version="1" timestamp="2021-08-22T22:39:18Z" changeset="110081205" uid="13744382" user="imel15">
    <nd ref="9027201045"/>
    <nd ref="9027201044"/>
    <nd ref="9027201043"/>
    <nd ref="9027201042"/>
    <nd ref="9027201041"/>
    <nd ref="9027201040"/>
    <nd ref="9027201066"/>
    <nd ref="9027201045"/>
    <tag k="building" v="yes"/>
  </way>
  <way id="975494945" version="1" timestamp="2021-08-22T22:39:18Z" changeset="110081205" uid="13744382" user="imel15">
    <nd ref="9027201049"/>
    <nd ref="9027201048"/>
    <nd ref="9027201047"/>
    <nd ref="9027201046"/>
    <nd ref="9027201049"/>
    <tag k="building" v="yes"/>
  </way>
  <way id="975494946" version="1" timestamp="2021-08-22T22:39:18Z" changeset="110081205" uid="13744382" user="imel15">
    <nd ref="8991509613"/>
    <nd ref="9027201051"/>
    <nd ref="9027201050"/>
    <nd ref="8991509608"/>
    <nd ref="8991509613"/>
    <tag k="building" v="yes"/>
  </way>
  <way id="975494947" version="1" timestamp="2021-08-22T22:39:18Z" changeset="110081205" uid="13744382" user="imel15">
    <nd ref="9027201055"/>
    <nd ref="9027201054"/>
    <nd ref="9027201053"/>
    <nd ref="9027201052"/>
    <nd ref="9027201055"/>
    <tag k="building" v="yes"/>
  </way>
  <way id="975494948" version="1" timestamp="2021-08-22T22:39:18Z" changeset="110081205" uid="13744382" user="imel15">
    <nd ref="9027201059"/>
    <nd ref="9027201058"/>
    <nd ref="9027201057"/>
    <nd ref="9027201056"/>
    <nd ref="9027201059"/>
    <tag k="building" v="yes"/>
  </way>
  <way id="975494949" version="1" timestamp="2021-08-22T22:39:18Z" changeset="110081205" uid="13744382" user="imel15">
    <nd ref="9027201065"/>
    <nd ref="9027201064"/>
    <nd ref="9027201063"/>
    <nd ref="9027201062"/>
    <nd ref="9027201061"/>
    <nd ref="9027201060"/>
    <nd ref="9027201065"/>
    <tag k="building" v="yes"/>
  </way>
  <way id="975494950" version="1" timestamp="2021-08-22T22:39:18Z" changeset="110081205" uid="13744382" user="imel15">
    <nd ref="9027201090"/>
    <nd ref="9027201067"/>
    <nd ref="9027201066"/>
    <nd ref="9027201086"/>
    <nd ref="9027201090"/>
    <tag k="building" v="yes"/>
  </way>
  <way id="975494951" version="1" timestamp="2021-08-22T22:39:18Z" changeset="110081205" uid="13744382" user="imel15">
    <nd ref="9027201073"/>
    <nd ref="9027201071"/>
    <nd ref="9027201070"/>
    <nd ref="9027201069"/>
    <nd ref="9027201068"/>
    <nd ref="9027201074"/>
    <nd ref="9027201073"/>
    <tag k="building" v="yes"/>
  </way>
  <way id="975494952" version="1" timestamp="2021-08-22T22:39:18Z" changeset="110081205" uid="13744382" user="imel15">
    <nd ref="9027201079"/>
    <nd ref="9027201078"/>
    <nd ref="9027201077"/>
    <nd ref="9027201076"/>
    <nd ref="9027201075"/>
    <nd ref="9027201074"/>
    <nd ref="9027201073"/>
    <nd ref="9027201079"/>
    <tag k="building" v="yes"/>
  </way>
  <way id="975494953" version="1" timestamp="2021-08-22T22:39:18Z" changeset="110081205" uid="13744382" user="imel15">
    <nd ref="9027201083"/>
    <nd ref="9027201082"/>
    <nd ref="9027201081"/>
    <nd ref="9027201080"/>
    <nd ref="9027201083"/>
    <tag k="building" v="yes"/>
  </way>
  <way id="975494954" version="1" timestamp="2021-08-22T22:39:18Z" changeset="110081205" uid="13744382" user="imel15">
    <nd ref="9027201085"/>
    <nd ref="9027201084"/>
    <nd ref="9027201089"/>
    <nd ref="9027201090"/>
    <nd ref="9027201085"/>
    <tag k="building" v="yes"/>
  </way>
  <way id="975494955" version="1" timestamp="2021-08-22T22:39:18Z" changeset="110081205" uid="13744382" user="imel15">
    <nd ref="9027201090"/>
    <nd ref="9027201089"/>
    <nd ref="9027201088"/>
    <nd ref="9027201087"/>
    <nd ref="9027201086"/>
    <nd ref="9027201090"/>
    <tag k="building" v="yes"/>
  </way>
  <way id="975494956" version="2" timestamp="2023-08-24T09:45:41Z" changeset="140313362" uid="18370762" user="Sofie2016">
    <nd ref="11140759262"/>
    <nd ref="11140759265"/>
    <nd ref="11140759264"/>
    <nd ref="11140759263"/>
    <nd ref="9027201092"/>
    <nd ref="9027201091"/>
    <nd ref="11140759260"/>
    <nd ref="11140759262"/>
    <tag k="building" v="yes"/>
  </way>
  <way id="1100961731" version="9" timestamp="2026-04-08T07:10:46Z" changeset="181033250" uid="15567285" user="Aya Samir">
    <nd ref="11724006538"/>
    <nd ref="13715563050"/>
    <nd ref="11837326657"/>
    <nd ref="11841355768"/>
    <nd ref="6932281067"/>
    <nd ref="11841355757"/>
    <nd ref="2833713992"/>
    <nd ref="2972378200"/>
    <nd ref="2186272298"/>
    <nd ref="2186272212"/>
    <nd ref="11837326651"/>
    <nd ref="11837326650"/>
    <nd ref="2186272242"/>
    <tag k="foot" v="no"/>
    <tag k="highway" v="secondary"/>
    <tag k="lanes" v="2"/>
    <tag k="name" v="Avenue Fes شارع فاس"/>
    <tag k="name:ar" v="Avenue Fes شارع فاس"/>
    <tag k="name:fr" v="Avenue Fes"/>
    <tag k="oneway" v="yes"/>
    <tag k="sidewalk" v="right"/>
    <tag k="surface" v="asphalt"/>
  </way>
  <way id="1102721662" version="1" timestamp="2022-10-10T22:05:18Z" changeset="127325462" uid="6556551" user="TWHB">
    <nd ref="2618153881"/>
    <nd ref="2618153886"/>
    <nd ref="10090635482"/>
    <nd ref="10090635481"/>
    <nd ref="2618153881"/>
    <tag k="building" v="yes"/>
    <tag k="man_made" v="tower"/>
    <tag k="tower:type" v="defensive"/>
  </way>
  <way id="1102721663" version="1" timestamp="2022-10-10T22:05:18Z" changeset="127325462" uid="6556551" user="TWHB">
    <nd ref="2618153872"/>
    <nd ref="2618153875"/>
    <nd ref="10090635484"/>
    <nd ref="10090635483"/>
    <nd ref="2618153872"/>
    <tag k="building" v="yes"/>
    <tag k="man_made" v="tower"/>
    <tag k="tower:type" v="defensive"/>
  </way>
  <way id="1105934252" version="1" timestamp="2022-10-22T00:22:27Z" changeset="127906037" uid="578772" user="alain2003">
    <nd ref="10119997236"/>
    <nd ref="10119997237"/>
    <nd ref="10119997238"/>
    <nd ref="10119997239"/>
    <nd ref="10119997236"/>
    <tag k="building" v="yes"/>
    <tag k="source" v="microsoft/BuildingFootprints"/>
  </way>
  <way id="1105934253" version="1" timestamp="2022-10-22T00:22:27Z" changeset="127906037" uid="578772" user="alain2003">
    <nd ref="10119997240"/>
    <nd ref="10119997241"/>
    <nd ref="10119997242"/>
    <nd ref="10119997243"/>
    <nd ref="10119997244"/>
    <nd ref="10119997245"/>
    <nd ref="10119997246"/>
    <nd ref="10119997247"/>
    <nd ref="10119997240"/>
    <tag k="building" v="yes"/>
    <tag k="source" v="microsoft/BuildingFootprints"/>
  </way>
  <way id="1105934254" version="1" timestamp="2022-10-22T00:22:27Z" changeset="127906037" uid="578772" user="alain2003">
    <nd ref="10119997248"/>
    <nd ref="10119997249"/>
    <nd ref="10119997250"/>
    <nd ref="10119997251"/>
    <nd ref="10119997248"/>
    <tag k="building" v="yes"/>
    <tag k="source" v="microsoft/BuildingFootprints"/>
  </way>
  <way id="1105934255" version="1" timestamp="2022-10-22T00:22:27Z" changeset="127906037" uid="578772" user="alain2003">
    <nd ref="10119997252"/>
    <nd ref="10119997253"/>
    <nd ref="10119997254"/>
    <nd ref="10119997255"/>
    <nd ref="10119997256"/>
    <nd ref="10119997257"/>
    <nd ref="10119997252"/>
    <tag k="building" v="yes"/>
    <tag k="source" v="microsoft/BuildingFootprints"/>
  </way>
  <way id="1105934256" version="1" timestamp="2022-10-22T00:22:27Z" changeset="127906037" uid="578772" user="alain2003">
    <nd ref="10119997258"/>
    <nd ref="10119997259"/>
    <nd ref="10119997260"/>
    <nd ref="10119997261"/>
    <nd ref="10119997262"/>
    <nd ref="10119997263"/>
    <nd ref="10119997258"/>
    <tag k="building" v="yes"/>
    <tag k="source" v="microsoft/BuildingFootprints"/>
  </way>
  <way id="1105934257" version="1" timestamp="2022-10-22T00:22:27Z" changeset="127906037" uid="578772" user="alain2003">
    <nd ref="10119997264"/>
    <nd ref="10119997265"/>
    <nd ref="10119997266"/>
    <nd ref="10119997267"/>
    <nd ref="10119997264"/>
    <tag k="building" v="yes"/>
    <tag k="source" v="microsoft/BuildingFootprints"/>
  </way>
  <way id="1105934258" version="1" timestamp="2022-10-22T00:22:27Z" changeset="127906037" uid="578772" user="alain2003">
    <nd ref="10119997268"/>
    <nd ref="10119997269"/>
    <nd ref="10119997270"/>
    <nd ref="10119997271"/>
    <nd ref="10119997272"/>
    <nd ref="10119997273"/>
    <nd ref="10119997274"/>
    <nd ref="10119997275"/>
    <nd ref="10119997268"/>
    <tag k="building" v="yes"/>
    <tag k="source" v="microsoft/BuildingFootprints"/>
  </way>
  <way id="1105934259" version="1" timestamp="2022-10-22T00:22:27Z" changeset="127906037" uid="578772" user="alain2003">
    <nd ref="10119997276"/>
    <nd ref="10119997277"/>
    <nd ref="10119997278"/>
    <nd ref="10119997279"/>
    <nd ref="10119997280"/>
    <nd ref="10119997281"/>
    <nd ref="10119997282"/>
    <nd ref="10119997283"/>
    <nd ref="10119997276"/>
    <tag k="building" v="yes"/>
    <tag k="source" v="microsoft/BuildingFootprints"/>
  </way>
  <way id="1105934264" version="1" timestamp="2022-10-22T00:22:27Z" changeset="127906037" uid="578772" user="alain2003">
    <nd ref="10119997306"/>
    <nd ref="10119997307"/>
    <nd ref="10119997308"/>
    <nd ref="10119997309"/>
    <nd ref="10119997310"/>
    <nd ref="10119997311"/>
    <nd ref="10119997306"/>
    <tag k="building" v="yes"/>
    <tag k="source" v="microsoft/BuildingFootprints"/>
  </way>
  <way id="1105934267" version="2" timestamp="2024-04-30T08:28:09Z" changeset="150695154" uid="9945354" user="salma_z">
    <nd ref="10119997330"/>
    <nd ref="10119997331"/>
    <nd ref="11868465026"/>
    <nd ref="11868465025"/>
    <nd ref="11868465018"/>
    <nd ref="11868465017"/>
    <nd ref="11868465024"/>
    <nd ref="11868465019"/>
    <nd ref="10119997332"/>
    <nd ref="10119997334"/>
    <nd ref="10119997335"/>
    <nd ref="10119997336"/>
    <nd ref="10119997337"/>
    <nd ref="10119997338"/>
    <nd ref="10119997339"/>
    <nd ref="10119997340"/>
    <nd ref="10119997341"/>
    <nd ref="10119997342"/>
    <nd ref="10119997343"/>
    <nd ref="10119997344"/>
    <nd ref="11868455247"/>
    <nd ref="11868465022"/>
    <nd ref="11868465021"/>
    <nd ref="11868465020"/>
    <nd ref="11868465023"/>
    <nd ref="10119997345"/>
    <nd ref="10119997330"/>
    <tag k="building" v="yes"/>
    <tag k="source" v="microsoft/BuildingFootprints"/>
  </way>
  <way id="1173788340" version="2" timestamp="2024-04-24T13:49:17Z" changeset="150448847" uid="9945354" user="salma_z">
    <nd ref="6755928161"/>
    <nd ref="11844496043"/>
    <nd ref="10906051670"/>
    <tag k="highway" v="footway"/>
  </way>
  <way id="1173788341" version="2" timestamp="2024-04-24T13:49:17Z" changeset="150448847" uid="9945354" user="salma_z">
    <nd ref="11844496054"/>
    <nd ref="11844496036"/>
    <nd ref="11844496052"/>
    <nd ref="11844496055"/>
    <nd ref="11844496042"/>
    <nd ref="11844496041"/>
    <nd ref="11844496035"/>
    <nd ref="11844496040"/>
    <nd ref="11844496039"/>
    <nd ref="11844496038"/>
    <nd ref="11844496037"/>
    <nd ref="10906051670"/>
    <nd ref="10906051669"/>
    <nd ref="10906051668"/>
    <nd ref="10906051667"/>
    <nd ref="10906051666"/>
    <nd ref="10906051665"/>
    <nd ref="10906051664"/>
    <tag k="highway" v="footway"/>
  </way>
  <way id="1222189763" version="4" timestamp="2024-04-29T14:07:26Z" changeset="150665557" uid="9945354" user="salma_z">
    <nd ref="6771636304"/>
    <nd ref="6771636309"/>
    <nd ref="11843502186"/>
    <tag k="highway" v="footway"/>
  </way>
  <way id="1223328883" version="4" timestamp="2025-06-02T13:56:48Z" changeset="167093729" uid="18031098" user="Mohamed_Taha">
    <nd ref="6755710859"/>
    <nd ref="11843497909"/>
    <nd ref="11843497910"/>
    <nd ref="11843497899"/>
    <nd ref="11843497912"/>
    <nd ref="11843497911"/>
    <nd ref="11347362325"/>
    <nd ref="6771636309"/>
    <nd ref="11866440923"/>
    <nd ref="11866440914"/>
    <nd ref="11866440927"/>
    <tag k="highway" v="footway"/>
  </way>
  <way id="1274879995" version="5" timestamp="2025-05-08T13:16:04Z" changeset="165983219" uid="15567198" user="Merna_mahmoud">
    <nd ref="12816362378"/>
    <nd ref="11837326645"/>
    <nd ref="11837326633"/>
    <nd ref="11843502567"/>
    <tag k="footway" v="crossing"/>
    <tag k="highway" v="footway"/>
  </way>
  <way id="1274880007" version="2" timestamp="2024-04-24T09:49:27Z" changeset="150435765" uid="9945354" user="salma_z">
    <nd ref="11837326711"/>
    <nd ref="11837326710"/>
    <nd ref="11837326709"/>
    <nd ref="11837326706"/>
    <nd ref="11843502570"/>
    <nd ref="11837326707"/>
    <tag k="highway" v="service"/>
  </way>
  <way id="1274880010" version="1" timestamp="2024-04-22T11:46:57Z" changeset="150342706" uid="9945354" user="salma_z">
    <nd ref="11837326733"/>
    <nd ref="11837326732"/>
    <nd ref="11837326728"/>
    <nd ref="11837326731"/>
    <nd ref="11837326730"/>
    <nd ref="11837326729"/>
    <tag k="highway" v="service"/>
  </way>
  <way id="1274880011" version="2" timestamp="2024-04-29T07:56:35Z" changeset="150649594" uid="9945354" user="salma_z">
    <nd ref="11865608623"/>
    <nd ref="11865608622"/>
    <nd ref="11865608624"/>
    <nd ref="11837326746"/>
    <nd ref="11837326745"/>
    <nd ref="11837326734"/>
    <nd ref="11837326735"/>
    <nd ref="11837326736"/>
    <nd ref="11837326744"/>
    <nd ref="11837326737"/>
    <nd ref="11837326739"/>
    <nd ref="11837326738"/>
    <nd ref="11837326743"/>
    <nd ref="11837326740"/>
    <nd ref="11837326742"/>
    <nd ref="11837326741"/>
    <tag k="highway" v="footway"/>
  </way>
  <way id="1274919352" version="2" timestamp="2024-04-24T09:49:27Z" changeset="150435765" uid="9945354" user="salma_z">
    <nd ref="11837610714"/>
    <nd ref="11837610711"/>
    <nd ref="11837610710"/>
    <nd ref="11837610713"/>
    <nd ref="11837610709"/>
    <nd ref="11837610708"/>
    <nd ref="11837610712"/>
    <nd ref="11837610705"/>
    <nd ref="11837610702"/>
    <nd ref="11837610701"/>
    <nd ref="11837610704"/>
    <nd ref="11837610700"/>
    <nd ref="11837610699"/>
    <nd ref="11837610703"/>
    <nd ref="11837610714"/>
    <tag k="landuse" v="grass"/>
  </way>
  <way id="1274919353" version="1" timestamp="2024-04-22T13:57:50Z" changeset="150348679" uid="9945354" user="salma_z">
    <nd ref="11837610727"/>
    <nd ref="11837610724"/>
    <nd ref="11837610723"/>
    <nd ref="11837610726"/>
    <nd ref="11837610722"/>
    <nd ref="11837610721"/>
    <nd ref="11837610725"/>
    <nd ref="11837610720"/>
    <nd ref="11837610717"/>
    <nd ref="11837610719"/>
    <nd ref="11837610716"/>
    <nd ref="11837610715"/>
    <nd ref="11837610718"/>
    <nd ref="11837610727"/>
    <tag k="landuse" v="grass"/>
  </way>
  <way id="1274919354" version="3" timestamp="2025-05-07T08:00:46Z" changeset="165925537" uid="15567198" user="Merna_mahmoud">
    <nd ref="12816362391"/>
    <nd ref="11837610736"/>
    <nd ref="11837610733"/>
    <nd ref="11837610735"/>
    <nd ref="11837610732"/>
    <nd ref="11837610731"/>
    <nd ref="11837610730"/>
    <nd ref="11837610734"/>
    <nd ref="11837610729"/>
    <nd ref="12816362393"/>
    <nd ref="12816362391"/>
    <tag k="landuse" v="grass"/>
  </way>
  <way id="1274919356" version="1" timestamp="2024-04-22T13:57:50Z" changeset="150348679" uid="9945354" user="salma_z">
    <nd ref="11837610752"/>
    <nd ref="11837610751"/>
    <nd ref="11837610750"/>
    <nd ref="11837610749"/>
    <nd ref="11837610752"/>
    <tag k="landuse" v="grass"/>
  </way>
  <way id="1275283539" version="1" timestamp="2024-04-23T13:08:57Z" changeset="150395139" uid="9945354" user="salma_z">
    <nd ref="11841355795"/>
    <nd ref="11841355841"/>
    <tag k="highway" v="service"/>
  </way>
  <way id="1275283547" version="1" timestamp="2024-04-23T13:08:57Z" changeset="150395139" uid="9945354" user="salma_z">
    <nd ref="11841355893"/>
    <nd ref="11841355892"/>
    <nd ref="11841355891"/>
    <nd ref="11841355890"/>
    <nd ref="11841355889"/>
    <nd ref="11841355888"/>
    <nd ref="11841355887"/>
    <nd ref="11841355893"/>
    <tag k="leisure" v="garden"/>
  </way>
  <way id="1275539480" version="1" timestamp="2024-04-24T09:49:26Z" changeset="150435765" uid="9945354" user="salma_z">
    <nd ref="11843497900"/>
    <nd ref="11843497899"/>
    <tag k="highway" v="footway"/>
  </way>
  <way id="1275539481" version="1" timestamp="2024-04-24T09:49:26Z" changeset="150435765" uid="9945354" user="salma_z">
    <nd ref="11843497904"/>
    <nd ref="11843497903"/>
    <nd ref="11843497902"/>
    <nd ref="11843497901"/>
    <nd ref="11843497904"/>
    <tag k="leisure" v="garden"/>
  </way>
  <way id="1275539482" version="1" timestamp="2024-04-24T09:49:26Z" changeset="150435765" uid="9945354" user="salma_z">
    <nd ref="11843497908"/>
    <nd ref="11843497907"/>
    <nd ref="11843497906"/>
    <nd ref="11843497905"/>
    <nd ref="11843497908"/>
    <tag k="leisure" v="garden"/>
  </way>
  <way id="1275539497" version="1" timestamp="2024-04-24T09:49:26Z" changeset="150435765" uid="9945354" user="salma_z">
    <nd ref="11843502248"/>
    <nd ref="11843502247"/>
    <nd ref="11843502246"/>
    <nd ref="11843502245"/>
    <nd ref="11843502248"/>
    <tag k="leisure" v="garden"/>
  </way>
  <way id="1275539498" version="1" timestamp="2024-04-24T09:49:26Z" changeset="150435765" uid="9945354" user="salma_z">
    <nd ref="11843502252"/>
    <nd ref="11843502251"/>
    <nd ref="11843502250"/>
    <nd ref="11843502249"/>
    <nd ref="11843502252"/>
    <tag k="leisure" v="garden"/>
  </way>
  <way id="1275539499" version="1" timestamp="2024-04-24T09:49:26Z" changeset="150435765" uid="9945354" user="salma_z">
    <nd ref="11843502256"/>
    <nd ref="11843502255"/>
    <nd ref="11843502254"/>
    <nd ref="11843502253"/>
    <nd ref="11843502256"/>
    <tag k="leisure" v="garden"/>
  </way>
  <way id="1275539500" version="1" timestamp="2024-04-24T09:49:26Z" changeset="150435765" uid="9945354" user="salma_z">
    <nd ref="11843502259"/>
    <nd ref="8996037186"/>
    <nd ref="8996037187"/>
    <nd ref="11843502258"/>
    <nd ref="11843502257"/>
    <nd ref="11843502259"/>
    <tag k="landuse" v="grass"/>
  </way>
  <way id="1275539501" version="1" timestamp="2024-04-24T09:49:26Z" changeset="150435765" uid="9945354" user="salma_z">
    <nd ref="11843502263"/>
    <nd ref="11843502262"/>
    <nd ref="11843502261"/>
    <nd ref="11843502260"/>
    <nd ref="11843502263"/>
    <tag k="landuse" v="grass"/>
  </way>
  <way id="1275539502" version="1" timestamp="2024-04-24T09:49:26Z" changeset="150435765" uid="9945354" user="salma_z">
    <nd ref="11843502267"/>
    <nd ref="11843502266"/>
    <nd ref="11843502265"/>
    <nd ref="11843502264"/>
    <nd ref="11843502267"/>
    <tag k="landuse" v="grass"/>
  </way>
  <way id="1275539503" version="1" timestamp="2024-04-24T09:49:26Z" changeset="150435765" uid="9945354" user="salma_z">
    <nd ref="11843502271"/>
    <nd ref="11843502270"/>
    <nd ref="11843502269"/>
    <nd ref="11843502268"/>
    <nd ref="11843502271"/>
    <tag k="landuse" v="grass"/>
  </way>
  <way id="1275539504" version="1" timestamp="2024-04-24T09:49:26Z" changeset="150435765" uid="9945354" user="salma_z">
    <nd ref="11843502275"/>
    <nd ref="11843502274"/>
    <nd ref="11843502273"/>
    <nd ref="11843502272"/>
    <nd ref="11843502275"/>
    <tag k="landuse" v="grass"/>
  </way>
  <way id="1275539506" version="1" timestamp="2024-04-24T09:49:26Z" changeset="150435765" uid="9945354" user="salma_z">
    <nd ref="11843502285"/>
    <nd ref="11843502284"/>
    <tag k="highway" v="footway"/>
  </way>
  <way id="1275539507" version="1" timestamp="2024-04-24T09:49:26Z" changeset="150435765" uid="9945354" user="salma_z">
    <nd ref="11843502287"/>
    <nd ref="11843502283"/>
    <nd ref="11843502286"/>
    <tag k="highway" v="footway"/>
  </way>
  <way id="1275539508" version="1" timestamp="2024-04-24T09:49:26Z" changeset="150435765" uid="9945354" user="salma_z">
    <nd ref="11843502289"/>
    <nd ref="11843502282"/>
    <nd ref="11843502288"/>
    <tag k="highway" v="footway"/>
  </way>
  <way id="1275539510" version="2" timestamp="2025-06-06T06:03:52Z" changeset="167250757" uid="22435148" user="SevierLake">
    <nd ref="11843502292"/>
    <nd ref="11843502291"/>
    <nd ref="11843502285"/>
    <nd ref="11843502283"/>
    <nd ref="11843502282"/>
    <nd ref="11843502290"/>
    <tag k="highway" v="footway"/>
  </way>
  <way id="1275539511" version="1" timestamp="2024-04-24T09:49:27Z" changeset="150435765" uid="9945354" user="salma_z">
    <nd ref="11843502311"/>
    <nd ref="11843502310"/>
    <nd ref="11843502307"/>
    <nd ref="11843502309"/>
    <nd ref="11843502306"/>
    <nd ref="11843502308"/>
    <nd ref="11843502305"/>
    <nd ref="11843502304"/>
    <nd ref="11843502302"/>
    <nd ref="11843502303"/>
    <nd ref="11843502311"/>
    <tag k="leisure" v="garden"/>
  </way>
  <way id="1275539512" version="1" timestamp="2024-04-24T09:49:27Z" changeset="150435765" uid="9945354" user="salma_z">
    <nd ref="11843502314"/>
    <nd ref="11843502313"/>
    <tag k="covered" v="yes"/>
    <tag k="highway" v="service"/>
  </way>
  <way id="1275539513" version="1" timestamp="2024-04-24T09:49:27Z" changeset="150435765" uid="9945354" user="salma_z">
    <nd ref="6956357415"/>
    <nd ref="6956357414"/>
    <nd ref="6956357413"/>
    <nd ref="6956357412"/>
    <nd ref="6956357411"/>
    <nd ref="11843502314"/>
    <tag k="highway" v="service"/>
  </way>
  <way id="1275539514" version="1" timestamp="2024-04-24T09:49:27Z" changeset="150435765" uid="9945354" user="salma_z">
    <nd ref="11843502318"/>
    <nd ref="11843502313"/>
    <nd ref="11843502317"/>
    <nd ref="11843502316"/>
    <nd ref="11843502314"/>
    <nd ref="11843502315"/>
    <nd ref="11843502318"/>
    <tag k="building" v="yes"/>
  </way>
  <way id="1275539515" version="1" timestamp="2024-04-24T09:49:27Z" changeset="150435765" uid="9945354" user="salma_z">
    <nd ref="11843502325"/>
    <nd ref="11843502324"/>
    <nd ref="11843502323"/>
    <nd ref="11843502322"/>
    <nd ref="11843502325"/>
    <tag k="landuse" v="grass"/>
  </way>
  <way id="1275539516" version="1" timestamp="2024-04-24T09:49:27Z" changeset="150435765" uid="9945354" user="salma_z">
    <nd ref="11843502328"/>
    <nd ref="11843502327"/>
    <nd ref="11843502326"/>
    <nd ref="11843502328"/>
    <tag k="leisure" v="garden"/>
  </way>
  <way id="1275539517" version="1" timestamp="2024-04-24T09:49:27Z" changeset="150435765" uid="9945354" user="salma_z">
    <nd ref="11843502333"/>
    <nd ref="11843502332"/>
    <nd ref="11843502331"/>
    <nd ref="11843502330"/>
    <nd ref="11843502333"/>
    <tag k="leisure" v="garden"/>
  </way>
  <way id="1275539518" version="1" timestamp="2024-04-24T09:49:27Z" changeset="150435765" uid="9945354" user="salma_z">
    <nd ref="11843502337"/>
    <nd ref="11843502336"/>
    <nd ref="11843502335"/>
    <nd ref="11843502334"/>
    <nd ref="11843502337"/>
    <tag k="leisure" v="garden"/>
  </way>
  <way id="1275539519" version="1" timestamp="2024-04-24T09:49:27Z" changeset="150435765" uid="9945354" user="salma_z">
    <nd ref="11843502341"/>
    <nd ref="11843502340"/>
    <nd ref="11843502339"/>
    <nd ref="11843502338"/>
    <nd ref="11843502341"/>
    <tag k="leisure" v="garden"/>
  </way>
  <way id="1275539520" version="1" timestamp="2024-04-24T09:49:27Z" changeset="150435765" uid="9945354" user="salma_z">
    <nd ref="11843502345"/>
    <nd ref="11843502344"/>
    <nd ref="11843502343"/>
    <nd ref="11843502342"/>
    <nd ref="11843502345"/>
    <tag k="leisure" v="garden"/>
  </way>
  <way id="1275539521" version="1" timestamp="2024-04-24T09:49:27Z" changeset="150435765" uid="9945354" user="salma_z">
    <nd ref="11843502348"/>
    <nd ref="11843502347"/>
    <tag k="highway" v="footway"/>
  </way>
  <way id="1275539522" version="2" timestamp="2024-04-29T07:56:35Z" changeset="150649594" uid="9945354" user="salma_z">
    <nd ref="11843502350"/>
    <nd ref="11843502349"/>
    <nd ref="11865608626"/>
    <tag k="highway" v="footway"/>
  </way>
  <way id="1275539523" version="1" timestamp="2024-04-24T09:49:27Z" changeset="150435765" uid="9945354" user="salma_z">
    <nd ref="11843502359"/>
    <nd ref="11843502358"/>
    <nd ref="11843502357"/>
    <nd ref="11843502356"/>
    <nd ref="11843502355"/>
    <nd ref="11843502354"/>
    <nd ref="11843502359"/>
    <tag k="leisure" v="garden"/>
  </way>
  <way id="1275539524" version="1" timestamp="2024-04-24T09:49:27Z" changeset="150435765" uid="9945354" user="salma_z">
    <nd ref="11843502363"/>
    <nd ref="11843502362"/>
    <nd ref="11843502361"/>
    <nd ref="11843502360"/>
    <nd ref="11843502363"/>
    <tag k="leisure" v="garden"/>
  </way>
  <way id="1275539531" version="1" timestamp="2024-04-24T09:49:27Z" changeset="150435765" uid="9945354" user="salma_z">
    <nd ref="6755928164"/>
    <nd ref="11843502384"/>
    <tag k="highway" v="footway"/>
  </way>
  <way id="1275539532" version="1" timestamp="2024-04-24T09:49:27Z" changeset="150435765" uid="9945354" user="salma_z">
    <nd ref="6956357422"/>
    <nd ref="11843502405"/>
    <nd ref="9562350071"/>
    <nd ref="11843502380"/>
    <nd ref="11843502353"/>
    <nd ref="11843502382"/>
    <nd ref="11843502384"/>
    <nd ref="11843502404"/>
    <nd ref="11843502385"/>
    <nd ref="11843502390"/>
    <nd ref="11843502387"/>
    <nd ref="11843502386"/>
    <nd ref="11843502389"/>
    <nd ref="11843502388"/>
    <tag k="highway" v="service"/>
  </way>
  <way id="1275539535" version="1" timestamp="2024-04-24T09:49:27Z" changeset="150435765" uid="9945354" user="salma_z">
    <nd ref="6956357425"/>
    <nd ref="11843502352"/>
    <tag k="highway" v="service"/>
  </way>
  <way id="1275539537" version="2" timestamp="2025-06-02T13:52:28Z" changeset="167093544" uid="18031098" user="Mohamed_Taha">
    <nd ref="12880904499"/>
    <nd ref="11843502404"/>
    <tag k="highway" v="service"/>
  </way>
  <way id="1275539553" version="2" timestamp="2024-04-29T07:56:35Z" changeset="150649594" uid="9945354" user="salma_z">
    <nd ref="11843502573"/>
    <nd ref="11843502568"/>
    <nd ref="11843502569"/>
    <nd ref="11843502570"/>
    <nd ref="11865608620"/>
    <nd ref="11843502567"/>
    <nd ref="11843502571"/>
    <nd ref="11843502572"/>
    <nd ref="11837326731"/>
    <nd ref="11837326738"/>
    <tag k="highway" v="footway"/>
  </way>
  <way id="1275539555" version="1" timestamp="2024-04-24T09:49:27Z" changeset="150435765" uid="9945354" user="salma_z">
    <nd ref="11843502580"/>
    <nd ref="11843502579"/>
    <nd ref="11843502578"/>
    <nd ref="11843502580"/>
    <tag k="leisure" v="garden"/>
  </way>
  <way id="1275712803" version="1" timestamp="2024-04-24T13:49:17Z" changeset="150448847" uid="9945354" user="salma_z">
    <nd ref="11844496035"/>
    <nd ref="11844496033"/>
    <nd ref="11844496034"/>
    <tag k="highway" v="footway"/>
  </way>
  <way id="1278072590" version="1" timestamp="2024-04-29T07:56:35Z" changeset="150649594" uid="9945354" user="salma_z">
    <nd ref="11865608620"/>
    <nd ref="2186272332"/>
    <tag k="highway" v="footway"/>
  </way>
  <way id="1278072592" version="1" timestamp="2024-04-29T07:56:35Z" changeset="150649594" uid="9945354" user="salma_z">
    <nd ref="2186272276"/>
    <nd ref="6956357495"/>
    <nd ref="6956357499"/>
    <nd ref="6956357494"/>
    <nd ref="2186272274"/>
    <nd ref="11837326658"/>
    <nd ref="2186272330"/>
    <tag k="highway" v="residential"/>
    <tag k="oneway" v="yes"/>
    <tag k="surface" v="asphalt"/>
  </way>
  <way id="1278192492" version="2" timestamp="2024-04-30T12:36:31Z" changeset="150705906" uid="9945354" user="salma_z">
    <nd ref="11866440927"/>
    <nd ref="11866440918"/>
    <nd ref="11866440921"/>
    <nd ref="11866440920"/>
    <nd ref="11868970602"/>
    <nd ref="11866440919"/>
    <tag k="highway" v="footway"/>
  </way>
  <way id="1278192493" version="1" timestamp="2024-04-29T14:07:26Z" changeset="150665557" uid="9945354" user="salma_z">
    <nd ref="11866440915"/>
    <nd ref="11866440923"/>
    <nd ref="11866440917"/>
    <nd ref="11866440922"/>
    <tag k="highway" v="footway"/>
  </way>
  <way id="1278426686" version="1" timestamp="2024-04-30T08:28:09Z" changeset="150695154" uid="9945354" user="salma_z">
    <nd ref="6956357386"/>
    <nd ref="11868455229"/>
    <tag k="highway" v="service"/>
  </way>
  <way id="1278426694" version="1" timestamp="2024-04-30T08:28:09Z" changeset="150695154" uid="9945354" user="salma_z">
    <nd ref="11868464996"/>
    <nd ref="11868464969"/>
    <nd ref="11868455268"/>
    <nd ref="11868464995"/>
    <nd ref="11868464996"/>
    <tag k="building" v="yes"/>
  </way>
  <way id="1278426698" version="1" timestamp="2024-04-30T08:28:09Z" changeset="150695154" uid="9945354" user="salma_z">
    <nd ref="11868464998"/>
    <nd ref="11868464997"/>
    <nd ref="11868464996"/>
    <nd ref="11868464995"/>
    <nd ref="11868455268"/>
    <nd ref="11868464994"/>
    <nd ref="11868464993"/>
    <nd ref="11868464992"/>
    <nd ref="11868464991"/>
    <nd ref="11868464988"/>
    <nd ref="11868464990"/>
    <nd ref="11868464987"/>
    <nd ref="11868464989"/>
    <nd ref="11868464986"/>
    <nd ref="11868464998"/>
    <tag k="leisure" v="garden"/>
  </way>
  <way id="1278426699" version="1" timestamp="2024-04-30T08:28:09Z" changeset="150695154" uid="9945354" user="salma_z">
    <nd ref="11868465014"/>
    <nd ref="11868464999"/>
    <tag k="highway" v="footway"/>
  </way>
  <way id="1278426703" version="1" timestamp="2024-04-30T08:28:09Z" changeset="150695154" uid="9945354" user="salma_z">
    <nd ref="11868465040"/>
    <nd ref="11868465039"/>
    <nd ref="11868465036"/>
    <nd ref="11868465038"/>
    <nd ref="11868465035"/>
    <nd ref="11868465037"/>
    <nd ref="11868465034"/>
    <tag k="highway" v="service"/>
  </way>
  <way id="1278426704" version="1" timestamp="2024-04-30T08:28:09Z" changeset="150695154" uid="9945354" user="salma_z">
    <nd ref="11868465033"/>
    <nd ref="11868465032"/>
    <tag k="highway" v="service"/>
  </way>
  <way id="1278426705" version="1" timestamp="2024-04-30T08:28:09Z" changeset="150695154" uid="9945354" user="salma_z">
    <nd ref="11868465028"/>
    <nd ref="11868465027"/>
    <nd ref="11868464999"/>
    <nd ref="11868465044"/>
    <nd ref="11868465030"/>
    <nd ref="11868465043"/>
    <nd ref="11868465029"/>
    <nd ref="11868465031"/>
    <nd ref="11868465042"/>
    <nd ref="11868465034"/>
    <nd ref="11868465033"/>
    <nd ref="11868465041"/>
    <tag k="highway" v="service"/>
  </way>
  <way id="1278492186" version="1" timestamp="2024-04-30T12:36:31Z" changeset="150705906" uid="9945354" user="salma_z">
    <nd ref="11868970594"/>
    <nd ref="11868970593"/>
    <nd ref="11868970592"/>
    <nd ref="11868970591"/>
    <nd ref="11868970594"/>
    <tag k="leisure" v="garden"/>
  </way>
  <way id="1278492187" version="1" timestamp="2024-04-30T12:36:31Z" changeset="150705906" uid="9945354" user="salma_z">
    <nd ref="11868970598"/>
    <nd ref="11868970597"/>
    <tag k="highway" v="footway"/>
  </way>
  <way id="1278492188" version="1" timestamp="2024-04-30T12:36:31Z" changeset="150705906" uid="9945354" user="salma_z">
    <nd ref="11868970601"/>
    <nd ref="11868970600"/>
    <nd ref="11868970596"/>
    <nd ref="11868970598"/>
    <nd ref="11868970595"/>
    <nd ref="11868970599"/>
    <nd ref="6956357429"/>
    <tag k="highway" v="footway"/>
  </way>
  <way id="1278890916" version="1" timestamp="2024-05-01T20:28:59Z" changeset="150767944" uid="10778897" user="Hightide10">
    <nd ref="11843502320"/>
    <nd ref="11843502290"/>
    <tag k="highway" v="service"/>
  </way>
  <way id="1278900414" version="3" timestamp="2025-05-08T11:20:44Z" changeset="165977895" uid="15567198" user="Merna_mahmoud">
    <nd ref="11837326763"/>
    <nd ref="11837326764"/>
    <nd ref="11837326765"/>
    <nd ref="11872686894"/>
    <nd ref="12819152069"/>
    <nd ref="12819152068"/>
    <nd ref="12819152067"/>
    <nd ref="12819152074"/>
    <nd ref="11873992790"/>
    <nd ref="11841355724"/>
    <tag k="highway" v="footway"/>
  </way>
  <way id="1356886213" version="1" timestamp="2025-02-05T10:31:05Z" changeset="162159319" uid="208020" user="clwacker">
    <nd ref="12558637010"/>
    <nd ref="12558637011"/>
    <nd ref="12558637012"/>
    <nd ref="12558637013"/>
    <nd ref="12558637010"/>
    <tag k="building" v="yes"/>
    <tag k="historic" v="tomb"/>
    <tag k="name" v="Sidi al Khabbaz"/>
    <tag k="tomb" v="mausoleum"/>
  </way>
  <way id="1356886214" version="1" timestamp="2025-02-05T10:31:05Z" changeset="162159319" uid="208020" user="clwacker">
    <nd ref="12558637014"/>
    <nd ref="12558637015"/>
    <nd ref="12558637016"/>
    <nd ref="12558637017"/>
    <nd ref="12558637014"/>
    <tag k="building" v="yes"/>
    <tag k="historic" v="tomb"/>
    <tag k="name" v="Sidi Bouhâjâ"/>
    <tag k="tomb" v="mausoleum"/>
  </way>
  <way id="1361642082" version="1" timestamp="2025-02-21T08:50:50Z" changeset="162770144" uid="1122708" user="zaizone">
    <nd ref="9027201091"/>
    <nd ref="12606414199"/>
    <nd ref="12606414200"/>
    <nd ref="12606509401"/>
    <nd ref="12606509402"/>
    <nd ref="12606509403"/>
    <nd ref="9027201027"/>
    <tag k="barrier" v="wall"/>
  </way>
  <way id="1384267773" version="1" timestamp="2025-05-07T08:00:46Z" changeset="165925537" uid="15567198" user="Merna_mahmoud">
    <nd ref="12816362390"/>
    <nd ref="12816362392"/>
    <nd ref="11837610744"/>
    <nd ref="11837610741"/>
    <nd ref="11837610743"/>
    <nd ref="11837610740"/>
    <nd ref="11837610739"/>
    <nd ref="11837610738"/>
    <nd ref="11837610742"/>
    <nd ref="12816362390"/>
    <tag k="landuse" v="grass"/>
  </way>
  <way id="1391595651" version="1" timestamp="2025-06-02T13:52:28Z" changeset="167093544" uid="18031098" user="Mohamed_Taha">
    <nd ref="6956357437"/>
    <nd ref="898160757"/>
    <tag k="construction" v="residential"/>
    <tag k="highway" v="construction"/>
  </way>
  <way id="1395515754" version="1" timestamp="2025-06-15T13:40:22Z" changeset="167651871" uid="18031098" user="Mohamed_Taha">
    <nd ref="898155713"/>
    <nd ref="11837306744"/>
    <nd ref="6970499494"/>
    <nd ref="6956357431"/>
    <nd ref="6956357430"/>
    <nd ref="2573980185"/>
    <nd ref="6956357429"/>
    <nd ref="6956357428"/>
    <nd ref="6755710859"/>
    <tag k="highway" v="residential"/>
    <tag k="oneway" v="yes"/>
    <tag k="surface" v="asphalt"/>
  </way>
  <way id="1497352029" version="2" timestamp="2026-04-08T07:10:46Z" changeset="181033250" uid="15567285" user="Aya Samir">
    <nd ref="13715563050"/>
    <nd ref="13713773766"/>
    <nd ref="13713773765"/>
    <nd ref="13713773764"/>
    <nd ref="11724006540"/>
    <tag k="highway" v="secondary_link"/>
    <tag k="oneway" v="yes"/>
  </way>
  <way id="1497595312" version="1" timestamp="2026-04-08T07:10:46Z" changeset="181033250" uid="15567285" user="Aya Samir">
    <nd ref="11724006539"/>
    <nd ref="13715563047"/>
    <nd ref="13715563049"/>
    <nd ref="13715563046"/>
    <nd ref="13715563045"/>
    <nd ref="13715563048"/>
    <tag k="highway" v="secondary_link"/>
    <tag k="oneway" v="yes"/>
  </way>
  <relation id="17537904" version="1" timestamp="2024-04-29T12:23:43Z" changeset="150661027" uid="9945354" user="salma_z">
    <member type="way" ref="256119119" role="inner"/>
    <member type="way" ref="256119121" role="inner"/>
    <member type="way" ref="256119120" role="inner"/>
    <member type="way" ref="256119118" role="inner"/>
    <member type="way" ref="256119106" role="inner"/>
    <member type="way" ref="1275717291" role="inner"/>
    <member type="way" ref="1275712771" role="inner"/>
    <member type="way" ref="1275712773" role="inner"/>
    <member type="way" ref="1275712775" role="inner"/>
    <member type="way" ref="1275712774" role="inner"/>
    <member type="way" ref="1275712772" role="inner"/>
    <member type="way" ref="1275712777" role="inner"/>
    <member type="way" ref="1275712776" role="inner"/>
    <member type="way" ref="1275712770" role="inner"/>
    <member type="way" ref="1275712769" role="inner"/>
    <member type="way" ref="1275717302" role="inner"/>
    <member type="way" ref="1275717301" role="inner"/>
    <member type="way" ref="1275717300" role="inner"/>
    <member type="way" ref="1275717299" role="inner"/>
    <member type="way" ref="1275717298" role="inner"/>
    <member type="way" ref="1275717296" role="inner"/>
    <member type="way" ref="1275717295" role="inner"/>
    <member type="way" ref="1275717294" role="inner"/>
    <member type="way" ref="1275717292" role="inner"/>
    <member type="way" ref="1275717293" role="inner"/>
    <member type="way" ref="1275717297" role="inner"/>
    <member type="way" ref="1275712768" role="inner"/>
    <member type="way" ref="1275712767" role="inner"/>
    <member type="way" ref="220512403" role="outer"/>
    <tag k="highway" v="pedestrian"/>
    <tag k="name" v="Place Bab Lamrissa ساحة باب لمريسة"/>
    <tag k="name:ar" v="ساحة باب لمريسة"/>
    <tag k="name:fr" v="Place Bab Lamrissa"/>
    <tag k="type" v="multipolygon"/>
  </relation>

</osm>
